epochTimestamp,kWh,dateTime
1777239000,0,2026-04-26T21:30:00.000Z
1777240800,0,2026-04-26T22:00:00.000Z
1777242600,0.244,2026-04-26T22:30:00.000Z
1777244400,0.258,2026-04-26T23:00:00.000Z
1777246200,0.196,2026-04-26T23:30:00.000Z
1777248000,0.193,2026-04-27T00:00:00.000Z
1777249800,0.168,2026-04-27T00:30:00.000Z
1777251600,0.190,2026-04-27T01:00:00.000Z
1777253400,0.195,2026-04-27T01:30:00.000Z
1777255200,0.132,2026-04-27T02:00:00.000Z
1777257000,0.175,2026-04-27T02:30:00.000Z
1777258800,0.205,2026-04-27T03:00:00.000Z
1777260600,0.183,2026-04-27T03:30:00.000Z
1777262400,0.187,2026-04-27T04:00:00.000Z
1777264200,0.176,2026-04-27T04:30:00.000Z
1777266000,0.185,2026-04-27T05:00:00.000Z
1777267800,0.274,2026-04-27T05:30:00.000Z
1777269600,0.149,2026-04-27T06:00:00.000Z
1777271400,0.200,2026-04-27T06:30:00.000Z
1777273200,0.220,2026-04-27T07:00:00.000Z
1777275000,0.188,2026-04-27T07:30:00.000Z
1777276800,0.221,2026-04-27T08:00:00.000Z
1777278600,0.185,2026-04-27T08:30:00.000Z
1777280400,0.184,2026-04-27T09:00:00.000Z
1777282200,0.193,2026-04-27T09:30:00.000Z
1777284000,0.160,2026-04-27T10:00:00.000Z
1777285800,0.172,2026-04-27T10:30:00.000Z
1777287600,0.114,2026-04-27T11:00:00.000Z
1777289400,0.144,2026-04-27T11:30:00.000Z
1777291200,0.163,2026-04-27T12:00:00.000Z
1777293000,0.130,2026-04-27T12:30:00.000Z
1777294800,0.228,2026-04-27T13:00:00.000Z
1777296600,0.204,2026-04-27T13:30:00.000Z
1777298400,0.165,2026-04-27T14:00:00.000Z
1777300200,0.119,2026-04-27T14:30:00.000Z
1777302000,1.299,2026-04-27T15:00:00.000Z
1777303800,0.789,2026-04-27T15:30:00.000Z
1777305600,0.542,2026-04-27T16:00:00.000Z
1777307400,0.244,2026-04-27T16:30:00.000Z
1777309200,0.900,2026-04-27T17:00:00.000Z
1777311000,0.685,2026-04-27T17:30:00.000Z
1777312800,0.786,2026-04-27T18:00:00.000Z
1777314600,0.278,2026-04-27T18:30:00.000Z
1777316400,0.341,2026-04-27T19:00:00.000Z
1777318200,0.274,2026-04-27T19:30:00.000Z
1777320000,0.267,2026-04-27T20:00:00.000Z
1777321800,0.451,2026-04-27T20:30:00.000Z
1777323600,0.229,2026-04-27T21:00:00.000Z
1777325400,0.245,2026-04-27T21:30:00.000Z
1777327200,0.269,2026-04-27T22:00:00.000Z
1777329000,0.252,2026-04-27T22:30:00.000Z
1777330800,0.217,2026-04-27T23:00:00.000Z
1777332600,0.231,2026-04-27T23:30:00.000Z
1777334400,0.201,2026-04-28T00:00:00.000Z
1777336200,0.238,2026-04-28T00:30:00.000Z
1777338000,0.225,2026-04-28T01:00:00.000Z
1777339800,0.237,2026-04-28T01:30:00.000Z
1777341600,0.238,2026-04-28T02:00:00.000Z
1777343400,0.171,2026-04-28T02:30:00.000Z
1777345200,0.191,2026-04-28T03:00:00.000Z
1777347000,0.219,2026-04-28T03:30:00.000Z
1777348800,0.212,2026-04-28T04:00:00.000Z
1777350600,0.237,2026-04-28T04:30:00.000Z
1777352400,0.423,2026-04-28T05:00:00.000Z
1777354200,0.208,2026-04-28T05:30:00.000Z
1777356000,0.206,2026-04-28T06:00:00.000Z
1777357800,0.183,2026-04-28T06:30:00.000Z
1777359600,0.240,2026-04-28T07:00:00.000Z
1777361400,0.296,2026-04-28T07:30:00.000Z
1777363200,0.246,2026-04-28T08:00:00.000Z
1777365000,0.212,2026-04-28T08:30:00.000Z
1777366800,0.224,2026-04-28T09:00:00.000Z
1777368600,0.246,2026-04-28T09:30:00.000Z
1777370400,0.484,2026-04-28T10:00:00.000Z
1777372200,0.285,2026-04-28T10:30:00.000Z
1777374000,0.201,2026-04-28T11:00:00.000Z
1777375800,0.145,2026-04-28T11:30:00.000Z
1777377600,0.245,2026-04-28T12:00:00.000Z
1777379400,0.234,2026-04-28T12:30:00.000Z
1777381200,0.220,2026-04-28T13:00:00.000Z
1777383000,0.225,2026-04-28T13:30:00.000Z
1777384800,0.156,2026-04-28T14:00:00.000Z
1777386600,0.190,2026-04-28T14:30:00.000Z
1777388400,1.903,2026-04-28T15:00:00.000Z
1777390200,0.831,2026-04-28T15:30:00.000Z
1777392000,0.339,2026-04-28T16:00:00.000Z
1777393800,0.249,2026-04-28T16:30:00.000Z
1777395600,0.251,2026-04-28T17:00:00.000Z
1777397400,0.311,2026-04-28T17:30:00.000Z
1777399200,0.291,2026-04-28T18:00:00.000Z
1777401000,0.327,2026-04-28T18:30:00.000Z
1777402800,0.235,2026-04-28T19:00:00.000Z
1777404600,0.247,2026-04-28T19:30:00.000Z
1777406400,0.281,2026-04-28T20:00:00.000Z
1777408200,0.306,2026-04-28T20:30:00.000Z
1777410000,0.399,2026-04-28T21:00:00.000Z
1777411800,0.217,2026-04-28T21:30:00.000Z
1777413600,0.223,2026-04-28T22:00:00.000Z
1777415400,0.210,2026-04-28T22:30:00.000Z
1777417200,0.154,2026-04-28T23:00:00.000Z
1777419000,0.192,2026-04-28T23:30:00.000Z
1777420800,0.197,2026-04-29T00:00:00.000Z
1777422600,0.209,2026-04-29T00:30:00.000Z
1777424400,0.181,2026-04-29T01:00:00.000Z
1777426200,0.194,2026-04-29T01:30:00.000Z
1777428000,0.189,2026-04-29T02:00:00.000Z
1777429800,0.190,2026-04-29T02:30:00.000Z
1777431600,0.169,2026-04-29T03:00:00.000Z
1777433400,0.138,2026-04-29T03:30:00.000Z
1777435200,0.186,2026-04-29T04:00:00.000Z
1777437000,0.323,2026-04-29T04:30:00.000Z
1777438800,0.218,2026-04-29T05:00:00.000Z
1777440600,0.737,2026-04-29T05:30:00.000Z
1777442400,0.447,2026-04-29T06:00:00.000Z
1777444200,0.661,2026-04-29T06:30:00.000Z
1777446000,0.244,2026-04-29T07:00:00.000Z
1777447800,0.229,2026-04-29T07:30:00.000Z
1777449600,0.185,2026-04-29T08:00:00.000Z
1777451400,0.215,2026-04-29T08:30:00.000Z
1777453200,0.230,2026-04-29T09:00:00.000Z
1777455000,0.236,2026-04-29T09:30:00.000Z
1777456800,0.712,2026-04-29T10:00:00.000Z
1777458600,0.570,2026-04-29T10:30:00.000Z
1777460400,2.260,2026-04-29T11:00:00.000Z
1777462200,1.343,2026-04-29T11:30:00.000Z
1777464000,1.202,2026-04-29T12:00:00.000Z
1777465800,1.253,2026-04-29T12:30:00.000Z
1777467600,0.965,2026-04-29T13:00:00.000Z
1777469400,0.921,2026-04-29T13:30:00.000Z
1777471200,0.929,2026-04-29T14:00:00.000Z
1777473000,0.928,2026-04-29T14:30:00.000Z
1777474800,1.350,2026-04-29T15:00:00.000Z
1777476600,1.815,2026-04-29T15:30:00.000Z
1777478400,1.073,2026-04-29T16:00:00.000Z
1777480200,2.168,2026-04-29T16:30:00.000Z
1777482000,1.437,2026-04-29T17:00:00.000Z
1777483800,1.000,2026-04-29T17:30:00.000Z
1777485600,0.972,2026-04-29T18:00:00.000Z
1777487400,1.226,2026-04-29T18:30:00.000Z
1777489200,0.971,2026-04-29T19:00:00.000Z
1777491000,0.919,2026-04-29T19:30:00.000Z
1777492800,0.948,2026-04-29T20:00:00.000Z
1777494600,0.942,2026-04-29T20:30:00.000Z
1777496400,0.939,2026-04-29T21:00:00.000Z
1777498200,0.943,2026-04-29T21:30:00.000Z
1777500000,0.921,2026-04-29T22:00:00.000Z
1777501800,0.962,2026-04-29T22:30:00.000Z
1777503600,0.938,2026-04-29T23:00:00.000Z
1777505400,0.971,2026-04-29T23:30:00.000Z
1777507200,0.960,2026-04-30T00:00:00.000Z
1777509000,0.902,2026-04-30T00:30:00.000Z
1777510800,0.919,2026-04-30T01:00:00.000Z
1777512600,0.839,2026-04-30T01:30:00.000Z
1777514400,0.875,2026-04-30T02:00:00.000Z
1777516200,0.883,2026-04-30T02:30:00.000Z
1777518000,0.866,2026-04-30T03:00:00.000Z
1777519800,0.931,2026-04-30T03:30:00.000Z
1777521600,0.855,2026-04-30T04:00:00.000Z
1777523400,0.872,2026-04-30T04:30:00.000Z
1777525200,1.558,2026-04-30T05:00:00.000Z
1777527000,1.367,2026-04-30T05:30:00.000Z
1777528800,1.159,2026-04-30T06:00:00.000Z
1777530600,1.176,2026-04-30T06:30:00.000Z
1777532400,1.703,2026-04-30T07:00:00.000Z
1777534200,0.730,2026-04-30T07:30:00.000Z
1777536000,0.249,2026-04-30T08:00:00.000Z
1777537800,0.238,2026-04-30T08:30:00.000Z
1777539600,0.239,2026-04-30T09:00:00.000Z
1777541400,0.291,2026-04-30T09:30:00.000Z
1777543200,0.244,2026-04-30T10:00:00.000Z
1777545000,0.238,2026-04-30T10:30:00.000Z
1777546800,0.235,2026-04-30T11:00:00.000Z
1777548600,0.245,2026-04-30T11:30:00.000Z
1777550400,0.273,2026-04-30T12:00:00.000Z
1777552200,0.304,2026-04-30T12:30:00.000Z
1777554000,0.285,2026-04-30T13:00:00.000Z
1777555800,0.292,2026-04-30T13:30:00.000Z
1777557600,0.225,2026-04-30T14:00:00.000Z
1777559400,0.261,2026-04-30T14:30:00.000Z
1777561200,0.222,2026-04-30T15:00:00.000Z
1777563000,0.211,2026-04-30T15:30:00.000Z
1777564800,0.975,2026-04-30T16:00:00.000Z
1777566600,1.700,2026-04-30T16:30:00.000Z
1777568400,0.587,2026-04-30T17:00:00.000Z
1777570200,0.691,2026-04-30T17:30:00.000Z
1777572000,0.642,2026-04-30T18:00:00.000Z
1777573800,0.714,2026-04-30T18:30:00.000Z
1777575600,0.686,2026-04-30T19:00:00.000Z
1777577400,0.710,2026-04-30T19:30:00.000Z
1777579200,0.678,2026-04-30T20:00:00.000Z
1777581000,1.078,2026-04-30T20:30:00.000Z
1777582800,0.762,2026-04-30T21:00:00.000Z
1777584600,0.697,2026-04-30T21:30:00.000Z
1777586400,0.680,2026-04-30T22:00:00.000Z
1777588200,0.705,2026-04-30T22:30:00.000Z
1777590000,0.631,2026-04-30T23:00:00.000Z
1777591800,0.688,2026-04-30T23:30:00.000Z
1777593600,0.625,2026-05-01T00:00:00.000Z
1777595400,0.644,2026-05-01T00:30:00.000Z
1777597200,0.626,2026-05-01T01:00:00.000Z
1777599000,0.656,2026-05-01T01:30:00.000Z
1777600800,0.658,2026-05-01T02:00:00.000Z
1777602600,0.588,2026-05-01T02:30:00.000Z
1777604400,0.620,2026-05-01T03:00:00.000Z
1777606200,0.596,2026-05-01T03:30:00.000Z
1777608000,0.632,2026-05-01T04:00:00.000Z
1777609800,0.999,2026-05-01T04:30:00.000Z
1777611600,0.607,2026-05-01T05:00:00.000Z
1777613400,1.062,2026-05-01T05:30:00.000Z
1777615200,1.188,2026-05-01T06:00:00.000Z
1777617000,1.627,2026-05-01T06:30:00.000Z
1777618800,1.354,2026-05-01T07:00:00.000Z
1777620600,1.567,2026-05-01T07:30:00.000Z
1777622400,0.264,2026-05-01T08:00:00.000Z
1777624200,0.240,2026-05-01T08:30:00.000Z
1777626000,0.271,2026-05-01T09:00:00.000Z
1777627800,0.280,2026-05-01T09:30:00.000Z
1777629600,0.253,2026-05-01T10:00:00.000Z
1777631400,0.239,2026-05-01T10:30:00.000Z
1777633200,0.284,2026-05-01T11:00:00.000Z
1777635000,0.230,2026-05-01T11:30:00.000Z
1777636800,0.342,2026-05-01T12:00:00.000Z
1777638600,0.303,2026-05-01T12:30:00.000Z
1777640400,1.287,2026-05-01T13:00:00.000Z
1777642200,0.263,2026-05-01T13:30:00.000Z
1777644000,0.262,2026-05-01T14:00:00.000Z
1777645800,0.308,2026-05-01T14:30:00.000Z
1777647600,0.317,2026-05-01T15:00:00.000Z
1777649400,0.316,2026-05-01T15:30:00.000Z
1777651200,0.307,2026-05-01T16:00:00.000Z
1777653000,0.346,2026-05-01T16:30:00.000Z
1777654800,0.391,2026-05-01T17:00:00.000Z
1777656600,0.427,2026-05-01T17:30:00.000Z
1777658400,0.434,2026-05-01T18:00:00.000Z
1777660200,0.856,2026-05-01T18:30:00.000Z
1777662000,0.375,2026-05-01T19:00:00.000Z
1777663800,0.395,2026-05-01T19:30:00.000Z
1777665600,0.866,2026-05-01T20:00:00.000Z
1777667400,1.046,2026-05-01T20:30:00.000Z
1777669200,1.176,2026-05-01T21:00:00.000Z
1777671000,1.186,2026-05-01T21:30:00.000Z
1777672800,1.004,2026-05-01T22:00:00.000Z
1777674600,1.070,2026-05-01T22:30:00.000Z
1777676400,1.064,2026-05-01T23:00:00.000Z
1777678200,0.995,2026-05-01T23:30:00.000Z
1777680000,1.020,2026-05-02T00:00:00.000Z
1777681800,0.974,2026-05-02T00:30:00.000Z
1777683600,0.935,2026-05-02T01:00:00.000Z
1777685400,0.906,2026-05-02T01:30:00.000Z
1777687200,0.927,2026-05-02T02:00:00.000Z
1777689000,0.906,2026-05-02T02:30:00.000Z
1777690800,0.878,2026-05-02T03:00:00.000Z
1777692600,0.639,2026-05-02T03:30:00.000Z
1777694400,0.701,2026-05-02T04:00:00.000Z
1777696200,0.669,2026-05-02T04:30:00.000Z
1777698000,0.641,2026-05-02T05:00:00.000Z
1777699800,1.772,2026-05-02T05:30:00.000Z
1777701600,1.217,2026-05-02T06:00:00.000Z
1777703400,0.724,2026-05-02T06:30:00.000Z
1777705200,2.484,2026-05-02T07:00:00.000Z
1777707000,1.277,2026-05-02T07:30:00.000Z
1777708800,0.983,2026-05-02T08:00:00.000Z
1777710600,0.983,2026-05-02T08:30:00.000Z
1777712400,0.390,2026-05-02T09:00:00.000Z
1777714200,1.266,2026-05-02T09:30:00.000Z
1777716000,0.371,2026-05-02T10:00:00.000Z
1777717800,0.280,2026-05-02T10:30:00.000Z
1777719600,0.222,2026-05-02T11:00:00.000Z
1777721400,0.227,2026-05-02T11:30:00.000Z
1777723200,0.921,2026-05-02T12:00:00.000Z
1777725000,0.650,2026-05-02T12:30:00.000Z
1777726800,0.280,2026-05-02T13:00:00.000Z
1777728600,0.263,2026-05-02T13:30:00.000Z
1777730400,0.228,2026-05-02T14:00:00.000Z
1777732200,0.353,2026-05-02T14:30:00.000Z
1777734000,1.180,2026-05-02T15:00:00.000Z
1777735800,0.308,2026-05-02T15:30:00.000Z
1777737600,0.261,2026-05-02T16:00:00.000Z
1777739400,0.291,2026-05-02T16:30:00.000Z
1777741200,0.291,2026-05-02T17:00:00.000Z
1777743000,0.280,2026-05-02T17:30:00.000Z
1777744800,0.297,2026-05-02T18:00:00.000Z
1777746600,0.308,2026-05-02T18:30:00.000Z
1777748400,0.326,2026-05-02T19:00:00.000Z
1777750200,0.496,2026-05-02T19:30:00.000Z
1777752000,0.317,2026-05-02T20:00:00.000Z
1777753800,0.304,2026-05-02T20:30:00.000Z
1777755600,0.313,2026-05-02T21:00:00.000Z
1777757400,0.408,2026-05-02T21:30:00.000Z
1777759200,0.276,2026-05-02T22:00:00.000Z
1777761000,0.291,2026-05-02T22:30:00.000Z
1777762800,0.305,2026-05-02T23:00:00.000Z
1777764600,0.239,2026-05-02T23:30:00.000Z
1777766400,0.205,2026-05-03T00:00:00.000Z
1777768200,0.235,2026-05-03T00:30:00.000Z
1777770000,0.194,2026-05-03T01:00:00.000Z
1777771800,0.188,2026-05-03T01:30:00.000Z
1777773600,0.207,2026-05-03T02:00:00.000Z
1777775400,0.204,2026-05-03T02:30:00.000Z
1777777200,0.235,2026-05-03T03:00:00.000Z
1777779000,0.217,2026-05-03T03:30:00.000Z
1777780800,0.199,2026-05-03T04:00:00.000Z
1777782600,0.205,2026-05-03T04:30:00.000Z
1777784400,0.542,2026-05-03T05:00:00.000Z
1777786200,0.805,2026-05-03T05:30:00.000Z
1777788000,0.612,2026-05-03T06:00:00.000Z
1777789800,1.476,2026-05-03T06:30:00.000Z
1777791600,0.658,2026-05-03T07:00:00.000Z
1777793400,0.291,2026-05-03T07:30:00.000Z
1777795200,0.529,2026-05-03T08:00:00.000Z
1777797000,0.742,2026-05-03T08:30:00.000Z
1777798800,0.543,2026-05-03T09:00:00.000Z
1777800600,0.614,2026-05-03T09:30:00.000Z
1777802400,0.218,2026-05-03T10:00:00.000Z
1777804200,0.218,2026-05-03T10:30:00.000Z
1777806000,0.227,2026-05-03T11:00:00.000Z
1777807800,0.195,2026-05-03T11:30:00.000Z
1777809600,0.273,2026-05-03T12:00:00.000Z
1777811400,0.261,2026-05-03T12:30:00.000Z
1777813200,0.216,2026-05-03T13:00:00.000Z
1777815000,0.231,2026-05-03T13:30:00.000Z
1777816800,0.198,2026-05-03T14:00:00.000Z
1777818600,0.206,2026-05-03T14:30:00.000Z
1777820400,0.241,2026-05-03T15:00:00.000Z
1777822200,0.290,2026-05-03T15:30:00.000Z
1777824000,0.980,2026-05-03T16:00:00.000Z
1777825800,0.910,2026-05-03T16:30:00.000Z
1777827600,0.906,2026-05-03T17:00:00.000Z
1777829400,0.843,2026-05-03T17:30:00.000Z
1777831200,0.794,2026-05-03T18:00:00.000Z
1777833000,1.014,2026-05-03T18:30:00.000Z
1777834800,0.928,2026-05-03T19:00:00.000Z
1777836600,0.569,2026-05-03T19:30:00.000Z
1777838400,0.726,2026-05-03T20:00:00.000Z
1777840200,0.474,2026-05-03T20:30:00.000Z
1777842000,0.368,2026-05-03T21:00:00.000Z
1777843800,0.321,2026-05-03T21:30:00.000Z
1777845600,0.323,2026-05-03T22:00:00.000Z
1777847400,0.311,2026-05-03T22:30:00.000Z
1777849200,0.341,2026-05-03T23:00:00.000Z
1777851000,0.299,2026-05-03T23:30:00.000Z
1777852800,0.257,2026-05-04T00:00:00.000Z
1777854600,0.259,2026-05-04T00:30:00.000Z
1777856400,0.233,2026-05-04T01:00:00.000Z
1777858200,0.259,2026-05-04T01:30:00.000Z
1777860000,0.225,2026-05-04T02:00:00.000Z
1777861800,0.540,2026-05-04T02:30:00.000Z
1777863600,0.528,2026-05-04T03:00:00.000Z
1777865400,0.510,2026-05-04T03:30:00.000Z
1777867200,0.485,2026-05-04T04:00:00.000Z
1777869000,1.198,2026-05-04T04:30:00.000Z
1777870800,1.018,2026-05-04T05:00:00.000Z
1777872600,0.923,2026-05-04T05:30:00.000Z
1777874400,1.041,2026-05-04T06:00:00.000Z
1777876200,1.088,2026-05-04T06:30:00.000Z
1777878000,1.706,2026-05-04T07:00:00.000Z
1777879800,1.213,2026-05-04T07:30:00.000Z
1777881600,0.255,2026-05-04T08:00:00.000Z
1777883400,0.203,2026-05-04T08:30:00.000Z
1777885200,0.250,2026-05-04T09:00:00.000Z
1777887000,0.280,2026-05-04T09:30:00.000Z
1777888800,0.699,2026-05-04T10:00:00.000Z
1777890600,0.454,2026-05-04T10:30:00.000Z
1777892400,1.611,2026-05-04T11:00:00.000Z
1777894200,0.258,2026-05-04T11:30:00.000Z
1777896000,0.921,2026-05-04T12:00:00.000Z
1777897800,0.838,2026-05-04T12:30:00.000Z
1777899600,0.707,2026-05-04T13:00:00.000Z
1777901400,0.283,2026-05-04T13:30:00.000Z
1777903200,0.234,2026-05-04T14:00:00.000Z
1777905000,0.206,2026-05-04T14:30:00.000Z
1777906800,0.513,2026-05-04T15:00:00.000Z
1777908600,1.941,2026-05-04T15:30:00.000Z
1777910400,0.514,2026-05-04T16:00:00.000Z
1777912200,0.607,2026-05-04T16:30:00.000Z
1777914000,0.768,2026-05-04T17:00:00.000Z
1777915800,0.764,2026-05-04T17:30:00.000Z
1777917600,1.062,2026-05-04T18:00:00.000Z
1777919400,1.060,2026-05-04T18:30:00.000Z
1777921200,1.231,2026-05-04T19:00:00.000Z
1777923000,1.333,2026-05-04T19:30:00.000Z
1777924800,1.324,2026-05-04T20:00:00.000Z
1777926600,1.016,2026-05-04T20:30:00.000Z
1777928400,1.121,2026-05-04T21:00:00.000Z
1777930200,0.741,2026-05-04T21:30:00.000Z
1777932000,0.744,2026-05-04T22:00:00.000Z
1777933800,0.692,2026-05-04T22:30:00.000Z
1777935600,0.693,2026-05-04T23:00:00.000Z
1777937400,0.635,2026-05-04T23:30:00.000Z
1777939200,0.654,2026-05-05T00:00:00.000Z
1777941000,0.632,2026-05-05T00:30:00.000Z
1777942800,0.668,2026-05-05T01:00:00.000Z
1777944600,0.653,2026-05-05T01:30:00.000Z
1777946400,0.672,2026-05-05T02:00:00.000Z
1777948200,0.661,2026-05-05T02:30:00.000Z
1777950000,0.658,2026-05-05T03:00:00.000Z
1777951800,0.602,2026-05-05T03:30:00.000Z
1777953600,0.600,2026-05-05T04:00:00.000Z
1777955400,0.593,2026-05-05T04:30:00.000Z
1777957200,0.608,2026-05-05T05:00:00.000Z
1777959000,0.822,2026-05-05T05:30:00.000Z
1777960800,1.090,2026-05-05T06:00:00.000Z
1777962600,1.167,2026-05-05T06:30:00.000Z
1777964400,2.373,2026-05-05T07:00:00.000Z
1777966200,1.041,2026-05-05T07:30:00.000Z
1777968000,0.366,2026-05-05T08:00:00.000Z
1777969800,0.304,2026-05-05T08:30:00.000Z
1777971600,0.300,2026-05-05T09:00:00.000Z
1777973400,0.307,2026-05-05T09:30:00.000Z
1777975200,0.314,2026-05-05T10:00:00.000Z
1777977000,0.258,2026-05-05T10:30:00.000Z
1777978800,0.721,2026-05-05T11:00:00.000Z
1777980600,1.104,2026-05-05T11:30:00.000Z
1777982400,0.848,2026-05-05T12:00:00.000Z
1777984200,0.543,2026-05-05T12:30:00.000Z
1777986000,0.455,2026-05-05T13:00:00.000Z
1777987800,0.713,2026-05-05T13:30:00.000Z
1777989600,0.312,2026-05-05T14:00:00.000Z
1777991400,0.868,2026-05-05T14:30:00.000Z
1777993200,0.363,2026-05-05T15:00:00.000Z
1777995000,0.637,2026-05-05T15:30:00.000Z
1777996800,0.229,2026-05-05T16:00:00.000Z
1777998600,0.223,2026-05-05T16:30:00.000Z
1778000400,0.245,2026-05-05T17:00:00.000Z
1778002200,0.395,2026-05-05T17:30:00.000Z
1778004000,0.847,2026-05-05T18:00:00.000Z
1778005800,1.352,2026-05-05T18:30:00.000Z
1778007600,1.398,2026-05-05T19:00:00.000Z
1778009400,1.305,2026-05-05T19:30:00.000Z
1778011200,1.341,2026-05-05T20:00:00.000Z
1778013000,1.305,2026-05-05T20:30:00.000Z
1778014800,1.277,2026-05-05T21:00:00.000Z
1778016600,1.272,2026-05-05T21:30:00.000Z
1778018400,1.283,2026-05-05T22:00:00.000Z
1778020200,1.303,2026-05-05T22:30:00.000Z
1778022000,1.229,2026-05-05T23:00:00.000Z
1778023800,1.258,2026-05-05T23:30:00.000Z
1778025600,1.244,2026-05-06T00:00:00.000Z
1778027400,0.726,2026-05-06T00:30:00.000Z
1778029200,0.610,2026-05-06T01:00:00.000Z
1778031000,0.568,2026-05-06T01:30:00.000Z
1778032800,0.581,2026-05-06T02:00:00.000Z
1778034600,0.614,2026-05-06T02:30:00.000Z
1778036400,0.656,2026-05-06T03:00:00.000Z
1778038200,0.640,2026-05-06T03:30:00.000Z
1778040000,0.631,2026-05-06T04:00:00.000Z
1778041800,1.136,2026-05-06T04:30:00.000Z
1778043600,1.174,2026-05-06T05:00:00.000Z
1778045400,1.944,2026-05-06T05:30:00.000Z
1778047200,1.597,2026-05-06T06:00:00.000Z
1778049000,1.322,2026-05-06T06:30:00.000Z
1778050800,2.582,2026-05-06T07:00:00.000Z
1778052600,0.542,2026-05-06T07:30:00.000Z
1778054400,0.509,2026-05-06T08:00:00.000Z
1778056200,0.301,2026-05-06T08:30:00.000Z
1778058000,0.541,2026-05-06T09:00:00.000Z
1778059800,0.909,2026-05-06T09:30:00.000Z
1778061600,0.898,2026-05-06T10:00:00.000Z
1778063400,0.506,2026-05-06T10:30:00.000Z
1778065200,0.695,2026-05-06T11:00:00.000Z
1778067000,0.464,2026-05-06T11:30:00.000Z
1778068800,0.553,2026-05-06T12:00:00.000Z
1778070600,0.377,2026-05-06T12:30:00.000Z
1778072400,0.286,2026-05-06T13:00:00.000Z
1778074200,0.237,2026-05-06T13:30:00.000Z
1778076000,0.248,2026-05-06T14:00:00.000Z
1778077800,0.257,2026-05-06T14:30:00.000Z
1778079600,0.357,2026-05-06T15:00:00.000Z
1778081400,0.714,2026-05-06T15:30:00.000Z
1778083200,1.786,2026-05-06T16:00:00.000Z
1778085000,0.550,2026-05-06T16:30:00.000Z
1778086800,1.082,2026-05-06T17:00:00.000Z
1778088600,0.824,2026-05-06T17:30:00.000Z
1778090400,1.267,2026-05-06T18:00:00.000Z
1778092200,1.343,2026-05-06T18:30:00.000Z
1778094000,1.088,2026-05-06T19:00:00.000Z
1778095800,1.051,2026-05-06T19:30:00.000Z
1778097600,1.054,2026-05-06T20:00:00.000Z
1778099400,1.068,2026-05-06T20:30:00.000Z
1778101200,1.088,2026-05-06T21:00:00.000Z
1778103000,1.079,2026-05-06T21:30:00.000Z
1778104800,1.051,2026-05-06T22:00:00.000Z
1778106600,1.048,2026-05-06T22:30:00.000Z
1778108400,1.018,2026-05-06T23:00:00.000Z
1778110200,0.968,2026-05-06T23:30:00.000Z
1778112000,0.961,2026-05-07T00:00:00.000Z
1778113800,0.956,2026-05-07T00:30:00.000Z
1778115600,0.988,2026-05-07T01:00:00.000Z
1778117400,0.978,2026-05-07T01:30:00.000Z
1778119200,0.994,2026-05-07T02:00:00.000Z
1778121000,0.977,2026-05-07T02:30:00.000Z
1778122800,1.008,2026-05-07T03:00:00.000Z
1778124600,0.966,2026-05-07T03:30:00.000Z
1778126400,0.971,2026-05-07T04:00:00.000Z
1778128200,0.984,2026-05-07T04:30:00.000Z
1778130000,0.980,2026-05-07T05:00:00.000Z
1778131800,1.237,2026-05-07T05:30:00.000Z
1778133600,1.114,2026-05-07T06:00:00.000Z
1778135400,1.124,2026-05-07T06:30:00.000Z
1778137200,1.904,2026-05-07T07:00:00.000Z
1778139000,0.693,2026-05-07T07:30:00.000Z
1778140800,0.284,2026-05-07T08:00:00.000Z
1778142600,0.236,2026-05-07T08:30:00.000Z
1778144400,0.213,2026-05-07T09:00:00.000Z
1778146200,0.195,2026-05-07T09:30:00.000Z
1778148000,0.262,2026-05-07T10:00:00.000Z
1778149800,0.234,2026-05-07T10:30:00.000Z
1778151600,0.261,2026-05-07T11:00:00.000Z
1778153400,0.219,2026-05-07T11:30:00.000Z
1778155200,0.252,2026-05-07T12:00:00.000Z
1778157000,0.259,2026-05-07T12:30:00.000Z
1778158800,0.257,2026-05-07T13:00:00.000Z
1778160600,0.306,2026-05-07T13:30:00.000Z
1778162400,0.206,2026-05-07T14:00:00.000Z
1778164200,0.277,2026-05-07T14:30:00.000Z
1778166000,2.031,2026-05-07T15:00:00.000Z
1778167800,0.276,2026-05-07T15:30:00.000Z
1778169600,0.246,2026-05-07T16:00:00.000Z
1778171400,1.138,2026-05-07T16:30:00.000Z
1778173200,1.012,2026-05-07T17:00:00.000Z
1778175000,1.104,2026-05-07T17:30:00.000Z
1778176800,1.625,2026-05-07T18:00:00.000Z
1778178600,1.314,2026-05-07T18:30:00.000Z
1778180400,1.685,2026-05-07T19:00:00.000Z
1778182200,1.266,2026-05-07T19:30:00.000Z
1778184000,1.321,2026-05-07T20:00:00.000Z
1778185800,1.285,2026-05-07T20:30:00.000Z
1778187600,1.302,2026-05-07T21:00:00.000Z
1778189400,1.275,2026-05-07T21:30:00.000Z
1778191200,1.285,2026-05-07T22:00:00.000Z
1778193000,1.244,2026-05-07T22:30:00.000Z
1778194800,1.232,2026-05-07T23:00:00.000Z
1778196600,1.204,2026-05-07T23:30:00.000Z
1778198400,0.773,2026-05-08T00:00:00.000Z
1778200200,0.237,2026-05-08T00:30:00.000Z
1778202000,0.266,2026-05-08T01:00:00.000Z
1778203800,0.269,2026-05-08T01:30:00.000Z
1778205600,0.229,2026-05-08T02:00:00.000Z
1778207400,0.232,2026-05-08T02:30:00.000Z
1778209200,0.208,2026-05-08T03:00:00.000Z
1778211000,0.286,2026-05-08T03:30:00.000Z
1778212800,1.225,2026-05-08T04:00:00.000Z
1778214600,1.211,2026-05-08T04:30:00.000Z
1778216400,1.158,2026-05-08T05:00:00.000Z
1778218200,1.163,2026-05-08T05:30:00.000Z
1778220000,1.051,2026-05-08T06:00:00.000Z
1778221800,0.909,2026-05-08T06:30:00.000Z
1778223600,1.010,2026-05-08T07:00:00.000Z
1778225400,2.696,2026-05-08T07:30:00.000Z
1778227200,0.545,2026-05-08T08:00:00.000Z
1778229000,0.208,2026-05-08T08:30:00.000Z
1778230800,0.194,2026-05-08T09:00:00.000Z
1778232600,0.204,2026-05-08T09:30:00.000Z
1778234400,0.188,2026-05-08T10:00:00.000Z
1778236200,0.205,2026-05-08T10:30:00.000Z
1778238000,0.178,2026-05-08T11:00:00.000Z
1778239800,0.181,2026-05-08T11:30:00.000Z
1778241600,0.176,2026-05-08T12:00:00.000Z
1778243400,0.215,2026-05-08T12:30:00.000Z
1778245200,0.182,2026-05-08T13:00:00.000Z
1778247000,0.218,2026-05-08T13:30:00.000Z
1778248800,0.195,2026-05-08T14:00:00.000Z
1778250600,0.224,2026-05-08T14:30:00.000Z
1778252400,0.669,2026-05-08T15:00:00.000Z
1778254200,1.422,2026-05-08T15:30:00.000Z
1778256000,0.199,2026-05-08T16:00:00.000Z
1778257800,0.199,2026-05-08T16:30:00.000Z
1778259600,0.495,2026-05-08T17:00:00.000Z
1778261400,0.773,2026-05-08T17:30:00.000Z
1778263200,1.250,2026-05-08T18:00:00.000Z
1778265000,0.404,2026-05-08T18:30:00.000Z
1778266800,0.582,2026-05-08T19:00:00.000Z
1778268600,0.808,2026-05-08T19:30:00.000Z
1778270400,0.740,2026-05-08T20:00:00.000Z
1778272200,0.849,2026-05-08T20:30:00.000Z
1778274000,0.847,2026-05-08T21:00:00.000Z
1778275800,0.893,2026-05-08T21:30:00.000Z
1778277600,0.853,2026-05-08T22:00:00.000Z
1778279400,0.783,2026-05-08T22:30:00.000Z
1778281200,0.756,2026-05-08T23:00:00.000Z
1778283000,0.620,2026-05-08T23:30:00.000Z
1778284800,0.646,2026-05-09T00:00:00.000Z
1778286600,0.564,2026-05-09T00:30:00.000Z
1778288400,0.591,2026-05-09T01:00:00.000Z
1778290200,0.599,2026-05-09T01:30:00.000Z
1778292000,0.641,2026-05-09T02:00:00.000Z
1778293800,0.793,2026-05-09T02:30:00.000Z
1778295600,0.934,2026-05-09T03:00:00.000Z
1778297400,0.912,2026-05-09T03:30:00.000Z
1778299200,0.874,2026-05-09T04:00:00.000Z
1778301000,1.333,2026-05-09T04:30:00.000Z
1778302800,1.004,2026-05-09T05:00:00.000Z
1778304600,1.253,2026-05-09T05:30:00.000Z
1778306400,1.871,2026-05-09T06:00:00.000Z
1778308200,1.777,2026-05-09T06:30:00.000Z
1778310000,2.503,2026-05-09T07:00:00.000Z
1778311800,1.161,2026-05-09T07:30:00.000Z
1778313600,0.989,2026-05-09T08:00:00.000Z
1778315400,0.809,2026-05-09T08:30:00.000Z
1778317200,0.846,2026-05-09T09:00:00.000Z
1778319000,0.829,2026-05-09T09:30:00.000Z
1778320800,0.832,2026-05-09T10:00:00.000Z
1778322600,1.030,2026-05-09T10:30:00.000Z
1778324400,0.838,2026-05-09T11:00:00.000Z
1778326200,0.820,2026-05-09T11:30:00.000Z
1778328000,0.755,2026-05-09T12:00:00.000Z
1778329800,0.850,2026-05-09T12:30:00.000Z
1778331600,0.871,2026-05-09T13:00:00.000Z
1778333400,0.845,2026-05-09T13:30:00.000Z
1778335200,0.872,2026-05-09T14:00:00.000Z
1778337000,0.940,2026-05-09T14:30:00.000Z
1778338800,0.766,2026-05-09T15:00:00.000Z
1778340600,0.782,2026-05-09T15:30:00.000Z
1778342400,1.020,2026-05-09T16:00:00.000Z
1778344200,1.311,2026-05-09T16:30:00.000Z
1778346000,1.639,2026-05-09T17:00:00.000Z
1778347800,0.876,2026-05-09T17:30:00.000Z
1778349600,0.859,2026-05-09T18:00:00.000Z
1778351400,0.891,2026-05-09T18:30:00.000Z
1778353200,0.820,2026-05-09T19:00:00.000Z
1778355000,0.812,2026-05-09T19:30:00.000Z
1778356800,0.880,2026-05-09T20:00:00.000Z
1778358600,0.854,2026-05-09T20:30:00.000Z
1778360400,0.881,2026-05-09T21:00:00.000Z
1778362200,0.801,2026-05-09T21:30:00.000Z
1778364000,0.727,2026-05-09T22:00:00.000Z
1778365800,0.661,2026-05-09T22:30:00.000Z
1778367600,0.693,2026-05-09T23:00:00.000Z
1778369400,0.604,2026-05-09T23:30:00.000Z
1778371200,0.630,2026-05-10T00:00:00.000Z
1778373000,0.597,2026-05-10T00:30:00.000Z
1778374800,0.590,2026-05-10T01:00:00.000Z
1778376600,0.610,2026-05-10T01:30:00.000Z
1778378400,0.639,2026-05-10T02:00:00.000Z
1778380200,0.551,2026-05-10T02:30:00.000Z
1778382000,0.590,2026-05-10T03:00:00.000Z
1778383800,0.562,2026-05-10T03:30:00.000Z
1778385600,0.602,2026-05-10T04:00:00.000Z
1778387400,0.617,2026-05-10T04:30:00.000Z
1778389200,0.616,2026-05-10T05:00:00.000Z
1778391000,0.797,2026-05-10T05:30:00.000Z
1778392800,1.010,2026-05-10T06:00:00.000Z
1778394600,1.675,2026-05-10T06:30:00.000Z
1778396400,2.307,2026-05-10T07:00:00.000Z
1778398200,0.726,2026-05-10T07:30:00.000Z
1778400000,0.457,2026-05-10T08:00:00.000Z
1778401800,0.393,2026-05-10T08:30:00.000Z
1778403600,0.395,2026-05-10T09:00:00.000Z
1778405400,0.322,2026-05-10T09:30:00.000Z
1778407200,0.354,2026-05-10T10:00:00.000Z
1778409000,0.324,2026-05-10T10:30:00.000Z
1778410800,0.451,2026-05-10T11:00:00.000Z
1778412600,0.256,2026-05-10T11:30:00.000Z
1778414400,0.260,2026-05-10T12:00:00.000Z
1778416200,0.325,2026-05-10T12:30:00.000Z
1778418000,0.330,2026-05-10T13:00:00.000Z
1778419800,0.309,2026-05-10T13:30:00.000Z
1778421600,0.313,2026-05-10T14:00:00.000Z
1778423400,0.366,2026-05-10T14:30:00.000Z
1778425200,0.432,2026-05-10T15:00:00.000Z
1778427000,0.265,2026-05-10T15:30:00.000Z
1778428800,2.110,2026-05-10T16:00:00.000Z
1778430600,1.406,2026-05-10T16:30:00.000Z
1778432400,1.091,2026-05-10T17:00:00.000Z
1778434200,1.054,2026-05-10T17:30:00.000Z
1778436000,1.084,2026-05-10T18:00:00.000Z
1778437800,1.042,2026-05-10T18:30:00.000Z
1778439600,1.043,2026-05-10T19:00:00.000Z
1778441400,1.575,2026-05-10T19:30:00.000Z
1778443200,1.247,2026-05-10T20:00:00.000Z
1778445000,1.014,2026-05-10T20:30:00.000Z
1778446800,1.060,2026-05-10T21:00:00.000Z
1778448600,0.995,2026-05-10T21:30:00.000Z
1778450400,1.010,2026-05-10T22:00:00.000Z
1778452200,1.060,2026-05-10T22:30:00.000Z
1778454000,1.046,2026-05-10T23:00:00.000Z
1778455800,0.957,2026-05-10T23:30:00.000Z
1778457600,0.966,2026-05-11T00:00:00.000Z
1778459400,0.920,2026-05-11T00:30:00.000Z
1778461200,0.885,2026-05-11T01:00:00.000Z
1778463000,0.901,2026-05-11T01:30:00.000Z
1778464800,0.946,2026-05-11T02:00:00.000Z
1778466600,0.949,2026-05-11T02:30:00.000Z
1778468400,0.920,2026-05-11T03:00:00.000Z
1778470200,0.941,2026-05-11T03:30:00.000Z
1778472000,0.923,2026-05-11T04:00:00.000Z
1778473800,0.895,2026-05-11T04:30:00.000Z
1778475600,1.161,2026-05-11T05:00:00.000Z
1778477400,1.683,2026-05-11T05:30:00.000Z
1778479200,1.358,2026-05-11T06:00:00.000Z
1778481000,1.800,2026-05-11T06:30:00.000Z
1778482800,2.523,2026-05-11T07:00:00.000Z
1778484600,0.703,2026-05-11T07:30:00.000Z
1778486400,0.896,2026-05-11T08:00:00.000Z
1778488200,0.477,2026-05-11T08:30:00.000Z
1778490000,1.082,2026-05-11T09:00:00.000Z
1778491800,0.603,2026-05-11T09:30:00.000Z
1778493600,0.557,2026-05-11T10:00:00.000Z
1778495400,0.963,2026-05-11T10:30:00.000Z
1778497200,0.445,2026-05-11T11:00:00.000Z
1778499000,0.963,2026-05-11T11:30:00.000Z
1778500800,0.958,2026-05-11T12:00:00.000Z
1778502600,0.912,2026-05-11T12:30:00.000Z
1778504400,1.871,2026-05-11T13:00:00.000Z
1778506200,0.253,2026-05-11T13:30:00.000Z
1778508000,0.209,2026-05-11T14:00:00.000Z
1778509800,0.248,2026-05-11T14:30:00.000Z
1778511600,0.185,2026-05-11T15:00:00.000Z
1778513400,0.543,2026-05-11T15:30:00.000Z
1778515200,0.185,2026-05-11T16:00:00.000Z
1778517000,0.224,2026-05-11T16:30:00.000Z
1778518800,0.290,2026-05-11T17:00:00.000Z
1778520600,1.563,2026-05-11T17:30:00.000Z
1778522400,1.953,2026-05-11T18:00:00.000Z
1778524200,2.188,2026-05-11T18:30:00.000Z
1778526000,1.567,2026-05-11T19:00:00.000Z
1778527800,1.242,2026-05-11T19:30:00.000Z
1778529600,1.265,2026-05-11T20:00:00.000Z
1778531400,1.276,2026-05-11T20:30:00.000Z
1778533200,1.844,2026-05-11T21:00:00.000Z
1778535000,1.253,2026-05-11T21:30:00.000Z
1778536800,0.955,2026-05-11T22:00:00.000Z
1778538600,0.973,2026-05-11T22:30:00.000Z
1778540400,0.624,2026-05-11T23:00:00.000Z
1778542200,0.597,2026-05-11T23:30:00.000Z
1778544000,0.562,2026-05-12T00:00:00.000Z
1778545800,0.616,2026-05-12T00:30:00.000Z
1778547600,0.627,2026-05-12T01:00:00.000Z
1778549400,0.562,2026-05-12T01:30:00.000Z
1778551200,0.558,2026-05-12T02:00:00.000Z
1778553000,0.604,2026-05-12T02:30:00.000Z
1778554800,0.599,2026-05-12T03:00:00.000Z
1778556600,0.583,2026-05-12T03:30:00.000Z
1778558400,0.604,2026-05-12T04:00:00.000Z
1778560200,0.583,2026-05-12T04:30:00.000Z
1778562000,0.576,2026-05-12T05:00:00.000Z
1778563800,0.590,2026-05-12T05:30:00.000Z
1778565600,0.693,2026-05-12T06:00:00.000Z
1778567400,1.534,2026-05-12T06:30:00.000Z
1778569200,1.550,2026-05-12T07:00:00.000Z
1778571000,0.241,2026-05-12T07:30:00.000Z
1778572800,0.233,2026-05-12T08:00:00.000Z
1778574600,0.236,2026-05-12T08:30:00.000Z
1778576400,0.230,2026-05-12T09:00:00.000Z
1778578200,0.209,2026-05-12T09:30:00.000Z
1778580000,0.262,2026-05-12T10:00:00.000Z
1778581800,1.132,2026-05-12T10:30:00.000Z
1778583600,0.548,2026-05-12T11:00:00.000Z
1778585400,0.252,2026-05-12T11:30:00.000Z
1778587200,0.789,2026-05-12T12:00:00.000Z
1778589000,0.406,2026-05-12T12:30:00.000Z
1778590800,1.022,2026-05-12T13:00:00.000Z
1778592600,0.174,2026-05-12T13:30:00.000Z
1778594400,0.226,2026-05-12T14:00:00.000Z
1778596200,0.222,2026-05-12T14:30:00.000Z
1778598000,0.203,2026-05-12T15:00:00.000Z
1778599800,0.182,2026-05-12T15:30:00.000Z
1778601600,0.208,2026-05-12T16:00:00.000Z
1778603400,0.240,2026-05-12T16:30:00.000Z
1778605200,0.278,2026-05-12T17:00:00.000Z
1778607000,0.248,2026-05-12T17:30:00.000Z
1778608800,0.702,2026-05-12T18:00:00.000Z
1778610600,0.999,2026-05-12T18:30:00.000Z
1778612400,1.166,2026-05-12T19:00:00.000Z
1778614200,0.974,2026-05-12T19:30:00.000Z
1778616000,0.974,2026-05-12T20:00:00.000Z
1778617800,1.049,2026-05-12T20:30:00.000Z
1778619600,1.002,2026-05-12T21:00:00.000Z
1778621400,0.983,2026-05-12T21:30:00.000Z
1778623200,0.800,2026-05-12T22:00:00.000Z
1778625000,0.675,2026-05-12T22:30:00.000Z
1778626800,0.632,2026-05-12T23:00:00.000Z
1778628600,0.606,2026-05-12T23:30:00.000Z
1778630400,0.622,2026-05-13T00:00:00.000Z
1778632200,0.625,2026-05-13T00:30:00.000Z
1778634000,0.630,2026-05-13T01:00:00.000Z
1778635800,0.619,2026-05-13T01:30:00.000Z
1778637600,0.608,2026-05-13T02:00:00.000Z
1778639400,0.574,2026-05-13T02:30:00.000Z
1778641200,0.561,2026-05-13T03:00:00.000Z
1778643000,0.560,2026-05-13T03:30:00.000Z
1778644800,0.591,2026-05-13T04:00:00.000Z
1778646600,0.605,2026-05-13T04:30:00.000Z
1778648400,0.609,2026-05-13T05:00:00.000Z
1778650200,0.658,2026-05-13T05:30:00.000Z
1778652000,1.540,2026-05-13T06:00:00.000Z
1778653800,0.706,2026-05-13T06:30:00.000Z
1778655600,2.654,2026-05-13T07:00:00.000Z
1778657400,0.543,2026-05-13T07:30:00.000Z
1778659200,0.230,2026-05-13T08:00:00.000Z
1778661000,0.303,2026-05-13T08:30:00.000Z
1778662800,0.268,2026-05-13T09:00:00.000Z
1778664600,0.247,2026-05-13T09:30:00.000Z
1778666400,0.491,2026-05-13T10:00:00.000Z
1778668200,0.804,2026-05-13T10:30:00.000Z
1778670000,0.574,2026-05-13T11:00:00.000Z
1778671800,0.266,2026-05-13T11:30:00.000Z
1778673600,1.385,2026-05-13T12:00:00.000Z
1778675400,1.402,2026-05-13T12:30:00.000Z
1778677200,0.577,2026-05-13T13:00:00.000Z
1778679000,0.679,2026-05-13T13:30:00.000Z
1778680800,0.462,2026-05-13T14:00:00.000Z
1778682600,0.289,2026-05-13T14:30:00.000Z
1778684400,0.262,2026-05-13T15:00:00.000Z
1778686200,0.564,2026-05-13T15:30:00.000Z
1778688000,0.794,2026-05-13T16:00:00.000Z
1778689800,1.103,2026-05-13T16:30:00.000Z
1778691600,0.634,2026-05-13T17:00:00.000Z
1778693400,0.927,2026-05-13T17:30:00.000Z
1778695200,1.451,2026-05-13T18:00:00.000Z
1778697000,1.764,2026-05-13T18:30:00.000Z
1778698800,0.980,2026-05-13T19:00:00.000Z
1778700600,0.941,2026-05-13T19:30:00.000Z
1778702400,1.004,2026-05-13T20:00:00.000Z
1778704200,0.964,2026-05-13T20:30:00.000Z
1778706000,0.989,2026-05-13T21:00:00.000Z
1778707800,0.992,2026-05-13T21:30:00.000Z
1778709600,0.982,2026-05-13T22:00:00.000Z
1778711400,0.971,2026-05-13T22:30:00.000Z
1778713200,0.876,2026-05-13T23:00:00.000Z
1778715000,0.856,2026-05-13T23:30:00.000Z
1778716800,0.869,2026-05-14T00:00:00.000Z
1778718600,0.858,2026-05-14T00:30:00.000Z
1778720400,0.876,2026-05-14T01:00:00.000Z
1778722200,0.886,2026-05-14T01:30:00.000Z
1778724000,0.860,2026-05-14T02:00:00.000Z
1778725800,0.857,2026-05-14T02:30:00.000Z
1778727600,0.844,2026-05-14T03:00:00.000Z
1778729400,0.823,2026-05-14T03:30:00.000Z
1778731200,0.884,2026-05-14T04:00:00.000Z
1778733000,0.891,2026-05-14T04:30:00.000Z
1778734800,1.052,2026-05-14T05:00:00.000Z
1778736600,1.547,2026-05-14T05:30:00.000Z
1778738400,1.449,2026-05-14T06:00:00.000Z
1778740200,1.201,2026-05-14T06:30:00.000Z
1778742000,3.321,2026-05-14T07:00:00.000Z
1778743800,0.910,2026-05-14T07:30:00.000Z
1778745600,0.864,2026-05-14T08:00:00.000Z
1778747400,1.178,2026-05-14T08:30:00.000Z
1778749200,0.651,2026-05-14T09:00:00.000Z
1778751000,0.328,2026-05-14T09:30:00.000Z
1778752800,0.266,2026-05-14T10:00:00.000Z
1778754600,0.293,2026-05-14T10:30:00.000Z
1778756400,1.207,2026-05-14T11:00:00.000Z
1778758200,0.295,2026-05-14T11:30:00.000Z
1778760000,0.289,2026-05-14T12:00:00.000Z
1778761800,0.302,2026-05-14T12:30:00.000Z
1778763600,0.287,2026-05-14T13:00:00.000Z
1778765400,0.841,2026-05-14T13:30:00.000Z
1778767200,0.575,2026-05-14T14:00:00.000Z
1778769000,0.231,2026-05-14T14:30:00.000Z
1778770800,0.221,2026-05-14T15:00:00.000Z
1778772600,0.253,2026-05-14T15:30:00.000Z
1778774400,1.408,2026-05-14T16:00:00.000Z
1778776200,0.223,2026-05-14T16:30:00.000Z
1778778000,0.569,2026-05-14T17:00:00.000Z
1778779800,1.057,2026-05-14T17:30:00.000Z
1778781600,0.995,2026-05-14T18:00:00.000Z
1778783400,1.477,2026-05-14T18:30:00.000Z
1778785200,1.244,2026-05-14T19:00:00.000Z
1778787000,1.286,2026-05-14T19:30:00.000Z
1778788800,1.274,2026-05-14T20:00:00.000Z
1778790600,1.274,2026-05-14T20:30:00.000Z
1778792400,1.232,2026-05-14T21:00:00.000Z
1778794200,1.140,2026-05-14T21:30:00.000Z
1778796000,0.948,2026-05-14T22:00:00.000Z
1778797800,0.930,2026-05-14T22:30:00.000Z
1778799600,0.935,2026-05-14T23:00:00.000Z
1778801400,0.907,2026-05-14T23:30:00.000Z
1778803200,0.885,2026-05-15T00:00:00.000Z
1778805000,0.910,2026-05-15T00:30:00.000Z
1778806800,0.891,2026-05-15T01:00:00.000Z
1778808600,0.885,2026-05-15T01:30:00.000Z
1778810400,0.897,2026-05-15T02:00:00.000Z
1778812200,0.893,2026-05-15T02:30:00.000Z
1778814000,0.904,2026-05-15T03:00:00.000Z
1778815800,0.839,2026-05-15T03:30:00.000Z
1778817600,0.837,2026-05-15T04:00:00.000Z
1778819400,0.853,2026-05-15T04:30:00.000Z
1778821200,0.825,2026-05-15T05:00:00.000Z
1778823000,1.226,2026-05-15T05:30:00.000Z
1778824800,1.407,2026-05-15T06:00:00.000Z
1778826600,1.977,2026-05-15T06:30:00.000Z
1778828400,3.567,2026-05-15T07:00:00.000Z
1778830200,1.487,2026-05-15T07:30:00.000Z
1778832000,0.660,2026-05-15T08:00:00.000Z
1778833800,0.625,2026-05-15T08:30:00.000Z
1778835600,0.236,2026-05-15T09:00:00.000Z
1778837400,0.225,2026-05-15T09:30:00.000Z
1778839200,0.224,2026-05-15T10:00:00.000Z
1778841000,0.206,2026-05-15T10:30:00.000Z
1778842800,0.229,2026-05-15T11:00:00.000Z
1778844600,0.176,2026-05-15T11:30:00.000Z
1778846400,0.272,2026-05-15T12:00:00.000Z
1778848200,0.230,2026-05-15T12:30:00.000Z
1778850000,0.171,2026-05-15T13:00:00.000Z
1778851800,0.188,2026-05-15T13:30:00.000Z
1778853600,0.188,2026-05-15T14:00:00.000Z
1778855400,0.477,2026-05-15T14:30:00.000Z
1778857200,1.573,2026-05-15T15:00:00.000Z
1778859000,0.225,2026-05-15T15:30:00.000Z
1778860800,0.898,2026-05-15T16:00:00.000Z
1778862600,0.274,2026-05-15T16:30:00.000Z
1778864400,0.272,2026-05-15T17:00:00.000Z
1778866200,0.343,2026-05-15T17:30:00.000Z
1778868000,0.260,2026-05-15T18:00:00.000Z
1778869800,0.669,2026-05-15T18:30:00.000Z
1778871600,1.204,2026-05-15T19:00:00.000Z
1778873400,1.018,2026-05-15T19:30:00.000Z
1778875200,0.955,2026-05-15T20:00:00.000Z
1778877000,0.953,2026-05-15T20:30:00.000Z
1778878800,0.981,2026-05-15T21:00:00.000Z
1778880600,0.977,2026-05-15T21:30:00.000Z
1778882400,1.027,2026-05-15T22:00:00.000Z
1778884200,0.964,2026-05-15T22:30:00.000Z
1778886000,0.874,2026-05-15T23:00:00.000Z
1778887800,0.872,2026-05-15T23:30:00.000Z
1778889600,0.828,2026-05-16T00:00:00.000Z
1778891400,0.845,2026-05-16T00:30:00.000Z
1778893200,0.888,2026-05-16T01:00:00.000Z
1778895000,0.853,2026-05-16T01:30:00.000Z
1778896800,0.902,2026-05-16T02:00:00.000Z
1778898600,0.876,2026-05-16T02:30:00.000Z
1778900400,0.855,2026-05-16T03:00:00.000Z
1778902200,0.875,2026-05-16T03:30:00.000Z
1778904000,0.860,2026-05-16T04:00:00.000Z
1778905800,0.876,2026-05-16T04:30:00.000Z
1778907600,0.878,2026-05-16T05:00:00.000Z
1778909400,1.560,2026-05-16T05:30:00.000Z
1778911200,1.186,2026-05-16T06:00:00.000Z
1778913000,1.236,2026-05-16T06:30:00.000Z
1778914800,1.709,2026-05-16T07:00:00.000Z
1778916600,0.305,2026-05-16T07:30:00.000Z
1778918400,0.247,2026-05-16T08:00:00.000Z
1778920200,0.206,2026-05-16T08:30:00.000Z
1778922000,0.245,2026-05-16T09:00:00.000Z
1778923800,0.204,2026-05-16T09:30:00.000Z
1778925600,0.156,2026-05-16T10:00:00.000Z
1778927400,0.250,2026-05-16T10:30:00.000Z
1778929200,0.207,2026-05-16T11:00:00.000Z
1778931000,0.158,2026-05-16T11:30:00.000Z
1778932800,0.238,2026-05-16T12:00:00.000Z
1778934600,0.254,2026-05-16T12:30:00.000Z
1778936400,0.282,2026-05-16T13:00:00.000Z
1778938200,0.267,2026-05-16T13:30:00.000Z
1778940000,0.271,2026-05-16T14:00:00.000Z
1778941800,0.363,2026-05-16T14:30:00.000Z
1778943600,0.850,2026-05-16T15:00:00.000Z
1778945400,1.079,2026-05-16T15:30:00.000Z
1778947200,1.047,2026-05-16T16:00:00.000Z
1778949000,1.149,2026-05-16T16:30:00.000Z
1778950800,2.051,2026-05-16T17:00:00.000Z
1778952600,0.986,2026-05-16T17:30:00.000Z
1778954400,1.084,2026-05-16T18:00:00.000Z
1778956200,1.087,2026-05-16T18:30:00.000Z
1778958000,1.054,2026-05-16T19:00:00.000Z
1778959800,0.998,2026-05-16T19:30:00.000Z
1778961600,1.085,2026-05-16T20:00:00.000Z
1778963400,1.242,2026-05-16T20:30:00.000Z
1778965200,1.002,2026-05-16T21:00:00.000Z
1778967000,1.044,2026-05-16T21:30:00.000Z
1778968800,0.983,2026-05-16T22:00:00.000Z
1778970600,0.679,2026-05-16T22:30:00.000Z
1778972400,0.721,2026-05-16T23:00:00.000Z
1778974200,0.626,2026-05-16T23:30:00.000Z
1778976000,0.600,2026-05-17T00:00:00.000Z
1778977800,0.651,2026-05-17T00:30:00.000Z
1778979600,0.597,2026-05-17T01:00:00.000Z
1778981400,0.584,2026-05-17T01:30:00.000Z
1778983200,0.657,2026-05-17T02:00:00.000Z
1778985000,0.622,2026-05-17T02:30:00.000Z
1778986800,0.594,2026-05-17T03:00:00.000Z
1778988600,0.614,2026-05-17T03:30:00.000Z
1778990400,0.591,2026-05-17T04:00:00.000Z
1778992200,0.579,2026-05-17T04:30:00.000Z
1778994000,0.592,2026-05-17T05:00:00.000Z
1778995800,0.667,2026-05-17T05:30:00.000Z
1778997600,0.646,2026-05-17T06:00:00.000Z
1778999400,0.624,2026-05-17T06:30:00.000Z
1779001200,1.423,2026-05-17T07:00:00.000Z
1779003000,1.404,2026-05-17T07:30:00.000Z
1779004800,0.284,2026-05-17T08:00:00.000Z
1779006600,0.764,2026-05-17T08:30:00.000Z
1779008400,0.615,2026-05-17T09:00:00.000Z
1779010200,0.906,2026-05-17T09:30:00.000Z
1779012000,0.942,2026-05-17T10:00:00.000Z
1779013800,0.677,2026-05-17T10:30:00.000Z
1779015600,0.646,2026-05-17T11:00:00.000Z
1779017400,0.664,2026-05-17T11:30:00.000Z
1779019200,0.678,2026-05-17T12:00:00.000Z
1779021000,0.699,2026-05-17T12:30:00.000Z
1779022800,1.136,2026-05-17T13:00:00.000Z
1779024600,2.713,2026-05-17T13:30:00.000Z
1779026400,0.795,2026-05-17T14:00:00.000Z
1779028200,0.745,2026-05-17T14:30:00.000Z
1779030000,0.723,2026-05-17T15:00:00.000Z
1779031800,2.065,2026-05-17T15:30:00.000Z
1779033600,1.647,2026-05-17T16:00:00.000Z
1779035400,1.341,2026-05-17T16:30:00.000Z
1779037200,1.006,2026-05-17T17:00:00.000Z
1779039000,0.842,2026-05-17T17:30:00.000Z
1779040800,1.558,2026-05-17T18:00:00.000Z
1779042600,1.330,2026-05-17T18:30:00.000Z
1779044400,1.083,2026-05-17T19:00:00.000Z
1779046200,0.821,2026-05-17T19:30:00.000Z
1779048000,1.886,2026-05-17T20:00:00.000Z
1779049800,1.293,2026-05-17T20:30:00.000Z
1779051600,1.069,2026-05-17T21:00:00.000Z
1779053400,0.723,2026-05-17T21:30:00.000Z
1779055200,0.964,2026-05-17T22:00:00.000Z
1779057000,0.935,2026-05-17T22:30:00.000Z
1779058800,0.948,2026-05-17T23:00:00.000Z
1779060600,0.881,2026-05-17T23:30:00.000Z
1779062400,0.887,2026-05-18T00:00:00.000Z
1779064200,0.879,2026-05-18T00:30:00.000Z
1779066000,0.907,2026-05-18T01:00:00.000Z
1779067800,0.896,2026-05-18T01:30:00.000Z
1779069600,0.909,2026-05-18T02:00:00.000Z
1779071400,0.865,2026-05-18T02:30:00.000Z
1779073200,0.862,2026-05-18T03:00:00.000Z
1779075000,0.890,2026-05-18T03:30:00.000Z
1779076800,0.843,2026-05-18T04:00:00.000Z
1779078600,0.882,2026-05-18T04:30:00.000Z
1779080400,0.988,2026-05-18T05:00:00.000Z
1779082200,1.615,2026-05-18T05:30:00.000Z
1779084000,2.301,2026-05-18T06:00:00.000Z
1779085800,1.270,2026-05-18T06:30:00.000Z
1779087600,2.371,2026-05-18T07:00:00.000Z
1779089400,0.401,2026-05-18T07:30:00.000Z
1779091200,0.234,2026-05-18T08:00:00.000Z
1779093000,0.641,2026-05-18T08:30:00.000Z
1779094800,0.431,2026-05-18T09:00:00.000Z
1779096600,1.878,2026-05-18T09:30:00.000Z
1779098400,1.032,2026-05-18T10:00:00.000Z
1779100200,0.360,2026-05-18T10:30:00.000Z
1779102000,0.303,2026-05-18T11:00:00.000Z
1779103800,0.809,2026-05-18T11:30:00.000Z
1779105600,0.310,2026-05-18T12:00:00.000Z
1779107400,0.686,2026-05-18T12:30:00.000Z
1779109200,0.241,2026-05-18T13:00:00.000Z
1779111000,0.298,2026-05-18T13:30:00.000Z
1779112800,0.241,2026-05-18T14:00:00.000Z
1779114600,0.210,2026-05-18T14:30:00.000Z
1779116400,0.776,2026-05-18T15:00:00.000Z
1779118200,0.601,2026-05-18T15:30:00.000Z
1779120000,1.458,2026-05-18T16:00:00.000Z
1779121800,0.172,2026-05-18T16:30:00.000Z
1779123600,0.228,2026-05-18T17:00:00.000Z
1779125400,0.323,2026-05-18T17:30:00.000Z
1779127200,0.283,2026-05-18T18:00:00.000Z
1779129000,0.835,2026-05-18T18:30:00.000Z
1779130800,0.686,2026-05-18T19:00:00.000Z
1779132600,0.796,2026-05-18T19:30:00.000Z
1779134400,0.674,2026-05-18T20:00:00.000Z
1779136200,0.653,2026-05-18T20:30:00.000Z
1779138000,0.712,2026-05-18T21:00:00.000Z
1779139800,0.668,2026-05-18T21:30:00.000Z
1779141600,0.666,2026-05-18T22:00:00.000Z
1779143400,0.699,2026-05-18T22:30:00.000Z
1779145200,0.663,2026-05-18T23:00:00.000Z
1779147000,0.656,2026-05-18T23:30:00.000Z
1779148800,0.629,2026-05-19T00:00:00.000Z
1779150600,0.608,2026-05-19T00:30:00.000Z
1779152400,0.616,2026-05-19T01:00:00.000Z
1779154200,0.585,2026-05-19T01:30:00.000Z
1779156000,0.623,2026-05-19T02:00:00.000Z
1779157800,0.564,2026-05-19T02:30:00.000Z
1779159600,0.552,2026-05-19T03:00:00.000Z
1779161400,0.616,2026-05-19T03:30:00.000Z
1779163200,0.575,2026-05-19T04:00:00.000Z
1779165000,0.591,2026-05-19T04:30:00.000Z
1779166800,1.116,2026-05-19T05:00:00.000Z
1779168600,0.704,2026-05-19T05:30:00.000Z
1779170400,0.618,2026-05-19T06:00:00.000Z
1779172200,0.721,2026-05-19T06:30:00.000Z
1779174000,2.043,2026-05-19T07:00:00.000Z
1779175800,1.263,2026-05-19T07:30:00.000Z
1779177600,0.780,2026-05-19T08:00:00.000Z
1779179400,0.393,2026-05-19T08:30:00.000Z
1779181200,0.304,2026-05-19T09:00:00.000Z
1779183000,0.288,2026-05-19T09:30:00.000Z
1779184800,0.336,2026-05-19T10:00:00.000Z
1779186600,0.292,2026-05-19T10:30:00.000Z
1779188400,0.229,2026-05-19T11:00:00.000Z
1779190200,0.236,2026-05-19T11:30:00.000Z
1779192000,0.333,2026-05-19T12:00:00.000Z
1779193800,0.365,2026-05-19T12:30:00.000Z
1779195600,0.279,2026-05-19T13:00:00.000Z
1779197400,0.317,2026-05-19T13:30:00.000Z
1779199200,0.690,2026-05-19T14:00:00.000Z
1779201000,0.297,2026-05-19T14:30:00.000Z
1779202800,1.414,2026-05-19T15:00:00.000Z
1779204600,0.437,2026-05-19T15:30:00.000Z
1779206400,0.331,2026-05-19T16:00:00.000Z
1779208200,0.259,2026-05-19T16:30:00.000Z
1779210000,0.583,2026-05-19T17:00:00.000Z
1779211800,0.712,2026-05-19T17:30:00.000Z
1779213600,0.736,2026-05-19T18:00:00.000Z
1779215400,0.745,2026-05-19T18:30:00.000Z
1779217200,0.744,2026-05-19T19:00:00.000Z
1779219000,0.796,2026-05-19T19:30:00.000Z
1779220800,0.731,2026-05-19T20:00:00.000Z
1779222600,0.746,2026-05-19T20:30:00.000Z
1779224400,0.866,2026-05-19T21:00:00.000Z
1779226200,0.745,2026-05-19T21:30:00.000Z
1779228000,0.740,2026-05-19T22:00:00.000Z
1779229800,0.727,2026-05-19T22:30:00.000Z
1779231600,0.699,2026-05-19T23:00:00.000Z
1779233400,0.638,2026-05-19T23:30:00.000Z
1779235200,0.666,2026-05-20T00:00:00.000Z
1779237000,0.646,2026-05-20T00:30:00.000Z
1779238800,0.572,2026-05-20T01:00:00.000Z
1779240600,0.637,2026-05-20T01:30:00.000Z
1779242400,0.601,2026-05-20T02:00:00.000Z
1779244200,0.615,2026-05-20T02:30:00.000Z
1779246000,0.677,2026-05-20T03:00:00.000Z
1779247800,0.480,2026-05-20T03:30:00.000Z
1779249600,0.175,2026-05-20T04:00:00.000Z
1779251400,0.230,2026-05-20T04:30:00.000Z
1779253200,0.216,2026-05-20T05:00:00.000Z
1779255000,0.299,2026-05-20T05:30:00.000Z
1779256800,0.451,2026-05-20T06:00:00.000Z
1779258600,0.251,2026-05-20T06:30:00.000Z
1779260400,1.818,2026-05-20T07:00:00.000Z
1779262200,0.252,2026-05-20T07:30:00.000Z
1779264000,0.271,2026-05-20T08:00:00.000Z
1779265800,0.276,2026-05-20T08:30:00.000Z
1779267600,0.195,2026-05-20T09:00:00.000Z
1779269400,0.206,2026-05-20T09:30:00.000Z
1779271200,0.253,2026-05-20T10:00:00.000Z
1779273000,0.351,2026-05-20T10:30:00.000Z
1779274800,0.264,2026-05-20T11:00:00.000Z
1779276600,0.243,2026-05-20T11:30:00.000Z
1779278400,0.296,2026-05-20T12:00:00.000Z
1779280200,0.235,2026-05-20T12:30:00.000Z
1779282000,0.294,2026-05-20T13:00:00.000Z
1779283800,0.776,2026-05-20T13:30:00.000Z
1779285600,0.271,2026-05-20T14:00:00.000Z
1779287400,0.502,2026-05-20T14:30:00.000Z
1779289200,1.753,2026-05-20T15:00:00.000Z
1779291000,0.476,2026-05-20T15:30:00.000Z
1779292800,1.637,2026-05-20T16:00:00.000Z
1779294600,1.740,2026-05-20T16:30:00.000Z
1779296400,1.378,2026-05-20T17:00:00.000Z
1779298200,0.443,2026-05-20T17:30:00.000Z
1779300000,1.633,2026-05-20T18:00:00.000Z
1779301800,0.679,2026-05-20T18:30:00.000Z
1779303600,1.778,2026-05-20T19:00:00.000Z
1779305400,2.091,2026-05-20T19:30:00.000Z
1779307200,1.109,2026-05-20T20:00:00.000Z
1779309000,1.093,2026-05-20T20:30:00.000Z
1779310800,1.081,2026-05-20T21:00:00.000Z
1779312600,1.038,2026-05-20T21:30:00.000Z
1779314400,1.065,2026-05-20T22:00:00.000Z
1779316200,1.085,2026-05-20T22:30:00.000Z
1779318000,1.063,2026-05-20T23:00:00.000Z
1779319800,1.002,2026-05-20T23:30:00.000Z
1779321600,0.716,2026-05-21T00:00:00.000Z
1779323400,0.617,2026-05-21T00:30:00.000Z
1779325200,0.600,2026-05-21T01:00:00.000Z
1779327000,0.595,2026-05-21T01:30:00.000Z
1779328800,0.631,2026-05-21T02:00:00.000Z
1779330600,0.586,2026-05-21T02:30:00.000Z
1779332400,0.626,2026-05-21T03:00:00.000Z
1779334200,0.602,2026-05-21T03:30:00.000Z
1779336000,0.615,2026-05-21T04:00:00.000Z
1779337800,0.620,2026-05-21T04:30:00.000Z
1779339600,0.595,2026-05-21T05:00:00.000Z
1779341400,0.723,2026-05-21T05:30:00.000Z
1779343200,0.866,2026-05-21T06:00:00.000Z
1779345000,1.766,2026-05-21T06:30:00.000Z
1779346800,2.419,2026-05-21T07:00:00.000Z
1779348600,1.180,2026-05-21T07:30:00.000Z
1779350400,0.441,2026-05-21T08:00:00.000Z
1779352200,0.309,2026-05-21T08:30:00.000Z
1779354000,0.305,2026-05-21T09:00:00.000Z
1779355800,0.319,2026-05-21T09:30:00.000Z
1779357600,0.283,2026-05-21T10:00:00.000Z
1779359400,0.302,2026-05-21T10:30:00.000Z
1779361200,1.976,2026-05-21T11:00:00.000Z
1779363000,0.634,2026-05-21T11:30:00.000Z
1779364800,0.309,2026-05-21T12:00:00.000Z
1779366600,0.338,2026-05-21T12:30:00.000Z
1779368400,0.365,2026-05-21T13:00:00.000Z
1779370200,0.237,2026-05-21T13:30:00.000Z
1779372000,0.933,2026-05-21T14:00:00.000Z
1779373800,0.735,2026-05-21T14:30:00.000Z
1779375600,0.219,2026-05-21T15:00:00.000Z
1779377400,0.258,2026-05-21T15:30:00.000Z
1779379200,0.273,2026-05-21T16:00:00.000Z
1779381000,0.257,2026-05-21T16:30:00.000Z
1779382800,0.906,2026-05-21T17:00:00.000Z
1779384600,0.375,2026-05-21T17:30:00.000Z
1779386400,0.859,2026-05-21T18:00:00.000Z
1779388200,0.302,2026-05-21T18:30:00.000Z
1779390000,0.332,2026-05-21T19:00:00.000Z
1779391800,0.383,2026-05-21T19:30:00.000Z
1779393600,0.299,2026-05-21T20:00:00.000Z
1779395400,0.366,2026-05-21T20:30:00.000Z
1779397200,0.314,2026-05-21T21:00:00.000Z
1779399000,0.282,2026-05-21T21:30:00.000Z
1779400800,0.322,2026-05-21T22:00:00.000Z
1779402600,0.311,2026-05-21T22:30:00.000Z
1779404400,0.265,2026-05-21T23:00:00.000Z
1779406200,0.266,2026-05-21T23:30:00.000Z
1779408000,0.250,2026-05-22T00:00:00.000Z
1779409800,0.241,2026-05-22T00:30:00.000Z
1779411600,0.203,2026-05-22T01:00:00.000Z
1779413400,0.237,2026-05-22T01:30:00.000Z
1779415200,0.198,2026-05-22T02:00:00.000Z
1779417000,0.241,2026-05-22T02:30:00.000Z
1779418800,0.249,2026-05-22T03:00:00.000Z
1779420600,0.589,2026-05-22T03:30:00.000Z
1779422400,0.664,2026-05-22T04:00:00.000Z
1779424200,0.659,2026-05-22T04:30:00.000Z
1779426000,0.661,2026-05-22T05:00:00.000Z
1779427800,0.619,2026-05-22T05:30:00.000Z
1779429600,0.663,2026-05-22T06:00:00.000Z
1779431400,0.613,2026-05-22T06:30:00.000Z
1779433200,1.941,2026-05-22T07:00:00.000Z
1779435000,1.377,2026-05-22T07:30:00.000Z
1779436800,0.341,2026-05-22T08:00:00.000Z
1779438600,0.288,2026-05-22T08:30:00.000Z
1779440400,0.279,2026-05-22T09:00:00.000Z
1779442200,0.254,2026-05-22T09:30:00.000Z
1779444000,0.223,2026-05-22T10:00:00.000Z
1779445800,0.246,2026-05-22T10:30:00.000Z
1779447600,0.203,2026-05-22T11:00:00.000Z
1779449400,0.243,2026-05-22T11:30:00.000Z
1779451200,0.279,2026-05-22T12:00:00.000Z
1779453000,0.243,2026-05-22T12:30:00.000Z
1779454800,0.253,2026-05-22T13:00:00.000Z
1779456600,0.259,2026-05-22T13:30:00.000Z
1779458400,0.213,2026-05-22T14:00:00.000Z
1779460200,0.244,2026-05-22T14:30:00.000Z
1779462000,0.282,2026-05-22T15:00:00.000Z
1779463800,0.233,2026-05-22T15:30:00.000Z
1779465600,0.223,2026-05-22T16:00:00.000Z
1779467400,0.268,2026-05-22T16:30:00.000Z
1779469200,0.391,2026-05-22T17:00:00.000Z
1779471000,0.308,2026-05-22T17:30:00.000Z
1779472800,0.426,2026-05-22T18:00:00.000Z
1779474600,0.746,2026-05-22T18:30:00.000Z
1779476400,0.449,2026-05-22T19:00:00.000Z
1779478200,0.308,2026-05-22T19:30:00.000Z
1779480000,0.498,2026-05-22T20:00:00.000Z
1779481800,0.730,2026-05-22T20:30:00.000Z
1779483600,0.742,2026-05-22T21:00:00.000Z
1779485400,0.762,2026-05-22T21:30:00.000Z
1779487200,0.752,2026-05-22T22:00:00.000Z
1779489000,0.704,2026-05-22T22:30:00.000Z
1779490800,0.624,2026-05-22T23:00:00.000Z
1779492600,0.553,2026-05-22T23:30:00.000Z
1779494400,0.587,2026-05-23T00:00:00.000Z
1779496200,0.585,2026-05-23T00:30:00.000Z
1779498000,0.580,2026-05-23T01:00:00.000Z
1779499800,0.606,2026-05-23T01:30:00.000Z
1779501600,0.597,2026-05-23T02:00:00.000Z
1779503400,0.560,2026-05-23T02:30:00.000Z
1779505200,0.568,2026-05-23T03:00:00.000Z
1779507000,0.585,2026-05-23T03:30:00.000Z
1779508800,0.553,2026-05-23T04:00:00.000Z
1779510600,0.556,2026-05-23T04:30:00.000Z
1779512400,0.545,2026-05-23T05:00:00.000Z
1779514200,0.538,2026-05-23T05:30:00.000Z
1779516000,0.674,2026-05-23T06:00:00.000Z
1779517800,0.358,2026-05-23T06:30:00.000Z
1779519600,2.198,2026-05-23T07:00:00.000Z
1779521400,0.551,2026-05-23T07:30:00.000Z
1779523200,0.764,2026-05-23T08:00:00.000Z
1779525000,0.689,2026-05-23T08:30:00.000Z
1779526800,0.806,2026-05-23T09:00:00.000Z
1779528600,0.429,2026-05-23T09:30:00.000Z
1779530400,0.358,2026-05-23T10:00:00.000Z
1779532200,0.420,2026-05-23T10:30:00.000Z
1779534000,0.410,2026-05-23T11:00:00.000Z
1779535800,0.395,2026-05-23T11:30:00.000Z
1779537600,0.692,2026-05-23T12:00:00.000Z
1779539400,0.397,2026-05-23T12:30:00.000Z
1779541200,0.327,2026-05-23T13:00:00.000Z
1779543000,0.304,2026-05-23T13:30:00.000Z
1779544800,0.315,2026-05-23T14:00:00.000Z
1779546600,0.413,2026-05-23T14:30:00.000Z
1779548400,0.508,2026-05-23T15:00:00.000Z
1779550200,0.547,2026-05-23T15:30:00.000Z
1779552000,0.787,2026-05-23T16:00:00.000Z
1779553800,0.785,2026-05-23T16:30:00.000Z
1779555600,0.396,2026-05-23T17:00:00.000Z
1779557400,0.388,2026-05-23T17:30:00.000Z
1779559200,0.582,2026-05-23T18:00:00.000Z
1779561000,0.546,2026-05-23T18:30:00.000Z
1779562800,0.470,2026-05-23T19:00:00.000Z
1779564600,0.473,2026-05-23T19:30:00.000Z
1779566400,0.434,2026-05-23T20:00:00.000Z
1779568200,0.426,2026-05-23T20:30:00.000Z
1779570000,0.297,2026-05-23T21:00:00.000Z
1779571800,0.357,2026-05-23T21:30:00.000Z
1779573600,0.372,2026-05-23T22:00:00.000Z
1779575400,0.335,2026-05-23T22:30:00.000Z
1779577200,0.632,2026-05-23T23:00:00.000Z
1779579000,0.291,2026-05-23T23:30:00.000Z
1779580800,0.285,2026-05-24T00:00:00.000Z
1779582600,0.244,2026-05-24T00:30:00.000Z
1779584400,0.251,2026-05-24T01:00:00.000Z
1779586200,0.293,2026-05-24T01:30:00.000Z
1779588000,0.289,2026-05-24T02:00:00.000Z
1779589800,0.281,2026-05-24T02:30:00.000Z
1779591600,0.289,2026-05-24T03:00:00.000Z
1779593400,0.269,2026-05-24T03:30:00.000Z
1779595200,0.249,2026-05-24T04:00:00.000Z
1779597000,0.217,2026-05-24T04:30:00.000Z
1779598800,0.224,2026-05-24T05:00:00.000Z
1779600600,0.258,2026-05-24T05:30:00.000Z
1779602400,0.297,2026-05-24T06:00:00.000Z
1779604200,0.301,2026-05-24T06:30:00.000Z
1779606000,0.305,2026-05-24T07:00:00.000Z
1779607800,0.298,2026-05-24T07:30:00.000Z
1779609600,0.359,2026-05-24T08:00:00.000Z
1779611400,1.152,2026-05-24T08:30:00.000Z
1779613200,1.451,2026-05-24T09:00:00.000Z
1779615000,0.479,2026-05-24T09:30:00.000Z
1779616800,1.107,2026-05-24T10:00:00.000Z
1779618600,0.887,2026-05-24T10:30:00.000Z
1779620400,0.616,2026-05-24T11:00:00.000Z
1779622200,0.356,2026-05-24T11:30:00.000Z
1779624000,0.345,2026-05-24T12:00:00.000Z
1779625800,0.449,2026-05-24T12:30:00.000Z
1779627600,0.371,2026-05-24T13:00:00.000Z
1779629400,0.376,2026-05-24T13:30:00.000Z
1779631200,0.378,2026-05-24T14:00:00.000Z
1779633000,0.453,2026-05-24T14:30:00.000Z
1779634800,0.981,2026-05-24T15:00:00.000Z
1779636600,0.444,2026-05-24T15:30:00.000Z
1779638400,1.121,2026-05-24T16:00:00.000Z
1779640200,0.671,2026-05-24T16:30:00.000Z
1779642000,0.664,2026-05-24T17:00:00.000Z
1779643800,0.365,2026-05-24T17:30:00.000Z
1779645600,0.772,2026-05-24T18:00:00.000Z
1779647400,0.506,2026-05-24T18:30:00.000Z
1779649200,0.848,2026-05-24T19:00:00.000Z
1779651000,0.782,2026-05-24T19:30:00.000Z
1779652800,0.438,2026-05-24T20:00:00.000Z
1779654600,0.956,2026-05-24T20:30:00.000Z
1779656400,1.099,2026-05-24T21:00:00.000Z
1779658200,0.368,2026-05-24T21:30:00.000Z
1779660000,0.347,2026-05-24T22:00:00.000Z
1779661800,0.335,2026-05-24T22:30:00.000Z
1779663600,0.284,2026-05-24T23:00:00.000Z
1779665400,0.287,2026-05-24T23:30:00.000Z
1779667200,0.300,2026-05-25T00:00:00.000Z
1779669000,0.301,2026-05-25T00:30:00.000Z
1779670800,0.285,2026-05-25T01:00:00.000Z
1779672600,0.304,2026-05-25T01:30:00.000Z
1779674400,0.302,2026-05-25T02:00:00.000Z
1779676200,0.272,2026-05-25T02:30:00.000Z
1779678000,0.204,2026-05-25T03:00:00.000Z
1779679800,0.233,2026-05-25T03:30:00.000Z
1779681600,0.242,2026-05-25T04:00:00.000Z
1779683400,0.528,2026-05-25T04:30:00.000Z
1779685200,0.859,2026-05-25T05:00:00.000Z
1779687000,1.000,2026-05-25T05:30:00.000Z
1779688800,1.002,2026-05-25T06:00:00.000Z
1779690600,0.749,2026-05-25T06:30:00.000Z
1779692400,2.587,2026-05-25T07:00:00.000Z
1779694200,0.277,2026-05-25T07:30:00.000Z
1779696000,0.627,2026-05-25T08:00:00.000Z
1779697800,0.494,2026-05-25T08:30:00.000Z
1779699600,0.612,2026-05-25T09:00:00.000Z
1779701400,0.328,2026-05-25T09:30:00.000Z
1779703200,0.609,2026-05-25T10:00:00.000Z
1779705000,0.262,2026-05-25T10:30:00.000Z
1779706800,0.307,2026-05-25T11:00:00.000Z
1779708600,1.652,2026-05-25T11:30:00.000Z
1779710400,0.459,2026-05-25T12:00:00.000Z
1779712200,0.245,2026-05-25T12:30:00.000Z
1779714000,0.250,2026-05-25T13:00:00.000Z
1779715800,0.253,2026-05-25T13:30:00.000Z
1779717600,0.239,2026-05-25T14:00:00.000Z
1779719400,0.233,2026-05-25T14:30:00.000Z
1779721200,1.581,2026-05-25T15:00:00.000Z
1779723000,0.605,2026-05-25T15:30:00.000Z
1779724800,0.315,2026-05-25T16:00:00.000Z
1779726600,0.284,2026-05-25T16:30:00.000Z
1779728400,0.278,2026-05-25T17:00:00.000Z
1779730200,0.319,2026-05-25T17:30:00.000Z
1779732000,0.762,2026-05-25T18:00:00.000Z
1779733800,0.485,2026-05-25T18:30:00.000Z
1779735600,1.584,2026-05-25T19:00:00.000Z
1779737400,0.698,2026-05-25T19:30:00.000Z
1779739200,0.316,2026-05-25T20:00:00.000Z
1779741000,0.548,2026-05-25T20:30:00.000Z
1779742800,0.278,2026-05-25T21:00:00.000Z
1779744600,0.336,2026-05-25T21:30:00.000Z
1779746400,0.353,2026-05-25T22:00:00.000Z
1779748200,0.335,2026-05-25T22:30:00.000Z
1779750000,0.330,2026-05-25T23:00:00.000Z
1779751800,0.323,2026-05-25T23:30:00.000Z
1779753600,0.313,2026-05-26T00:00:00.000Z
1779755400,0.322,2026-05-26T00:30:00.000Z
1779757200,0.330,2026-05-26T01:00:00.000Z
1779759000,0.324,2026-05-26T01:30:00.000Z
1779760800,0.303,2026-05-26T02:00:00.000Z
1779762600,0.281,2026-05-26T02:30:00.000Z
1779764400,0.315,2026-05-26T03:00:00.000Z
1779766200,0.324,2026-05-26T03:30:00.000Z
1779768000,0.325,2026-05-26T04:00:00.000Z
1779769800,0.326,2026-05-26T04:30:00.000Z
1779771600,0.349,2026-05-26T05:00:00.000Z
1779773400,0.422,2026-05-26T05:30:00.000Z
1779775200,0.778,2026-05-26T06:00:00.000Z
1779777000,0.850,2026-05-26T06:30:00.000Z
1779778800,1.180,2026-05-26T07:00:00.000Z
1779780600,0.392,2026-05-26T07:30:00.000Z
1779782400,0.368,2026-05-26T08:00:00.000Z
1779784200,0.308,2026-05-26T08:30:00.000Z
1779786000,0.319,2026-05-26T09:00:00.000Z
1779787800,0.315,2026-05-26T09:30:00.000Z
1779789600,0.389,2026-05-26T10:00:00.000Z
1779791400,0.356,2026-05-26T10:30:00.000Z
1779793200,0.374,2026-05-26T11:00:00.000Z
1779795000,0.405,2026-05-26T11:30:00.000Z
1779796800,0.455,2026-05-26T12:00:00.000Z
1779798600,0.763,2026-05-26T12:30:00.000Z
1779800400,0.505,2026-05-26T13:00:00.000Z
1779802200,0.395,2026-05-26T13:30:00.000Z
1779804000,0.347,2026-05-26T14:00:00.000Z
1779805800,0.348,2026-05-26T14:30:00.000Z
1779807600,0.351,2026-05-26T15:00:00.000Z
1779809400,0.963,2026-05-26T15:30:00.000Z
1779811200,0.851,2026-05-26T16:00:00.000Z
1779813000,1.852,2026-05-26T16:30:00.000Z
1779814800,1.004,2026-05-26T17:00:00.000Z
1779816600,2.216,2026-05-26T17:30:00.000Z
1779818400,0.331,2026-05-26T18:00:00.000Z
1779820200,0.315,2026-05-26T18:30:00.000Z
1779822000,0.310,2026-05-26T19:00:00.000Z
1779823800,0.358,2026-05-26T19:30:00.000Z
1779825600,0.370,2026-05-26T20:00:00.000Z
1779827400,0.331,2026-05-26T20:30:00.000Z
1779829200,0.375,2026-05-26T21:00:00.000Z
1779831000,0.387,2026-05-26T21:30:00.000Z
1779832800,0.368,2026-05-26T22:00:00.000Z
1779834600,0.329,2026-05-26T22:30:00.000Z
1779836400,0.316,2026-05-26T23:00:00.000Z
1779838200,0.286,2026-05-26T23:30:00.000Z
1779840000,0.257,2026-05-27T00:00:00.000Z
1779841800,0.231,2026-05-27T00:30:00.000Z
1779843600,0.242,2026-05-27T01:00:00.000Z
1779845400,0.270,2026-05-27T01:30:00.000Z
1779847200,0.304,2026-05-27T02:00:00.000Z
1779849000,0.304,2026-05-27T02:30:00.000Z
1779850800,0.321,2026-05-27T03:00:00.000Z
1779852600,0.330,2026-05-27T03:30:00.000Z
1779854400,0.270,2026-05-27T04:00:00.000Z
1779856200,0.263,2026-05-27T04:30:00.000Z
1779858000,0.293,2026-05-27T05:00:00.000Z
1779859800,0.941,2026-05-27T05:30:00.000Z
1779861600,0.919,2026-05-27T06:00:00.000Z
1779863400,0.362,2026-05-27T06:30:00.000Z
1779865200,1.504,2026-05-27T07:00:00.000Z
1779867000,0.745,2026-05-27T07:30:00.000Z
1779868800,0.320,2026-05-27T08:00:00.000Z
1779870600,0.265,2026-05-27T08:30:00.000Z
1779872400,0.298,2026-05-27T09:00:00.000Z
1779874200,0.313,2026-05-27T09:30:00.000Z
1779876000,0.407,2026-05-27T10:00:00.000Z
1779877800,0.392,2026-05-27T10:30:00.000Z
1779879600,0.358,2026-05-27T11:00:00.000Z
1779881400,0.327,2026-05-27T11:30:00.000Z
1779883200,0.321,2026-05-27T12:00:00.000Z
1779885000,0.391,2026-05-27T12:30:00.000Z
1779886800,0.283,2026-05-27T13:00:00.000Z
1779888600,0.301,2026-05-27T13:30:00.000Z
1779890400,0.363,2026-05-27T14:00:00.000Z
1779892200,0.413,2026-05-27T14:30:00.000Z
1779894000,0.401,2026-05-27T15:00:00.000Z
1779895800,0.402,2026-05-27T15:30:00.000Z
1779897600,0.409,2026-05-27T16:00:00.000Z
1779899400,0.399,2026-05-27T16:30:00.000Z
1779901200,0.380,2026-05-27T17:00:00.000Z
1779903000,0.516,2026-05-27T17:30:00.000Z
1779904800,0.482,2026-05-27T18:00:00.000Z
1779906600,0.353,2026-05-27T18:30:00.000Z
1779908400,0.389,2026-05-27T19:00:00.000Z
1779910200,0.459,2026-05-27T19:30:00.000Z
1779912000,0.510,2026-05-27T20:00:00.000Z
1779913800,0.497,2026-05-27T20:30:00.000Z
1779915600,0.670,2026-05-27T21:00:00.000Z
1779917400,0.722,2026-05-27T21:30:00.000Z
1779919200,0.657,2026-05-27T22:00:00.000Z
1779921000,0.600,2026-05-27T22:30:00.000Z
1779922800,0.587,2026-05-27T23:00:00.000Z
1779924600,0.565,2026-05-27T23:30:00.000Z
1779926400,0.575,2026-05-28T00:00:00.000Z
1779928200,0.553,2026-05-28T00:30:00.000Z
1779930000,0.552,2026-05-28T01:00:00.000Z
1779931800,0.575,2026-05-28T01:30:00.000Z
1779933600,0.573,2026-05-28T02:00:00.000Z
1779935400,0.582,2026-05-28T02:30:00.000Z
1779937200,0.365,2026-05-28T03:00:00.000Z
1779939000,0.307,2026-05-28T03:30:00.000Z
1779940800,0.310,2026-05-28T04:00:00.000Z
1779942600,0.268,2026-05-28T04:30:00.000Z
1779944400,0.258,2026-05-28T05:00:00.000Z
1779946200,0.605,2026-05-28T05:30:00.000Z
1779948000,1.608,2026-05-28T06:00:00.000Z
1779949800,1.456,2026-05-28T06:30:00.000Z
1779951600,3.503,2026-05-28T07:00:00.000Z
1779953400,0.835,2026-05-28T07:30:00.000Z
1779955200,0.772,2026-05-28T08:00:00.000Z
1779957000,0.336,2026-05-28T08:30:00.000Z
1779958800,0.363,2026-05-28T09:00:00.000Z
1779960600,0.354,2026-05-28T09:30:00.000Z
1779962400,0.365,2026-05-28T10:00:00.000Z
1779964200,0.476,2026-05-28T10:30:00.000Z
1779966000,0.269,2026-05-28T11:00:00.000Z
1779967800,0.264,2026-05-28T11:30:00.000Z
1779969600,0.289,2026-05-28T12:00:00.000Z
1779971400,0.293,2026-05-28T12:30:00.000Z
1779973200,0.284,2026-05-28T13:00:00.000Z
1779975000,0.282,2026-05-28T13:30:00.000Z
1779976800,0.301,2026-05-28T14:00:00.000Z
1779978600,0.278,2026-05-28T14:30:00.000Z
1779980400,0.299,2026-05-28T15:00:00.000Z
1779982200,0.282,2026-05-28T15:30:00.000Z
1779984000,0.244,2026-05-28T16:00:00.000Z
1779985800,0.248,2026-05-28T16:30:00.000Z
1779987600,0.265,2026-05-28T17:00:00.000Z
1779989400,0.491,2026-05-28T17:30:00.000Z
1779991200,0.412,2026-05-28T18:00:00.000Z
1779993000,0.320,2026-05-28T18:30:00.000Z
1779994800,0.889,2026-05-28T19:00:00.000Z
1779996600,0.553,2026-05-28T19:30:00.000Z
1779998400,0.291,2026-05-28T20:00:00.000Z
1780000200,0.284,2026-05-28T20:30:00.000Z
1780002000,0.275,2026-05-28T21:00:00.000Z
1780003800,0.240,2026-05-28T21:30:00.000Z
1780005600,0.240,2026-05-28T22:00:00.000Z
1780007400,0.267,2026-05-28T22:30:00.000Z
1780009200,0.266,2026-05-28T23:00:00.000Z
1780011000,0.243,2026-05-28T23:30:00.000Z
1780012800,0.251,2026-05-29T00:00:00.000Z
1780014600,0.249,2026-05-29T00:30:00.000Z
1780016400,0.233,2026-05-29T01:00:00.000Z
1780018200,0.213,2026-05-29T01:30:00.000Z
1780020000,0.203,2026-05-29T02:00:00.000Z
1780021800,0.194,2026-05-29T02:30:00.000Z
1780023600,0.215,2026-05-29T03:00:00.000Z
1780025400,0.217,2026-05-29T03:30:00.000Z
1780027200,0.204,2026-05-29T04:00:00.000Z
1780029000,0.232,2026-05-29T04:30:00.000Z
1780030800,0.326,2026-05-29T05:00:00.000Z
1780032600,0.622,2026-05-29T05:30:00.000Z
1780034400,0.614,2026-05-29T06:00:00.000Z
1780036200,0.647,2026-05-29T06:30:00.000Z
1780038000,2.600,2026-05-29T07:00:00.000Z
1780039800,0.334,2026-05-29T07:30:00.000Z
1780041600,0.261,2026-05-29T08:00:00.000Z
1780043400,0.256,2026-05-29T08:30:00.000Z
1780045200,0.258,2026-05-29T09:00:00.000Z
1780047000,0.736,2026-05-29T09:30:00.000Z
1780048800,0.340,2026-05-29T10:00:00.000Z
1780050600,1.038,2026-05-29T10:30:00.000Z
1780052400,1.116,2026-05-29T11:00:00.000Z
1780054200,0.392,2026-05-29T11:30:00.000Z
1780056000,0.423,2026-05-29T12:00:00.000Z
1780057800,0.411,2026-05-29T12:30:00.000Z
1780059600,0.476,2026-05-29T13:00:00.000Z
1780061400,0.425,2026-05-29T13:30:00.000Z
1780063200,0.441,2026-05-29T14:00:00.000Z
1780065000,0.418,2026-05-29T14:30:00.000Z
1780066800,0.411,2026-05-29T15:00:00.000Z
1780068600,0.417,2026-05-29T15:30:00.000Z
1780070400,0.383,2026-05-29T16:00:00.000Z
1780072200,0.316,2026-05-29T16:30:00.000Z
1780074000,0.285,2026-05-29T17:00:00.000Z
1780075800,0.362,2026-05-29T17:30:00.000Z
1780077600,0.612,2026-05-29T18:00:00.000Z
1780079400,0.571,2026-05-29T18:30:00.000Z
1780081200,0.619,2026-05-29T19:00:00.000Z
1780083000,1.193,2026-05-29T19:30:00.000Z
1780084800,0.597,2026-05-29T20:00:00.000Z
1780086600,0.489,2026-05-29T20:30:00.000Z
1780088400,0.330,2026-05-29T21:00:00.000Z
1780090200,0.299,2026-05-29T21:30:00.000Z
1780092000,0.291,2026-05-29T22:00:00.000Z
1780093800,0.301,2026-05-29T22:30:00.000Z
1780095600,0.260,2026-05-29T23:00:00.000Z
1780097400,0.274,2026-05-29T23:30:00.000Z
1780099200,0.248,2026-05-30T00:00:00.000Z
1780101000,0.265,2026-05-30T00:30:00.000Z
1780102800,0.243,2026-05-30T01:00:00.000Z
1780104600,0.229,2026-05-30T01:30:00.000Z
1780106400,0.235,2026-05-30T02:00:00.000Z
1780108200,0.254,2026-05-30T02:30:00.000Z
1780110000,0.260,2026-05-30T03:00:00.000Z
1780111800,0.260,2026-05-30T03:30:00.000Z
1780113600,0.224,2026-05-30T04:00:00.000Z
1780115400,0.204,2026-05-30T04:30:00.000Z
1780117200,0.217,2026-05-30T05:00:00.000Z
1780119000,0.261,2026-05-30T05:30:00.000Z
1780120800,0.266,2026-05-30T06:00:00.000Z
1780122600,0.267,2026-05-30T06:30:00.000Z
1780124400,0.869,2026-05-30T07:00:00.000Z
1780126200,0.513,2026-05-30T07:30:00.000Z
1780128000,0.420,2026-05-30T08:00:00.000Z
1780129800,0.899,2026-05-30T08:30:00.000Z
1780131600,0.601,2026-05-30T09:00:00.000Z
1780133400,1.676,2026-05-30T09:30:00.000Z
1780135200,0.992,2026-05-30T10:00:00.000Z
1780137000,0.973,2026-05-30T10:30:00.000Z
1780138800,0.905,2026-05-30T11:00:00.000Z
1780140600,0.682,2026-05-30T11:30:00.000Z
1780142400,0.669,2026-05-30T12:00:00.000Z
1780144200,0.663,2026-05-30T12:30:00.000Z
1780146000,0.675,2026-05-30T13:00:00.000Z
1780147800,0.680,2026-05-30T13:30:00.000Z
1780149600,0.695,2026-05-30T14:00:00.000Z
1780151400,0.555,2026-05-30T14:30:00.000Z
1780153200,0.359,2026-05-30T15:00:00.000Z
1780155000,0.310,2026-05-30T15:30:00.000Z
1780156800,0.502,2026-05-30T16:00:00.000Z
1780158600,0.295,2026-05-30T16:30:00.000Z
1780160400,0.506,2026-05-30T17:00:00.000Z
1780162200,0.310,2026-05-30T17:30:00.000Z
1780164000,0.670,2026-05-30T18:00:00.000Z
1780165800,0.318,2026-05-30T18:30:00.000Z
1780167600,0.291,2026-05-30T19:00:00.000Z
1780169400,1.609,2026-05-30T19:30:00.000Z
1780171200,0.497,2026-05-30T20:00:00.000Z
1780173000,0.254,2026-05-30T20:30:00.000Z
1780174800,0.242,2026-05-30T21:00:00.000Z
1780176600,0.235,2026-05-30T21:30:00.000Z
1780178400,0.301,2026-05-30T22:00:00.000Z
1780180200,0.299,2026-05-30T22:30:00.000Z
1780182000,0.286,2026-05-30T23:00:00.000Z
1780183800,0.271,2026-05-30T23:30:00.000Z
1780185600,0.268,2026-05-31T00:00:00.000Z
1780187400,0.143,2026-05-31T00:30:00.000Z
1780189200,0.180,2026-05-31T01:00:00.000Z
1780191000,0.173,2026-05-31T01:30:00.000Z
1780192800,0.217,2026-05-31T02:00:00.000Z
1780194600,0.262,2026-05-31T02:30:00.000Z
1780196400,0.236,2026-05-31T03:00:00.000Z
1780198200,0.220,2026-05-31T03:30:00.000Z
1780200000,0.597,2026-05-31T04:00:00.000Z
1780201800,0.629,2026-05-31T04:30:00.000Z
1780203600,0.928,2026-05-31T05:00:00.000Z
1780205400,1.159,2026-05-31T05:30:00.000Z
1780207200,0.934,2026-05-31T06:00:00.000Z
1780209000,1.193,2026-05-31T06:30:00.000Z
1780210800,0.938,2026-05-31T07:00:00.000Z
1780212600,0.235,2026-05-31T07:30:00.000Z
1780214400,0.847,2026-05-31T08:00:00.000Z
1780216200,0.309,2026-05-31T08:30:00.000Z
1780218000,0.278,2026-05-31T09:00:00.000Z
1780219800,0.246,2026-05-31T09:30:00.000Z
1780221600,0.225,2026-05-31T10:00:00.000Z
1780223400,0.184,2026-05-31T10:30:00.000Z
1780225200,0.182,2026-05-31T11:00:00.000Z
1780227000,0.239,2026-05-31T11:30:00.000Z
1780228800,0.253,2026-05-31T12:00:00.000Z
1780230600,0.219,2026-05-31T12:30:00.000Z
1780232400,0.251,2026-05-31T13:00:00.000Z
1780234200,0.243,2026-05-31T13:30:00.000Z
1780236000,0.236,2026-05-31T14:00:00.000Z
1780237800,0.217,2026-05-31T14:30:00.000Z
1780239600,0.201,2026-05-31T15:00:00.000Z
1780241400,1.104,2026-05-31T15:30:00.000Z
1780243200,0.247,2026-05-31T16:00:00.000Z
1780245000,0.388,2026-05-31T16:30:00.000Z
1780246800,0.270,2026-05-31T17:00:00.000Z
1780248600,0.951,2026-05-31T17:30:00.000Z
1780250400,0.421,2026-05-31T18:00:00.000Z
1780252200,0.308,2026-05-31T18:30:00.000Z
1780254000,0.264,2026-05-31T19:00:00.000Z
1780255800,0.278,2026-05-31T19:30:00.000Z
1780257600,0.299,2026-05-31T20:00:00.000Z
1780259400,0.267,2026-05-31T20:30:00.000Z
1780261200,0.306,2026-05-31T21:00:00.000Z
1780263000,0.286,2026-05-31T21:30:00.000Z
1780264800,0.269,2026-05-31T22:00:00.000Z
1780266600,0.268,2026-05-31T22:30:00.000Z
1780268400,0.205,2026-05-31T23:00:00.000Z
1780270200,0.199,2026-05-31T23:30:00.000Z
1780272000,0.151,2026-06-01T00:00:00.000Z
1780273800,0.147,2026-06-01T00:30:00.000Z
1780275600,0.224,2026-06-01T01:00:00.000Z
1780277400,0.185,2026-06-01T01:30:00.000Z
1780279200,0.232,2026-06-01T02:00:00.000Z
1780281000,0.222,2026-06-01T02:30:00.000Z
1780282800,0.232,2026-06-01T03:00:00.000Z
1780284600,0.223,2026-06-01T03:30:00.000Z
1780286400,0.216,2026-06-01T04:00:00.000Z
1780288200,0.183,2026-06-01T04:30:00.000Z
1780290000,0.325,2026-06-01T05:00:00.000Z
1780291800,0.524,2026-06-01T05:30:00.000Z
1780293600,0.988,2026-06-01T06:00:00.000Z
1780295400,1.036,2026-06-01T06:30:00.000Z
1780297200,2.260,2026-06-01T07:00:00.000Z
1780299000,0.892,2026-06-01T07:30:00.000Z
1780300800,0.227,2026-06-01T08:00:00.000Z
1780302600,0.211,2026-06-01T08:30:00.000Z
1780304400,0.194,2026-06-01T09:00:00.000Z
1780306200,0.195,2026-06-01T09:30:00.000Z
1780308000,0.201,2026-06-01T10:00:00.000Z
1780309800,0.203,2026-06-01T10:30:00.000Z
1780311600,0.202,2026-06-01T11:00:00.000Z
1780313400,0.224,2026-06-01T11:30:00.000Z
1780315200,0.210,2026-06-01T12:00:00.000Z
1780317000,0.225,2026-06-01T12:30:00.000Z
1780318800,0.226,2026-06-01T13:00:00.000Z
1780320600,0.235,2026-06-01T13:30:00.000Z
1780322400,0.165,2026-06-01T14:00:00.000Z
1780324200,0.225,2026-06-01T14:30:00.000Z
1780326000,0.347,2026-06-01T15:00:00.000Z
1780327800,1.567,2026-06-01T15:30:00.000Z
1780329600,0.806,2026-06-01T16:00:00.000Z
1780331400,0.947,2026-06-01T16:30:00.000Z
1780333200,1.066,2026-06-01T17:00:00.000Z
1780335000,0.354,2026-06-01T17:30:00.000Z
1780336800,0.892,2026-06-01T18:00:00.000Z
1780338600,0.885,2026-06-01T18:30:00.000Z
1780340400,0.917,2026-06-01T19:00:00.000Z
1780342200,0.545,2026-06-01T19:30:00.000Z
1780344000,0.548,2026-06-01T20:00:00.000Z
1780345800,0.516,2026-06-01T20:30:00.000Z
1780347600,0.535,2026-06-01T21:00:00.000Z
1780349400,0.532,2026-06-01T21:30:00.000Z
1780351200,0.535,2026-06-01T22:00:00.000Z
1780353000,0.496,2026-06-01T22:30:00.000Z
1780354800,0.470,2026-06-01T23:00:00.000Z
1780356600,0.441,2026-06-01T23:30:00.000Z
1780358400,0.435,2026-06-02T00:00:00.000Z
1780360200,0.472,2026-06-02T00:30:00.000Z
1780362000,0.507,2026-06-02T01:00:00.000Z
1780363800,0.460,2026-06-02T01:30:00.000Z
1780365600,0.524,2026-06-02T02:00:00.000Z
1780367400,0.494,2026-06-02T02:30:00.000Z
1780369200,0.501,2026-06-02T03:00:00.000Z
1780371000,0.477,2026-06-02T03:30:00.000Z
1780372800,0.476,2026-06-02T04:00:00.000Z
1780374600,0.631,2026-06-02T04:30:00.000Z
1780376400,0.731,2026-06-02T05:00:00.000Z
1780378200,1.092,2026-06-02T05:30:00.000Z
1780380000,0.868,2026-06-02T06:00:00.000Z
1780381800,0.945,2026-06-02T06:30:00.000Z
1780383600,1.544,2026-06-02T07:00:00.000Z
1780385400,0.516,2026-06-02T07:30:00.000Z
1780387200,0.193,2026-06-02T08:00:00.000Z
1780389000,0.204,2026-06-02T08:30:00.000Z
1780390800,0.168,2026-06-02T09:00:00.000Z
1780392600,0.222,2026-06-02T09:30:00.000Z
1780394400,0.212,2026-06-02T10:00:00.000Z
1780396200,0.230,2026-06-02T10:30:00.000Z
1780398000,0.221,2026-06-02T11:00:00.000Z
1780399800,0.294,2026-06-02T11:30:00.000Z
1780401600,0.235,2026-06-02T12:00:00.000Z
1780403400,0.219,2026-06-02T12:30:00.000Z
1780405200,0.217,2026-06-02T13:00:00.000Z
1780407000,0.229,2026-06-02T13:30:00.000Z
1780408800,0.186,2026-06-02T14:00:00.000Z
1780410600,0.257,2026-06-02T14:30:00.000Z
1780412400,0.241,2026-06-02T15:00:00.000Z
1780414200,0.364,2026-06-02T15:30:00.000Z
1780416000,2.085,2026-06-02T16:00:00.000Z
1780417800,0.283,2026-06-02T16:30:00.000Z
1780419600,0.514,2026-06-02T17:00:00.000Z
1780421400,0.591,2026-06-02T17:30:00.000Z
1780423200,0.535,2026-06-02T18:00:00.000Z
1780425000,0.375,2026-06-02T18:30:00.000Z
1780426800,0.219,2026-06-02T19:00:00.000Z
1780428600,0.826,2026-06-02T19:30:00.000Z
1780430400,0.944,2026-06-02T20:00:00.000Z
1780432200,0.288,2026-06-02T20:30:00.000Z
1780434000,0.296,2026-06-02T21:00:00.000Z
1780435800,0.255,2026-06-02T21:30:00.000Z
1780437600,0.576,2026-06-02T22:00:00.000Z
1780439400,0.624,2026-06-02T22:30:00.000Z
1780441200,0.623,2026-06-02T23:00:00.000Z
1780443000,0.623,2026-06-02T23:30:00.000Z
1780444800,0.638,2026-06-03T00:00:00.000Z
1780446600,0.611,2026-06-03T00:30:00.000Z
1780448400,0.633,2026-06-03T01:00:00.000Z
1780450200,0.608,2026-06-03T01:30:00.000Z
1780452000,0.646,2026-06-03T02:00:00.000Z
1780453800,0.610,2026-06-03T02:30:00.000Z
1780455600,0.581,2026-06-03T03:00:00.000Z
1780457400,0.197,2026-06-03T03:30:00.000Z
1780459200,0.209,2026-06-03T04:00:00.000Z
1780461000,0.363,2026-06-03T04:30:00.000Z
1780462800,0.636,2026-06-03T05:00:00.000Z
1780464600,1.000,2026-06-03T05:30:00.000Z
1780466400,0.900,2026-06-03T06:00:00.000Z
1780468200,0.909,2026-06-03T06:30:00.000Z
1780470000,1.431,2026-06-03T07:00:00.000Z
1780471800,0.584,2026-06-03T07:30:00.000Z
1780473600,0.215,2026-06-03T08:00:00.000Z
1780475400,0.174,2026-06-03T08:30:00.000Z
1780477200,0.210,2026-06-03T09:00:00.000Z
1780479000,0.186,2026-06-03T09:30:00.000Z
1780480800,0.203,2026-06-03T10:00:00.000Z
1780482600,0.208,2026-06-03T10:30:00.000Z
1780484400,0.309,2026-06-03T11:00:00.000Z
1780486200,0.192,2026-06-03T11:30:00.000Z
1780488000,0.145,2026-06-03T12:00:00.000Z
1780489800,0.186,2026-06-03T12:30:00.000Z
1780491600,0.183,2026-06-03T13:00:00.000Z
1780493400,0.233,2026-06-03T13:30:00.000Z
1780495200,0.196,2026-06-03T14:00:00.000Z
1780497000,0.227,2026-06-03T14:30:00.000Z
1780498800,0.280,2026-06-03T15:00:00.000Z
1780500600,2.677,2026-06-03T15:30:00.000Z
1780502400,1.057,2026-06-03T16:00:00.000Z
1780504200,0.869,2026-06-03T16:30:00.000Z
1780506000,1.132,2026-06-03T17:00:00.000Z
1780507800,0.429,2026-06-03T17:30:00.000Z
1780509600,0.716,2026-06-03T18:00:00.000Z
1780511400,1.140,2026-06-03T18:30:00.000Z
1780513200,0.949,2026-06-03T19:00:00.000Z
1780515000,0.954,2026-06-03T19:30:00.000Z
1780516800,0.906,2026-06-03T20:00:00.000Z
1780518600,0.862,2026-06-03T20:30:00.000Z
1780520400,0.726,2026-06-03T21:00:00.000Z
1780522200,0.697,2026-06-03T21:30:00.000Z
1780524000,0.678,2026-06-03T22:00:00.000Z
1780525800,0.623,2026-06-03T22:30:00.000Z
1780527600,0.609,2026-06-03T23:00:00.000Z
1780529400,0.610,2026-06-03T23:30:00.000Z
1780531200,0.591,2026-06-04T00:00:00.000Z
1780533000,0.615,2026-06-04T00:30:00.000Z
1780534800,0.601,2026-06-04T01:00:00.000Z
1780536600,0.611,2026-06-04T01:30:00.000Z
1780538400,0.634,2026-06-04T02:00:00.000Z
1780540200,0.630,2026-06-04T02:30:00.000Z
1780542000,0.596,2026-06-04T03:00:00.000Z
1780543800,0.623,2026-06-04T03:30:00.000Z
1780545600,0.565,2026-06-04T04:00:00.000Z
1780547400,0.660,2026-06-04T04:30:00.000Z
1780549200,1.046,2026-06-04T05:00:00.000Z
1780551000,0.845,2026-06-04T05:30:00.000Z
1780552800,1.060,2026-06-04T06:00:00.000Z
1780554600,0.996,2026-06-04T06:30:00.000Z
1780556400,1.882,2026-06-04T07:00:00.000Z
1780558200,0.283,2026-06-04T07:30:00.000Z
1780560000,0.199,2026-06-04T08:00:00.000Z
1780561800,0.230,2026-06-04T08:30:00.000Z
1780563600,0.135,2026-06-04T09:00:00.000Z
1780565400,0.157,2026-06-04T09:30:00.000Z
1780567200,0.205,2026-06-04T10:00:00.000Z
1780569000,0.217,2026-06-04T10:30:00.000Z
1780570800,0.220,2026-06-04T11:00:00.000Z
1780572600,0.231,2026-06-04T11:30:00.000Z
1780574400,0.198,2026-06-04T12:00:00.000Z
1780576200,0.211,2026-06-04T12:30:00.000Z
1780578000,0.210,2026-06-04T13:00:00.000Z
1780579800,0.175,2026-06-04T13:30:00.000Z
1780581600,0.178,2026-06-04T14:00:00.000Z
1780583400,0.152,2026-06-04T14:30:00.000Z
1780585200,0.249,2026-06-04T15:00:00.000Z
1780587000,2.057,2026-06-04T15:30:00.000Z
1780588800,1.237,2026-06-04T16:00:00.000Z
1780590600,0.450,2026-06-04T16:30:00.000Z
1780592400,0.718,2026-06-04T17:00:00.000Z
1780594200,0.292,2026-06-04T17:30:00.000Z
1780596000,0.358,2026-06-04T18:00:00.000Z
1780597800,0.731,2026-06-04T18:30:00.000Z
1780599600,0.667,2026-06-04T19:00:00.000Z
1780601400,0.544,2026-06-04T19:30:00.000Z
1780603200,0.965,2026-06-04T20:00:00.000Z
1780605000,0.985,2026-06-04T20:30:00.000Z
1780606800,0.959,2026-06-04T21:00:00.000Z
1780608600,0.822,2026-06-04T21:30:00.000Z
1780610400,0.641,2026-06-04T22:00:00.000Z
1780612200,0.688,2026-06-04T22:30:00.000Z
1780614000,0.639,2026-06-04T23:00:00.000Z
1780615800,0.645,2026-06-04T23:30:00.000Z
1780617600,0.643,2026-06-05T00:00:00.000Z
1780619400,0.614,2026-06-05T00:30:00.000Z
1780621200,0.623,2026-06-05T01:00:00.000Z
1780623000,0.592,2026-06-05T01:30:00.000Z
1780624800,0.615,2026-06-05T02:00:00.000Z
1780626600,0.657,2026-06-05T02:30:00.000Z
1780628400,0.607,2026-06-05T03:00:00.000Z
1780630200,0.640,2026-06-05T03:30:00.000Z
1780632000,0.608,2026-06-05T04:00:00.000Z
1780633800,0.673,2026-06-05T04:30:00.000Z
1780635600,0.721,2026-06-05T05:00:00.000Z
1780637400,0.878,2026-06-05T05:30:00.000Z
1780639200,1.000,2026-06-05T06:00:00.000Z
1780641000,0.952,2026-06-05T06:30:00.000Z
1780642800,2.170,2026-06-05T07:00:00.000Z
1780644600,0.244,2026-06-05T07:30:00.000Z
1780646400,0.202,2026-06-05T08:00:00.000Z
1780648200,0.172,2026-06-05T08:30:00.000Z
1780650000,0.151,2026-06-05T09:00:00.000Z
1780651800,0.147,2026-06-05T09:30:00.000Z
1780653600,0.191,2026-06-05T10:00:00.000Z
1780655400,0.186,2026-06-05T10:30:00.000Z
1780657200,1.133,2026-06-05T11:00:00.000Z
1780659000,1.267,2026-06-05T11:30:00.000Z
1780660800,0.464,2026-06-05T12:00:00.000Z
1780662600,0.697,2026-06-05T12:30:00.000Z
1780664400,0.246,2026-06-05T13:00:00.000Z
1780666200,0.180,2026-06-05T13:30:00.000Z
1780668000,0.156,2026-06-05T14:00:00.000Z
1780669800,0.184,2026-06-05T14:30:00.000Z
1780671600,0.191,2026-06-05T15:00:00.000Z
1780673400,0.229,2026-06-05T15:30:00.000Z
1780675200,0.247,2026-06-05T16:00:00.000Z
1780677000,0.237,2026-06-05T16:30:00.000Z
1780678800,1.072,2026-06-05T17:00:00.000Z
1780680600,0.899,2026-06-05T17:30:00.000Z
1780682400,1.181,2026-06-05T18:00:00.000Z
1780684200,1.279,2026-06-05T18:30:00.000Z
1780686000,0.976,2026-06-05T19:00:00.000Z
1780687800,0.965,2026-06-05T19:30:00.000Z
1780689600,0.744,2026-06-05T20:00:00.000Z
1780691400,0.797,2026-06-05T20:30:00.000Z
1780693200,0.764,2026-06-05T21:00:00.000Z
1780695000,0.755,2026-06-05T21:30:00.000Z
1780696800,0.682,2026-06-05T22:00:00.000Z
1780698600,0.652,2026-06-05T22:30:00.000Z
1780700400,0.660,2026-06-05T23:00:00.000Z
1780702200,0.633,2026-06-05T23:30:00.000Z
1780704000,0.667,2026-06-06T00:00:00.000Z
1780705800,0.682,2026-06-06T00:30:00.000Z
1780707600,0.640,2026-06-06T01:00:00.000Z
1780709400,0.675,2026-06-06T01:30:00.000Z
1780711200,0.682,2026-06-06T02:00:00.000Z
1780713000,0.602,2026-06-06T02:30:00.000Z
1780714800,0.644,2026-06-06T03:00:00.000Z
1780716600,0.599,2026-06-06T03:30:00.000Z
1780718400,0.648,2026-06-06T04:00:00.000Z
1780720200,0.743,2026-06-06T04:30:00.000Z
1780722000,0.665,2026-06-06T05:00:00.000Z
1780723800,0.649,2026-06-06T05:30:00.000Z
1780725600,0.681,2026-06-06T06:00:00.000Z
1780727400,1.392,2026-06-06T06:30:00.000Z
1780729200,0.722,2026-06-06T07:00:00.000Z
1780731000,0.657,2026-06-06T07:30:00.000Z
1780732800,0.639,2026-06-06T08:00:00.000Z
1780734600,0.649,2026-06-06T08:30:00.000Z
1780736400,0.639,2026-06-06T09:00:00.000Z
1780738200,0.641,2026-06-06T09:30:00.000Z
1780740000,0.632,2026-06-06T10:00:00.000Z
1780741800,0.638,2026-06-06T10:30:00.000Z
1780743600,0.667,2026-06-06T11:00:00.000Z
1780745400,0.701,2026-06-06T11:30:00.000Z
1780747200,0.886,2026-06-06T12:00:00.000Z
1780749000,0.840,2026-06-06T12:30:00.000Z
1780750800,0.725,2026-06-06T13:00:00.000Z
1780752600,1.604,2026-06-06T13:30:00.000Z
1780754400,1.196,2026-06-06T14:00:00.000Z
1780756200,1.133,2026-06-06T14:30:00.000Z
1780758000,1.862,2026-06-06T15:00:00.000Z
1780759800,1.872,2026-06-06T15:30:00.000Z
1780761600,1.045,2026-06-06T16:00:00.000Z
1780763400,0.811,2026-06-06T16:30:00.000Z
1780765200,0.735,2026-06-06T17:00:00.000Z
1780767000,1.814,2026-06-06T17:30:00.000Z
1780768800,2.161,2026-06-06T18:00:00.000Z
1780770600,0.973,2026-06-06T18:30:00.000Z
1780772400,1.170,2026-06-06T19:00:00.000Z
1780774200,1.018,2026-06-06T19:30:00.000Z
1780776000,1.254,2026-06-06T20:00:00.000Z
1780777800,0.796,2026-06-06T20:30:00.000Z
1780779600,0.715,2026-06-06T21:00:00.000Z
1780781400,0.736,2026-06-06T21:30:00.000Z
1780783200,0.774,2026-06-06T22:00:00.000Z
1780785000,0.670,2026-06-06T22:30:00.000Z
1780786800,0.679,2026-06-06T23:00:00.000Z
1780788600,0.650,2026-06-06T23:30:00.000Z
1780790400,0.617,2026-06-07T00:00:00.000Z
1780792200,0.592,2026-06-07T00:30:00.000Z
1780794000,0.634,2026-06-07T01:00:00.000Z
1780795800,0.612,2026-06-07T01:30:00.000Z
1780797600,0.622,2026-06-07T02:00:00.000Z
1780799400,0.627,2026-06-07T02:30:00.000Z
1780801200,0.628,2026-06-07T03:00:00.000Z
1780803000,0.637,2026-06-07T03:30:00.000Z
1780804800,0.633,2026-06-07T04:00:00.000Z
1780806600,0.615,2026-06-07T04:30:00.000Z
1780808400,0.790,2026-06-07T05:00:00.000Z
1780810200,1.316,2026-06-07T05:30:00.000Z
1780812000,0.956,2026-06-07T06:00:00.000Z
1780813800,1.497,2026-06-07T06:30:00.000Z
1780815600,2.165,2026-06-07T07:00:00.000Z
1780817400,0.716,2026-06-07T07:30:00.000Z
1780819200,0.619,2026-06-07T08:00:00.000Z
1780821000,0.617,2026-06-07T08:30:00.000Z
1780822800,0.634,2026-06-07T09:00:00.000Z
1780824600,0.708,2026-06-07T09:30:00.000Z
1780826400,0.648,2026-06-07T10:00:00.000Z
1780828200,0.752,2026-06-07T10:30:00.000Z
1780830000,0.713,2026-06-07T11:00:00.000Z
1780831800,1.260,2026-06-07T11:30:00.000Z
1780833600,1.732,2026-06-07T12:00:00.000Z
1780835400,1.729,2026-06-07T12:30:00.000Z
1780837200,1.695,2026-06-07T13:00:00.000Z
1780839000,0.846,2026-06-07T13:30:00.000Z
1780840800,0.631,2026-06-07T14:00:00.000Z
1780842600,0.679,2026-06-07T14:30:00.000Z
1780844400,0.713,2026-06-07T15:00:00.000Z
1780846200,1.071,2026-06-07T15:30:00.000Z
1780848000,0.680,2026-06-07T16:00:00.000Z
1780849800,0.569,2026-06-07T16:30:00.000Z
1780851600,0.284,2026-06-07T17:00:00.000Z
1780853400,0.321,2026-06-07T17:30:00.000Z
1780855200,2.158,2026-06-07T18:00:00.000Z
1780857000,0.982,2026-06-07T18:30:00.000Z
1780858800,1.196,2026-06-07T19:00:00.000Z
1780860600,1.158,2026-06-07T19:30:00.000Z
1780862400,1.243,2026-06-07T20:00:00.000Z
1780864200,0.641,2026-06-07T20:30:00.000Z
1780866000,0.712,2026-06-07T21:00:00.000Z
1780867800,0.348,2026-06-07T21:30:00.000Z
1780869600,0.333,2026-06-07T22:00:00.000Z
1780871400,0.278,2026-06-07T22:30:00.000Z
1780873200,0.275,2026-06-07T23:00:00.000Z
1780875000,0.226,2026-06-07T23:30:00.000Z
1780876800,0.199,2026-06-08T00:00:00.000Z
1780878600,0.179,2026-06-08T00:30:00.000Z
1780880400,0.210,2026-06-08T01:00:00.000Z
1780882200,0.262,2026-06-08T01:30:00.000Z
1780884000,0.252,2026-06-08T02:00:00.000Z
1780885800,0.274,2026-06-08T02:30:00.000Z
1780887600,0.224,2026-06-08T03:00:00.000Z
1780889400,0.209,2026-06-08T03:30:00.000Z
1780891200,0.229,2026-06-08T04:00:00.000Z
1780893000,0.212,2026-06-08T04:30:00.000Z
1780894800,0.882,2026-06-08T05:00:00.000Z
1780896600,1.435,2026-06-08T05:30:00.000Z
1780898400,1.469,2026-06-08T06:00:00.000Z
1780900200,1.463,2026-06-08T06:30:00.000Z
1780902000,2.703,2026-06-08T07:00:00.000Z
1780903800,0.815,2026-06-08T07:30:00.000Z
1780905600,0.436,2026-06-08T08:00:00.000Z
1780907400,0.439,2026-06-08T08:30:00.000Z
1780909200,0.633,2026-06-08T09:00:00.000Z
1780911000,0.677,2026-06-08T09:30:00.000Z
1780912800,0.678,2026-06-08T10:00:00.000Z
1780914600,1.412,2026-06-08T10:30:00.000Z
1780916400,0.598,2026-06-08T11:00:00.000Z
1780918200,0.731,2026-06-08T11:30:00.000Z
1780920000,0.816,2026-06-08T12:00:00.000Z
1780921800,0.954,2026-06-08T12:30:00.000Z
1780923600,0.656,2026-06-08T13:00:00.000Z
1780925400,0.559,2026-06-08T13:30:00.000Z
1780927200,0.281,2026-06-08T14:00:00.000Z
1780929000,0.240,2026-06-08T14:30:00.000Z
1780930800,0.226,2026-06-08T15:00:00.000Z
1780932600,0.221,2026-06-08T15:30:00.000Z
1780934400,0.233,2026-06-08T16:00:00.000Z
1780936200,0.549,2026-06-08T16:30:00.000Z
1780938000,0.746,2026-06-08T17:00:00.000Z
1780939800,0.798,2026-06-08T17:30:00.000Z
1780941600,0.411,2026-06-08T18:00:00.000Z
1780943400,0.346,2026-06-08T18:30:00.000Z
1780945200,0.778,2026-06-08T19:00:00.000Z
1780947000,1.061,2026-06-08T19:30:00.000Z
1780948800,1.041,2026-06-08T20:00:00.000Z
1780950600,1.058,2026-06-08T20:30:00.000Z
1780952400,0.934,2026-06-08T21:00:00.000Z
1780954200,0.980,2026-06-08T21:30:00.000Z
1780956000,0.969,2026-06-08T22:00:00.000Z
1780957800,1.010,2026-06-08T22:30:00.000Z
1780959600,0.984,2026-06-08T23:00:00.000Z
1780961400,0.991,2026-06-08T23:30:00.000Z
1780963200,0.971,2026-06-09T00:00:00.000Z
1780965000,0.927,2026-06-09T00:30:00.000Z
1780966800,0.899,2026-06-09T01:00:00.000Z
1780968600,0.876,2026-06-09T01:30:00.000Z
1780970400,0.908,2026-06-09T02:00:00.000Z
1780972200,0.939,2026-06-09T02:30:00.000Z
1780974000,0.921,2026-06-09T03:00:00.000Z
1780975800,0.960,2026-06-09T03:30:00.000Z
1780977600,0.981,2026-06-09T04:00:00.000Z
1780979400,0.943,2026-06-09T04:30:00.000Z
1780981200,0.895,2026-06-09T05:00:00.000Z
1780983000,0.877,2026-06-09T05:30:00.000Z
1780984800,0.874,2026-06-09T06:00:00.000Z
1780986600,1.000,2026-06-09T06:30:00.000Z
1780988400,1.611,2026-06-09T07:00:00.000Z
1780990200,1.059,2026-06-09T07:30:00.000Z
1780992000,0.264,2026-06-09T08:00:00.000Z
1780993800,1.101,2026-06-09T08:30:00.000Z
1780995600,0.366,2026-06-09T09:00:00.000Z
1780997400,0.365,2026-06-09T09:30:00.000Z
1780999200,0.455,2026-06-09T10:00:00.000Z
1781001000,0.441,2026-06-09T10:30:00.000Z
1781002800,0.637,2026-06-09T11:00:00.000Z
1781004600,0.857,2026-06-09T11:30:00.000Z
1781006400,0.448,2026-06-09T12:00:00.000Z
1781008200,0.910,2026-06-09T12:30:00.000Z
1781010000,0.931,2026-06-09T13:00:00.000Z
1781011800,1.103,2026-06-09T13:30:00.000Z
1781013600,0.323,2026-06-09T14:00:00.000Z
1781015400,0.419,2026-06-09T14:30:00.000Z
1781017200,0.267,2026-06-09T15:00:00.000Z
1781019000,0.263,2026-06-09T15:30:00.000Z
1781020800,0.257,2026-06-09T16:00:00.000Z
1781022600,0.261,2026-06-09T16:30:00.000Z
1781024400,0.259,2026-06-09T17:00:00.000Z
1781026200,0.241,2026-06-09T17:30:00.000Z
1781028000,0.452,2026-06-09T18:00:00.000Z
1781029800,0.559,2026-06-09T18:30:00.000Z
1781031600,1.053,2026-06-09T19:00:00.000Z
1781033400,0.577,2026-06-09T19:30:00.000Z
1781035200,2.091,2026-06-09T20:00:00.000Z
1781037000,1.705,2026-06-09T20:30:00.000Z
1781038800,1.067,2026-06-09T21:00:00.000Z
1781040600,1.060,2026-06-09T21:30:00.000Z
1781042400,1.101,2026-06-09T22:00:00.000Z
1781044200,1.037,2026-06-09T22:30:00.000Z
1781046000,1.027,2026-06-09T23:00:00.000Z
1781047800,0.993,2026-06-09T23:30:00.000Z
1781049600,1.026,2026-06-10T00:00:00.000Z
1781051400,0.992,2026-06-10T00:30:00.000Z
1781053200,0.939,2026-06-10T01:00:00.000Z
1781055000,0.997,2026-06-10T01:30:00.000Z
1781056800,0.946,2026-06-10T02:00:00.000Z
1781058600,0.971,2026-06-10T02:30:00.000Z
1781060400,0.936,2026-06-10T03:00:00.000Z
1781062200,0.973,2026-06-10T03:30:00.000Z
1781064000,0.965,2026-06-10T04:00:00.000Z
1781065800,0.944,2026-06-10T04:30:00.000Z
1781067600,0.936,2026-06-10T05:00:00.000Z
1781069400,1.045,2026-06-10T05:30:00.000Z
1781071200,1.355,2026-06-10T06:00:00.000Z
1781073000,1.103,2026-06-10T06:30:00.000Z
1781074800,2.584,2026-06-10T07:00:00.000Z
1781076600,0.534,2026-06-10T07:30:00.000Z
1781078400,0.256,2026-06-10T08:00:00.000Z
1781080200,0.218,2026-06-10T08:30:00.000Z
1781082000,0.218,2026-06-10T09:00:00.000Z
1781083800,0.167,2026-06-10T09:30:00.000Z
1781085600,0.189,2026-06-10T10:00:00.000Z
1781087400,0.175,2026-06-10T10:30:00.000Z
1781089200,1.102,2026-06-10T11:00:00.000Z
1781091000,1.401,2026-06-10T11:30:00.000Z
1781092800,0.933,2026-06-10T12:00:00.000Z
1781094600,1.024,2026-06-10T12:30:00.000Z
1781096400,1.546,2026-06-10T13:00:00.000Z
1781098200,0.397,2026-06-10T13:30:00.000Z
1781100000,0.712,2026-06-10T14:00:00.000Z
1781101800,0.244,2026-06-10T14:30:00.000Z
1781103600,0.198,2026-06-10T15:00:00.000Z
1781105400,0.246,2026-06-10T15:30:00.000Z
1781107200,0.227,2026-06-10T16:00:00.000Z
1781109000,0.217,2026-06-10T16:30:00.000Z
1781110800,0.188,2026-06-10T17:00:00.000Z
1781112600,0.334,2026-06-10T17:30:00.000Z
1781114400,0.572,2026-06-10T18:00:00.000Z
1781116200,1.135,2026-06-10T18:30:00.000Z
1781118000,1.182,2026-06-10T19:00:00.000Z
1781119800,1.198,2026-06-10T19:30:00.000Z
1781121600,1.028,2026-06-10T20:00:00.000Z
1781123400,0.987,2026-06-10T20:30:00.000Z
1781125200,1.034,2026-06-10T21:00:00.000Z
1781127000,0.984,2026-06-10T21:30:00.000Z
1781128800,1.000,2026-06-10T22:00:00.000Z
1781130600,1.025,2026-06-10T22:30:00.000Z
1781132400,1.004,2026-06-10T23:00:00.000Z
1781134200,1.014,2026-06-10T23:30:00.000Z
1781136000,0.981,2026-06-11T00:00:00.000Z
1781137800,0.958,2026-06-11T00:30:00.000Z
1781139600,0.880,2026-06-11T01:00:00.000Z
1781141400,0.616,2026-06-11T01:30:00.000Z
1781143200,0.635,2026-06-11T02:00:00.000Z
1781145000,0.578,2026-06-11T02:30:00.000Z
1781146800,0.624,2026-06-11T03:00:00.000Z
1781148600,0.579,2026-06-11T03:30:00.000Z
1781150400,0.618,2026-06-11T04:00:00.000Z
1781152200,0.634,2026-06-11T04:30:00.000Z
1781154000,0.627,2026-06-11T05:00:00.000Z
1781155800,0.624,2026-06-11T05:30:00.000Z
1781157600,0.592,2026-06-11T06:00:00.000Z
1781159400,1.946,2026-06-11T06:30:00.000Z
1781161200,2.943,2026-06-11T07:00:00.000Z
1781163000,1.092,2026-06-11T07:30:00.000Z
1781164800,0.710,2026-06-11T08:00:00.000Z
1781166600,0.636,2026-06-11T08:30:00.000Z
1781168400,0.469,2026-06-11T09:00:00.000Z
1781170200,0.203,2026-06-11T09:30:00.000Z
1781172000,0.424,2026-06-11T10:00:00.000Z
1781173800,0.575,2026-06-11T10:30:00.000Z
1781175600,1.081,2026-06-11T11:00:00.000Z
1781177400,0.833,2026-06-11T11:30:00.000Z
1781179200,1.181,2026-06-11T12:00:00.000Z
1781181000,2.686,2026-06-11T12:30:00.000Z
1781182800,1.006,2026-06-11T13:00:00.000Z
1781184600,0.997,2026-06-11T13:30:00.000Z
1781186400,0.651,2026-06-11T14:00:00.000Z
1781188200,0.668,2026-06-11T14:30:00.000Z
1781190000,0.667,2026-06-11T15:00:00.000Z
1781191800,0.415,2026-06-11T15:30:00.000Z
1781193600,0.219,2026-06-11T16:00:00.000Z
1781195400,0.319,2026-06-11T16:30:00.000Z
1781197200,0.238,2026-06-11T17:00:00.000Z
1781199000,0.219,2026-06-11T17:30:00.000Z
1781200800,0.853,2026-06-11T18:00:00.000Z
1781202600,0.902,2026-06-11T18:30:00.000Z
1781204400,0.902,2026-06-11T19:00:00.000Z
1781206200,0.971,2026-06-11T19:30:00.000Z
1781208000,0.945,2026-06-11T20:00:00.000Z
1781209800,1.143,2026-06-11T20:30:00.000Z
1781211600,0.950,2026-06-11T21:00:00.000Z
1781213400,0.900,2026-06-11T21:30:00.000Z
1781215200,0.819,2026-06-11T22:00:00.000Z
1781217000,0.836,2026-06-11T22:30:00.000Z
1781218800,0.881,2026-06-11T23:00:00.000Z
1781220600,0.855,2026-06-11T23:30:00.000Z
1781222400,0.883,2026-06-12T00:00:00.000Z
1781224200,0.858,2026-06-12T00:30:00.000Z
1781226000,0.738,2026-06-12T01:00:00.000Z
1781227800,0.557,2026-06-12T01:30:00.000Z
1781229600,0.554,2026-06-12T02:00:00.000Z
1781231400,0.604,2026-06-12T02:30:00.000Z
1781233200,0.572,2026-06-12T03:00:00.000Z
1781235000,0.614,2026-06-12T03:30:00.000Z
1781236800,0.585,2026-06-12T04:00:00.000Z
1781238600,0.579,2026-06-12T04:30:00.000Z
1781240400,0.567,2026-06-12T05:00:00.000Z
1781242200,0.628,2026-06-12T05:30:00.000Z
1781244000,0.894,2026-06-12T06:00:00.000Z
1781245800,0.855,2026-06-12T06:30:00.000Z
1781247600,2.245,2026-06-12T07:00:00.000Z
1781249400,1.036,2026-06-12T07:30:00.000Z
1781251200,0.384,2026-06-12T08:00:00.000Z
1781253000,0.216,2026-06-12T08:30:00.000Z
1781254800,0.697,2026-06-12T09:00:00.000Z
1781256600,0.366,2026-06-12T09:30:00.000Z
1781258400,0.645,2026-06-12T10:00:00.000Z
1781260200,0.227,2026-06-12T10:30:00.000Z
1781262000,0.184,2026-06-12T11:00:00.000Z
1781263800,0.151,2026-06-12T11:30:00.000Z
1781265600,0.287,2026-06-12T12:00:00.000Z
1781267400,0.164,2026-06-12T12:30:00.000Z
1781269200,0.210,2026-06-12T13:00:00.000Z
1781271000,0.190,2026-06-12T13:30:00.000Z
1781272800,0.234,2026-06-12T14:00:00.000Z
1781274600,0.196,2026-06-12T14:30:00.000Z
1781276400,0.228,2026-06-12T15:00:00.000Z
1781278200,0.182,2026-06-12T15:30:00.000Z
1781280000,0.194,2026-06-12T16:00:00.000Z
1781281800,0.213,2026-06-12T16:30:00.000Z
1781283600,0.242,2026-06-12T17:00:00.000Z
1781285400,0.211,2026-06-12T17:30:00.000Z
1781287200,0.244,2026-06-12T18:00:00.000Z
1781289000,1.046,2026-06-12T18:30:00.000Z
1781290800,0.323,2026-06-12T19:00:00.000Z
1781292600,0.688,2026-06-12T19:30:00.000Z
1781294400,0.939,2026-06-12T20:00:00.000Z
1781296200,0.886,2026-06-12T20:30:00.000Z
1781298000,1.077,2026-06-12T21:00:00.000Z
1781299800,0.634,2026-06-12T21:30:00.000Z
1781301600,0.651,2026-06-12T22:00:00.000Z
1781303400,0.654,2026-06-12T22:30:00.000Z
1781305200,0.674,2026-06-12T23:00:00.000Z
1781307000,0.655,2026-06-12T23:30:00.000Z
1781308800,0.632,2026-06-13T00:00:00.000Z
1781310600,0.617,2026-06-13T00:30:00.000Z
1781312400,0.598,2026-06-13T01:00:00.000Z
1781314200,0.695,2026-06-13T01:30:00.000Z
1781316000,0.850,2026-06-13T02:00:00.000Z
1781317800,0.844,2026-06-13T02:30:00.000Z
1781319600,0.862,2026-06-13T03:00:00.000Z
1781321400,0.892,2026-06-13T03:30:00.000Z
1781323200,0.874,2026-06-13T04:00:00.000Z
1781325000,0.851,2026-06-13T04:30:00.000Z
1781326800,0.864,2026-06-13T05:00:00.000Z
1781328600,0.877,2026-06-13T05:30:00.000Z
1781330400,0.868,2026-06-13T06:00:00.000Z
1781332200,0.827,2026-06-13T06:30:00.000Z
1781334000,1.153,2026-06-13T07:00:00.000Z
1781335800,0.952,2026-06-13T07:30:00.000Z
1781337600,0.865,2026-06-13T08:00:00.000Z
1781339400,0.886,2026-06-13T08:30:00.000Z
1781341200,0.929,2026-06-13T09:00:00.000Z
1781343000,0.942,2026-06-13T09:30:00.000Z
1781344800,0.952,2026-06-13T10:00:00.000Z
1781346600,1.161,2026-06-13T10:30:00.000Z
1781348400,1.315,2026-06-13T11:00:00.000Z
1781350200,1.339,2026-06-13T11:30:00.000Z
1781352000,0.906,2026-06-13T12:00:00.000Z
1781353800,0.669,2026-06-13T12:30:00.000Z
1781355600,0.701,2026-06-13T13:00:00.000Z
1781357400,0.838,2026-06-13T13:30:00.000Z
1781359200,0.828,2026-06-13T14:00:00.000Z
1781361000,0.882,2026-06-13T14:30:00.000Z
1781362800,0.565,2026-06-13T15:00:00.000Z
1781364600,0.388,2026-06-13T15:30:00.000Z
1781366400,1.317,2026-06-13T16:00:00.000Z
1781368200,1.987,2026-06-13T16:30:00.000Z
1781370000,1.451,2026-06-13T17:00:00.000Z
1781371800,1.127,2026-06-13T17:30:00.000Z
1781373600,0.300,2026-06-13T18:00:00.000Z
1781375400,0.359,2026-06-13T18:30:00.000Z
1781377200,0.298,2026-06-13T19:00:00.000Z
1781379000,0.339,2026-06-13T19:30:00.000Z
1781380800,0.383,2026-06-13T20:00:00.000Z
1781382600,0.348,2026-06-13T20:30:00.000Z
1781384400,0.348,2026-06-13T21:00:00.000Z
1781386200,0.349,2026-06-13T21:30:00.000Z
1781388000,0.357,2026-06-13T22:00:00.000Z
1781389800,0.352,2026-06-13T22:30:00.000Z
1781391600,0.335,2026-06-13T23:00:00.000Z
1781393400,0.363,2026-06-13T23:30:00.000Z
1781395200,0.274,2026-06-14T00:00:00.000Z
1781397000,0.306,2026-06-14T00:30:00.000Z
1781398800,0.200,2026-06-14T01:00:00.000Z
1781400600,0.209,2026-06-14T01:30:00.000Z
1781402400,0.192,2026-06-14T02:00:00.000Z
1781404200,0.226,2026-06-14T02:30:00.000Z
1781406000,0.218,2026-06-14T03:00:00.000Z
1781407800,0.248,2026-06-14T03:30:00.000Z
1781409600,0.213,2026-06-14T04:00:00.000Z
1781411400,0.222,2026-06-14T04:30:00.000Z
1781413200,0.187,2026-06-14T05:00:00.000Z
1781415000,0.212,2026-06-14T05:30:00.000Z
1781416800,0.188,2026-06-14T06:00:00.000Z
1781418600,0.196,2026-06-14T06:30:00.000Z
1781420400,0.211,2026-06-14T07:00:00.000Z
1781422200,0.803,2026-06-14T07:30:00.000Z
1781424000,1.036,2026-06-14T08:00:00.000Z
1781425800,0.274,2026-06-14T08:30:00.000Z
1781427600,0.211,2026-06-14T09:00:00.000Z
1781429400,0.221,2026-06-14T09:30:00.000Z
1781431200,0.185,2026-06-14T10:00:00.000Z
1781433000,0.199,2026-06-14T10:30:00.000Z
1781434800,0.242,2026-06-14T11:00:00.000Z
1781436600,0.883,2026-06-14T11:30:00.000Z
1781438400,0.865,2026-06-14T12:00:00.000Z
1781440200,0.977,2026-06-14T12:30:00.000Z
1781442000,0.819,2026-06-14T13:00:00.000Z
1781443800,0.668,2026-06-14T13:30:00.000Z
1781445600,0.640,2026-06-14T14:00:00.000Z
1781447400,0.693,2026-06-14T14:30:00.000Z
1781449200,0.991,2026-06-14T15:00:00.000Z
1781451000,0.672,2026-06-14T15:30:00.000Z
1781452800,1.008,2026-06-14T16:00:00.000Z
1781454600,1.730,2026-06-14T16:30:00.000Z
1781456400,1.698,2026-06-14T17:00:00.000Z
1781458200,0.866,2026-06-14T17:30:00.000Z
1781460000,0.756,2026-06-14T18:00:00.000Z
1781461800,0.772,2026-06-14T18:30:00.000Z
1781463600,0.792,2026-06-14T19:00:00.000Z
1781465400,0.806,2026-06-14T19:30:00.000Z
1781467200,0.727,2026-06-14T20:00:00.000Z
1781469000,0.705,2026-06-14T20:30:00.000Z
1781470800,0.607,2026-06-14T21:00:00.000Z
1781472600,0.409,2026-06-14T21:30:00.000Z
1781474400,0.218,2026-06-14T22:00:00.000Z
1781476200,0.226,2026-06-14T22:30:00.000Z
1781478000,0.242,2026-06-14T23:00:00.000Z
1781479800,0.223,2026-06-14T23:30:00.000Z
1781481600,0.256,2026-06-15T00:00:00.000Z
1781483400,0.196,2026-06-15T00:30:00.000Z
1781485200,0.228,2026-06-15T01:00:00.000Z
1781487000,0.214,2026-06-15T01:30:00.000Z
1781488800,0.242,2026-06-15T02:00:00.000Z
1781490600,0.178,2026-06-15T02:30:00.000Z
1781492400,0.201,2026-06-15T03:00:00.000Z
1781494200,0.560,2026-06-15T03:30:00.000Z
1781496000,0.636,2026-06-15T04:00:00.000Z
1781497800,0.616,2026-06-15T04:30:00.000Z
1781499600,0.620,2026-06-15T05:00:00.000Z
1781501400,0.962,2026-06-15T05:30:00.000Z
1781503200,1.210,2026-06-15T06:00:00.000Z
1781505000,1.052,2026-06-15T06:30:00.000Z
1781506800,2.290,2026-06-15T07:00:00.000Z
1781508600,0.810,2026-06-15T07:30:00.000Z
1781510400,0.762,2026-06-15T08:00:00.000Z
1781512200,0.601,2026-06-15T08:30:00.000Z
1781514000,0.582,2026-06-15T09:00:00.000Z
1781515800,1.420,2026-06-15T09:30:00.000Z
1781517600,0.574,2026-06-15T10:00:00.000Z
1781519400,0.823,2026-06-15T10:30:00.000Z
1781521200,0.847,2026-06-15T11:00:00.000Z
1781523000,0.321,2026-06-15T11:30:00.000Z
1781524800,0.254,2026-06-15T12:00:00.000Z
1781526600,0.244,2026-06-15T12:30:00.000Z
1781528400,0.232,2026-06-15T13:00:00.000Z
1781530200,0.252,2026-06-15T13:30:00.000Z
1781532000,0.195,2026-06-15T14:00:00.000Z
1781533800,0.225,2026-06-15T14:30:00.000Z
1781535600,0.204,2026-06-15T15:00:00.000Z
1781537400,0.220,2026-06-15T15:30:00.000Z
1781539200,0.226,2026-06-15T16:00:00.000Z
1781541000,0.191,2026-06-15T16:30:00.000Z
1781542800,0.211,2026-06-15T17:00:00.000Z
1781544600,0.295,2026-06-15T17:30:00.000Z
1781546400,0.724,2026-06-15T18:00:00.000Z
1781548200,0.668,2026-06-15T18:30:00.000Z
1781550000,0.660,2026-06-15T19:00:00.000Z
1781551800,0.805,2026-06-15T19:30:00.000Z
1781553600,0.685,2026-06-15T20:00:00.000Z
1781555400,0.675,2026-06-15T20:30:00.000Z
1781557200,0.637,2026-06-15T21:00:00.000Z
1781559000,0.613,2026-06-15T21:30:00.000Z
1781560800,0.616,2026-06-15T22:00:00.000Z
1781562600,0.581,2026-06-15T22:30:00.000Z
1781564400,0.578,2026-06-15T23:00:00.000Z
1781566200,0.591,2026-06-15T23:30:00.000Z
1781568000,0.609,2026-06-16T00:00:00.000Z
1781569800,0.633,2026-06-16T00:30:00.000Z
1781571600,0.652,2026-06-16T01:00:00.000Z
1781573400,0.637,2026-06-16T01:30:00.000Z
1781575200,0.605,2026-06-16T02:00:00.000Z
1781577000,0.596,2026-06-16T02:30:00.000Z
1781578800,0.572,2026-06-16T03:00:00.000Z
1781580600,0.547,2026-06-16T03:30:00.000Z
1781582400,0.546,2026-06-16T04:00:00.000Z
1781584200,0.590,2026-06-16T04:30:00.000Z
1781586000,0.627,2026-06-16T05:00:00.000Z
1781587800,0.617,2026-06-16T05:30:00.000Z
1781589600,0.868,2026-06-16T06:00:00.000Z
1781591400,0.465,2026-06-16T06:30:00.000Z
1781593200,2.048,2026-06-16T07:00:00.000Z
1781595000,0.385,2026-06-16T07:30:00.000Z
1781596800,0.239,2026-06-16T08:00:00.000Z
1781598600,0.837,2026-06-16T08:30:00.000Z
1781600400,0.182,2026-06-16T09:00:00.000Z
1781602200,0.608,2026-06-16T09:30:00.000Z
1781604000,0.183,2026-06-16T10:00:00.000Z
1781605800,0.240,2026-06-16T10:30:00.000Z
1781607600,0.245,2026-06-16T11:00:00.000Z
1781609400,0.410,2026-06-16T11:30:00.000Z
1781611200,0.251,2026-06-16T12:00:00.000Z
1781613000,0.225,2026-06-16T12:30:00.000Z
1781614800,0.198,2026-06-16T13:00:00.000Z
1781616600,0.179,2026-06-16T13:30:00.000Z
1781618400,0.156,2026-06-16T14:00:00.000Z
1781620200,0.190,2026-06-16T14:30:00.000Z
1781622000,0.210,2026-06-16T15:00:00.000Z
1781623800,0.277,2026-06-16T15:30:00.000Z
1781625600,0.308,2026-06-16T16:00:00.000Z
1781627400,1.113,2026-06-16T16:30:00.000Z
1781629200,0.278,2026-06-16T17:00:00.000Z
1781631000,0.757,2026-06-16T17:30:00.000Z
1781632800,0.354,2026-06-16T18:00:00.000Z
1781634600,0.276,2026-06-16T18:30:00.000Z
1781636400,0.485,2026-06-16T19:00:00.000Z
1781638200,0.967,2026-06-16T19:30:00.000Z
1781640000,0.292,2026-06-16T20:00:00.000Z
1781641800,0.269,2026-06-16T20:30:00.000Z
1781643600,0.291,2026-06-16T21:00:00.000Z
1781645400,0.293,2026-06-16T21:30:00.000Z
1781647200,0.198,2026-06-16T22:00:00.000Z
1781649000,0.236,2026-06-16T22:30:00.000Z
1781650800,0.239,2026-06-16T23:00:00.000Z
1781652600,0.240,2026-06-16T23:30:00.000Z
1781654400,0.242,2026-06-17T00:00:00.000Z
1781656200,0.236,2026-06-17T00:30:00.000Z
1781658000,0.246,2026-06-17T01:00:00.000Z
1781659800,0.191,2026-06-17T01:30:00.000Z
1781661600,0.171,2026-06-17T02:00:00.000Z
1781663400,0.158,2026-06-17T02:30:00.000Z
1781665200,0.240,2026-06-17T03:00:00.000Z
1781667000,0.243,2026-06-17T03:30:00.000Z
1781668800,0.259,2026-06-17T04:00:00.000Z
1781670600,0.201,2026-06-17T04:30:00.000Z
1781672400,0.257,2026-06-17T05:00:00.000Z
1781674200,0.236,2026-06-17T05:30:00.000Z
1781676000,0.679,2026-06-17T06:00:00.000Z
1781677800,1.035,2026-06-17T06:30:00.000Z
1781679600,2.000,2026-06-17T07:00:00.000Z
1781681400,0.667,2026-06-17T07:30:00.000Z
1781683200,0.230,2026-06-17T08:00:00.000Z
1781685000,0.611,2026-06-17T08:30:00.000Z
1781686800,0.410,2026-06-17T09:00:00.000Z
1781688600,0.581,2026-06-17T09:30:00.000Z
1781690400,0.623,2026-06-17T10:00:00.000Z
1781692200,0.501,2026-06-17T10:30:00.000Z
1781694000,0.370,2026-06-17T11:00:00.000Z
1781695800,0.226,2026-06-17T11:30:00.000Z
1781697600,0.240,2026-06-17T12:00:00.000Z
1781699400,1.847,2026-06-17T12:30:00.000Z
1781701200,0.626,2026-06-17T13:00:00.000Z
1781703000,0.623,2026-06-17T13:30:00.000Z
1781704800,0.582,2026-06-17T14:00:00.000Z
1781706600,0.329,2026-06-17T14:30:00.000Z
1781708400,1.112,2026-06-17T15:00:00.000Z
1781710200,0.709,2026-06-17T15:30:00.000Z
1781712000,0.340,2026-06-17T16:00:00.000Z
1781713800,0.333,2026-06-17T16:30:00.000Z
1781715600,0.430,2026-06-17T17:00:00.000Z
1781717400,0.329,2026-06-17T17:30:00.000Z
1781719200,0.378,2026-06-17T18:00:00.000Z
1781721000,0.460,2026-06-17T18:30:00.000Z
1781722800,0.349,2026-06-17T19:00:00.000Z
1781724600,0.369,2026-06-17T19:30:00.000Z
1781726400,0.364,2026-06-17T20:00:00.000Z
1781728200,0.320,2026-06-17T20:30:00.000Z
1781730000,0.348,2026-06-17T21:00:00.000Z
1781731800,0.339,2026-06-17T21:30:00.000Z
1781733600,0.294,2026-06-17T22:00:00.000Z
1781735400,0.285,2026-06-17T22:30:00.000Z
1781737200,0.234,2026-06-17T23:00:00.000Z
1781739000,0.236,2026-06-17T23:30:00.000Z
1781740800,0.255,2026-06-18T00:00:00.000Z
1781742600,0.234,2026-06-18T00:30:00.000Z
1781744400,0.261,2026-06-18T01:00:00.000Z
1781746200,0.212,2026-06-18T01:30:00.000Z
1781748000,0.249,2026-06-18T02:00:00.000Z
1781749800,0.201,2026-06-18T02:30:00.000Z
1781751600,0.204,2026-06-18T03:00:00.000Z
1781753400,0.190,2026-06-18T03:30:00.000Z
1781755200,0.219,2026-06-18T04:00:00.000Z
1781757000,0.386,2026-06-18T04:30:00.000Z
1781758800,0.211,2026-06-18T05:00:00.000Z
1781760600,0.544,2026-06-18T05:30:00.000Z
1781762400,0.973,2026-06-18T06:00:00.000Z
1781764200,0.965,2026-06-18T06:30:00.000Z
1781766000,2.232,2026-06-18T07:00:00.000Z
1781767800,0.676,2026-06-18T07:30:00.000Z
1781769600,0.181,2026-06-18T08:00:00.000Z
1781771400,0.239,2026-06-18T08:30:00.000Z
1781773200,0.245,2026-06-18T09:00:00.000Z
1781775000,0.284,2026-06-18T09:30:00.000Z
1781776800,0.246,2026-06-18T10:00:00.000Z
1781778600,0.197,2026-06-18T10:30:00.000Z
1781780400,0.228,2026-06-18T11:00:00.000Z
1781782200,0.263,2026-06-18T11:30:00.000Z
1781784000,0.203,2026-06-18T12:00:00.000Z
1781785800,0.205,2026-06-18T12:30:00.000Z
1781787600,0.233,2026-06-18T13:00:00.000Z
1781789400,0.260,2026-06-18T13:30:00.000Z
1781791200,0.232,2026-06-18T14:00:00.000Z
1781793000,0.218,2026-06-18T14:30:00.000Z
1781794800,0.210,2026-06-18T15:00:00.000Z
1781796600,0.225,2026-06-18T15:30:00.000Z
1781798400,0.201,2026-06-18T16:00:00.000Z
1781800200,0.188,2026-06-18T16:30:00.000Z
1781802000,0.304,2026-06-18T17:00:00.000Z
1781803800,0.252,2026-06-18T17:30:00.000Z
1781805600,0.235,2026-06-18T18:00:00.000Z
1781807400,0.248,2026-06-18T18:30:00.000Z
1781809200,0.243,2026-06-18T19:00:00.000Z
1781811000,0.258,2026-06-18T19:30:00.000Z
1781812800,0.238,2026-06-18T20:00:00.000Z
1781814600,0.208,2026-06-18T20:30:00.000Z
1781816400,0.255,2026-06-18T21:00:00.000Z
1781818200,0.228,2026-06-18T21:30:00.000Z
1781820000,0.201,2026-06-18T22:00:00.000Z
1781821800,0.243,2026-06-18T22:30:00.000Z
1781823600,0.229,2026-06-18T23:00:00.000Z
1781825400,0.224,2026-06-18T23:30:00.000Z
1781827200,0.185,2026-06-19T00:00:00.000Z
1781829000,0.177,2026-06-19T00:30:00.000Z
1781830800,0.195,2026-06-19T01:00:00.000Z
1781832600,0.190,2026-06-19T01:30:00.000Z
1781834400,0.215,2026-06-19T02:00:00.000Z
1781836200,0.209,2026-06-19T02:30:00.000Z
1781838000,0.226,2026-06-19T03:00:00.000Z
1781839800,0.241,2026-06-19T03:30:00.000Z
1781841600,0.219,2026-06-19T04:00:00.000Z
1781843400,0.185,2026-06-19T04:30:00.000Z
1781845200,0.201,2026-06-19T05:00:00.000Z
1781847000,0.261,2026-06-19T05:30:00.000Z
1781848800,0.778,2026-06-19T06:00:00.000Z
1781850600,0.854,2026-06-19T06:30:00.000Z
1781852400,1.983,2026-06-19T07:00:00.000Z
1781854200,0.441,2026-06-19T07:30:00.000Z
1781856000,0.885,2026-06-19T08:00:00.000Z
1781857800,0.803,2026-06-19T08:30:00.000Z
1781859600,0.645,2026-06-19T09:00:00.000Z
1781861400,1.426,2026-06-19T09:30:00.000Z
1781863200,0.661,2026-06-19T10:00:00.000Z
1781865000,0.583,2026-06-19T10:30:00.000Z
1781866800,0.657,2026-06-19T11:00:00.000Z
1781868600,0.322,2026-06-19T11:30:00.000Z
1781870400,0.593,2026-06-19T12:00:00.000Z
1781872200,0.916,2026-06-19T12:30:00.000Z
1781874000,0.428,2026-06-19T13:00:00.000Z
1781875800,0.599,2026-06-19T13:30:00.000Z
1781877600,0.708,2026-06-19T14:00:00.000Z
1781879400,0.823,2026-06-19T14:30:00.000Z
1781881200,0.371,2026-06-19T15:00:00.000Z
1781883000,0.950,2026-06-19T15:30:00.000Z
1781884800,0.764,2026-06-19T16:00:00.000Z
1781886600,0.371,2026-06-19T16:30:00.000Z
1781888400,0.358,2026-06-19T17:00:00.000Z
1781890200,0.346,2026-06-19T17:30:00.000Z
1781892000,0.344,2026-06-19T18:00:00.000Z
1781893800,0.486,2026-06-19T18:30:00.000Z
1781895600,0.844,2026-06-19T19:00:00.000Z
1781897400,0.364,2026-06-19T19:30:00.000Z
1781899200,0.296,2026-06-19T20:00:00.000Z
1781901000,0.319,2026-06-19T20:30:00.000Z
1781902800,0.315,2026-06-19T21:00:00.000Z
1781904600,0.311,2026-06-19T21:30:00.000Z
1781906400,0.281,2026-06-19T22:00:00.000Z
1781908200,0.300,2026-06-19T22:30:00.000Z
1781910000,0.302,2026-06-19T23:00:00.000Z
1781911800,0.259,2026-06-19T23:30:00.000Z
1781913600,0.266,2026-06-20T00:00:00.000Z
1781915400,0.278,2026-06-20T00:30:00.000Z
1781917200,0.276,2026-06-20T01:00:00.000Z
1781919000,0.224,2026-06-20T01:30:00.000Z
1781920800,0.201,2026-06-20T02:00:00.000Z
1781922600,0.212,2026-06-20T02:30:00.000Z
1781924400,0.188,2026-06-20T03:00:00.000Z
1781926200,0.153,2026-06-20T03:30:00.000Z
1781928000,0.213,2026-06-20T04:00:00.000Z
1781929800,0.210,2026-06-20T04:30:00.000Z
1781931600,0.200,2026-06-20T05:00:00.000Z
1781933400,0.211,2026-06-20T05:30:00.000Z
1781935200,0.217,2026-06-20T06:00:00.000Z
1781937000,0.206,2026-06-20T06:30:00.000Z
1781938800,0.201,2026-06-20T07:00:00.000Z
1781940600,0.201,2026-06-20T07:30:00.000Z
1781942400,0.235,2026-06-20T08:00:00.000Z
1781944200,0.923,2026-06-20T08:30:00.000Z
1781946000,0.424,2026-06-20T09:00:00.000Z
1781947800,0.342,2026-06-20T09:30:00.000Z
1781949600,0.819,2026-06-20T10:00:00.000Z
1781951400,0.368,2026-06-20T10:30:00.000Z
1781953200,0.698,2026-06-20T11:00:00.000Z
1781955000,0.338,2026-06-20T11:30:00.000Z
1781956800,0.622,2026-06-20T12:00:00.000Z
1781958600,0.477,2026-06-20T12:30:00.000Z
1781960400,0.343,2026-06-20T13:00:00.000Z
1781962200,0.339,2026-06-20T13:30:00.000Z
1781964000,0.722,2026-06-20T14:00:00.000Z
1781965800,0.495,2026-06-20T14:30:00.000Z
1781967600,1.244,2026-06-20T15:00:00.000Z
1781969400,0.426,2026-06-20T15:30:00.000Z
1781971200,0.658,2026-06-20T16:00:00.000Z
1781973000,0.372,2026-06-20T16:30:00.000Z
1781974800,0.261,2026-06-20T17:00:00.000Z
1781976600,0.273,2026-06-20T17:30:00.000Z
1781978400,0.564,2026-06-20T18:00:00.000Z
1781980200,0.244,2026-06-20T18:30:00.000Z
1781982000,0.241,2026-06-20T19:00:00.000Z
1781983800,0.288,2026-06-20T19:30:00.000Z
1781985600,0.298,2026-06-20T20:00:00.000Z
1781987400,0.283,2026-06-20T20:30:00.000Z
1781989200,0.295,2026-06-20T21:00:00.000Z
1781991000,0.290,2026-06-20T21:30:00.000Z
1781992800,0.351,2026-06-20T22:00:00.000Z
1781994600,0.302,2026-06-20T22:30:00.000Z
1781996400,0.239,2026-06-20T23:00:00.000Z
1781998200,0.218,2026-06-20T23:30:00.000Z
1782000000,0.201,2026-06-21T00:00:00.000Z
1782001800,0.217,2026-06-21T00:30:00.000Z
1782003600,0.216,2026-06-21T01:00:00.000Z
1782005400,0.212,2026-06-21T01:30:00.000Z
1782007200,0.205,2026-06-21T02:00:00.000Z
1782009000,0.184,2026-06-21T02:30:00.000Z
1782010800,0.187,2026-06-21T03:00:00.000Z
1782012600,0.216,2026-06-21T03:30:00.000Z
1782014400,0.492,2026-06-21T04:00:00.000Z
1782016200,0.200,2026-06-21T04:30:00.000Z
1782018000,0.231,2026-06-21T05:00:00.000Z
1782019800,0.382,2026-06-21T05:30:00.000Z
1782021600,0.269,2026-06-21T06:00:00.000Z
1782023400,0.993,2026-06-21T06:30:00.000Z
1782025200,1.361,2026-06-21T07:00:00.000Z
1782027000,0.272,2026-06-21T07:30:00.000Z
1782028800,0.303,2026-06-21T08:00:00.000Z
1782030600,0.290,2026-06-21T08:30:00.000Z
1782032400,0.261,2026-06-21T09:00:00.000Z
1782034200,0.261,2026-06-21T09:30:00.000Z
1782036000,0.252,2026-06-21T10:00:00.000Z
1782037800,0.302,2026-06-21T10:30:00.000Z
1782039600,0.220,2026-06-21T11:00:00.000Z
1782041400,0.329,2026-06-21T11:30:00.000Z
1782043200,0.294,2026-06-21T12:00:00.000Z
1782045000,0.244,2026-06-21T12:30:00.000Z
1782046800,0.259,2026-06-21T13:00:00.000Z
1782048600,0.257,2026-06-21T13:30:00.000Z
1782050400,0.235,2026-06-21T14:00:00.000Z
1782052200,0.238,2026-06-21T14:30:00.000Z
1782054000,0.305,2026-06-21T15:00:00.000Z
1782055800,0.278,2026-06-21T15:30:00.000Z
1782057600,0.301,2026-06-21T16:00:00.000Z
1782059400,0.269,2026-06-21T16:30:00.000Z
1782061200,0.257,2026-06-21T17:00:00.000Z
1782063000,0.268,2026-06-21T17:30:00.000Z
1782064800,0.261,2026-06-21T18:00:00.000Z
1782066600,0.246,2026-06-21T18:30:00.000Z
1782068400,0.594,2026-06-21T19:00:00.000Z
1782070200,0.302,2026-06-21T19:30:00.000Z
1782072000,0.307,2026-06-21T20:00:00.000Z
1782073800,0.290,2026-06-21T20:30:00.000Z
1782075600,0.242,2026-06-21T21:00:00.000Z
1782077400,0.248,2026-06-21T21:30:00.000Z
1782079200,0.192,2026-06-21T22:00:00.000Z
1782081000,0.208,2026-06-21T22:30:00.000Z
1782082800,0.229,2026-06-21T23:00:00.000Z
1782084600,0.205,2026-06-21T23:30:00.000Z
1782086400,0.219,2026-06-22T00:00:00.000Z
1782088200,0.223,2026-06-22T00:30:00.000Z
1782090000,0.219,2026-06-22T01:00:00.000Z
1782091800,0.209,2026-06-22T01:30:00.000Z
1782093600,0.148,2026-06-22T02:00:00.000Z
1782095400,0.183,2026-06-22T02:30:00.000Z
1782097200,0.209,2026-06-22T03:00:00.000Z
1782099000,0.198,2026-06-22T03:30:00.000Z
1782100800,0.204,2026-06-22T04:00:00.000Z
1782102600,0.196,2026-06-22T04:30:00.000Z
1782104400,0.341,2026-06-22T05:00:00.000Z
1782106200,0.746,2026-06-22T05:30:00.000Z
1782108000,0.859,2026-06-22T06:00:00.000Z
1782109800,1.495,2026-06-22T06:30:00.000Z
1782111600,1.849,2026-06-22T07:00:00.000Z
1782113400,0.296,2026-06-22T07:30:00.000Z
1782115200,0.258,2026-06-22T08:00:00.000Z
1782117000,0.288,2026-06-22T08:30:00.000Z
1782118800,0.761,2026-06-22T09:00:00.000Z
1782120600,0.321,2026-06-22T09:30:00.000Z
1782122400,1.062,2026-06-22T10:00:00.000Z
1782124200,0.670,2026-06-22T10:30:00.000Z
1782126000,0.509,2026-06-22T11:00:00.000Z
1782127800,0.284,2026-06-22T11:30:00.000Z
1782129600,0.279,2026-06-22T12:00:00.000Z
1782131400,0.283,2026-06-22T12:30:00.000Z
1782133200,0.284,2026-06-22T13:00:00.000Z
1782135000,0.236,2026-06-22T13:30:00.000Z
1782136800,0.216,2026-06-22T14:00:00.000Z
1782138600,0.245,2026-06-22T14:30:00.000Z
1782140400,0.272,2026-06-22T15:00:00.000Z
1782142200,0.620,2026-06-22T15:30:00.000Z
1782144000,0.527,2026-06-22T16:00:00.000Z
1782145800,0.303,2026-06-22T16:30:00.000Z
1782147600,0.842,2026-06-22T17:00:00.000Z
1782149400,0.336,2026-06-22T17:30:00.000Z
1782151200,0.594,2026-06-22T18:00:00.000Z
1782153000,0.384,2026-06-22T18:30:00.000Z
1782154800,0.373,2026-06-22T19:00:00.000Z
1782156600,0.295,2026-06-22T19:30:00.000Z
1782158400,0.255,2026-06-22T20:00:00.000Z
1782160200,0.277,2026-06-22T20:30:00.000Z
1782162000,0.266,2026-06-22T21:00:00.000Z
1782163800,0.225,2026-06-22T21:30:00.000Z
1782165600,0.189,2026-06-22T22:00:00.000Z
1782167400,0.200,2026-06-22T22:30:00.000Z
1782169200,0.260,2026-06-22T23:00:00.000Z
1782171000,0.258,2026-06-22T23:30:00.000Z
1782172800,0.231,2026-06-23T00:00:00.000Z
1782174600,0.264,2026-06-23T00:30:00.000Z
1782176400,0.253,2026-06-23T01:00:00.000Z
1782178200,0.205,2026-06-23T01:30:00.000Z
1782180000,0.183,2026-06-23T02:00:00.000Z
1782181800,0.194,2026-06-23T02:30:00.000Z
1782183600,0.235,2026-06-23T03:00:00.000Z
1782185400,0.191,2026-06-23T03:30:00.000Z
1782187200,0.188,2026-06-23T04:00:00.000Z
1782189000,0.161,2026-06-23T04:30:00.000Z
1782190800,0.777,2026-06-23T05:00:00.000Z
1782192600,1.000,2026-06-23T05:30:00.000Z
1782194400,1.433,2026-06-23T06:00:00.000Z
1782196200,0.668,2026-06-23T06:30:00.000Z
1782198000,1.727,2026-06-23T07:00:00.000Z
1782199800,0.229,2026-06-23T07:30:00.000Z
1782201600,0.202,2026-06-23T08:00:00.000Z
1782203400,0.228,2026-06-23T08:30:00.000Z
1782205200,0.224,2026-06-23T09:00:00.000Z
1782207000,0.174,2026-06-23T09:30:00.000Z
1782208800,0.178,2026-06-23T10:00:00.000Z
1782210600,0.193,2026-06-23T10:30:00.000Z
1782212400,0.244,2026-06-23T11:00:00.000Z
1782214200,0.261,2026-06-23T11:30:00.000Z
1782216000,0.233,2026-06-23T12:00:00.000Z
1782217800,0.275,2026-06-23T12:30:00.000Z
1782219600,0.256,2026-06-23T13:00:00.000Z
1782221400,0.248,2026-06-23T13:30:00.000Z
1782223200,0.289,2026-06-23T14:00:00.000Z
1782225000,0.234,2026-06-23T14:30:00.000Z
1782226800,0.269,2026-06-23T15:00:00.000Z
1782228600,0.236,2026-06-23T15:30:00.000Z
1782230400,0.245,2026-06-23T16:00:00.000Z
1782232200,0.241,2026-06-23T16:30:00.000Z
1782234000,0.244,2026-06-23T17:00:00.000Z
1782235800,0.263,2026-06-23T17:30:00.000Z
1782237600,0.250,2026-06-23T18:00:00.000Z
1782239400,1.474,2026-06-23T18:30:00.000Z
1782241200,0.332,2026-06-23T19:00:00.000Z
1782243000,0.288,2026-06-23T19:30:00.000Z
1782244800,0.346,2026-06-23T20:00:00.000Z
1782246600,0.334,2026-06-23T20:30:00.000Z
1782248400,0.294,2026-06-23T21:00:00.000Z
1782250200,0.274,2026-06-23T21:30:00.000Z
1782252000,0.282,2026-06-23T22:00:00.000Z
1782253800,0.307,2026-06-23T22:30:00.000Z
1782255600,0.286,2026-06-23T23:00:00.000Z
1782257400,0.249,2026-06-23T23:30:00.000Z
1782259200,0.241,2026-06-24T00:00:00.000Z
1782261000,0.227,2026-06-24T00:30:00.000Z
1782262800,0.229,2026-06-24T01:00:00.000Z
1782264600,0.224,2026-06-24T01:30:00.000Z
1782266400,0.253,2026-06-24T02:00:00.000Z
1782268200,0.262,2026-06-24T02:30:00.000Z
1782270000,0.238,2026-06-24T03:00:00.000Z
1782271800,0.238,2026-06-24T03:30:00.000Z
1782273600,0.205,2026-06-24T04:00:00.000Z
1782275400,0.215,2026-06-24T04:30:00.000Z
1782277200,0.200,2026-06-24T05:00:00.000Z
1782279000,0.399,2026-06-24T05:30:00.000Z
1782280800,0.834,2026-06-24T06:00:00.000Z
1782282600,0.769,2026-06-24T06:30:00.000Z
1782284400,2.654,2026-06-24T07:00:00.000Z
1782286200,0.465,2026-06-24T07:30:00.000Z
1782288000,0.782,2026-06-24T08:00:00.000Z
1782289800,0.819,2026-06-24T08:30:00.000Z
1782291600,0.723,2026-06-24T09:00:00.000Z
1782293400,0.329,2026-06-24T09:30:00.000Z
1782295200,1.041,2026-06-24T10:00:00.000Z
1782297000,0.419,2026-06-24T10:30:00.000Z
1782298800,0.527,2026-06-24T11:00:00.000Z
1782300600,0.300,2026-06-24T11:30:00.000Z
1782302400,0.287,2026-06-24T12:00:00.000Z
1782304200,0.291,2026-06-24T12:30:00.000Z
1782306000,0.392,2026-06-24T13:00:00.000Z
1782307800,0.256,2026-06-24T13:30:00.000Z
1782309600,0.366,2026-06-24T14:00:00.000Z
1782311400,0.858,2026-06-24T14:30:00.000Z
1782313200,0.538,2026-06-24T15:00:00.000Z
1782315000,0.729,2026-06-24T15:30:00.000Z
1782316800,0.511,2026-06-24T16:00:00.000Z
1782318600,0.421,2026-06-24T16:30:00.000Z
1782320400,0.995,2026-06-24T17:00:00.000Z
1782322200,0.307,2026-06-24T17:30:00.000Z
1782324000,0.338,2026-06-24T18:00:00.000Z
1782325800,0.413,2026-06-24T18:30:00.000Z
1782327600,0.532,2026-06-24T19:00:00.000Z
1782329400,0.292,2026-06-24T19:30:00.000Z
1782331200,0.330,2026-06-24T20:00:00.000Z
1782333000,0.338,2026-06-24T20:30:00.000Z
1782334800,0.308,2026-06-24T21:00:00.000Z
1782336600,0.305,2026-06-24T21:30:00.000Z
1782338400,0.326,2026-06-24T22:00:00.000Z
1782340200,0.313,2026-06-24T22:30:00.000Z
1782342000,0.260,2026-06-24T23:00:00.000Z
1782343800,0.264,2026-06-24T23:30:00.000Z
1782345600,0.255,2026-06-25T00:00:00.000Z
1782347400,0.273,2026-06-25T00:30:00.000Z
1782349200,0.274,2026-06-25T01:00:00.000Z
1782351000,0.246,2026-06-25T01:30:00.000Z
1782352800,0.265,2026-06-25T02:00:00.000Z
1782354600,0.243,2026-06-25T02:30:00.000Z
1782356400,0.231,2026-06-25T03:00:00.000Z
1782358200,0.270,2026-06-25T03:30:00.000Z
1782360000,0.246,2026-06-25T04:00:00.000Z
1782361800,0.244,2026-06-25T04:30:00.000Z
1782363600,0.225,2026-06-25T05:00:00.000Z
1782365400,0.622,2026-06-25T05:30:00.000Z
1782367200,0.644,2026-06-25T06:00:00.000Z
1782369000,0.739,2026-06-25T06:30:00.000Z
1782370800,1.844,2026-06-25T07:00:00.000Z
1782372600,0.265,2026-06-25T07:30:00.000Z
1782374400,0.227,2026-06-25T08:00:00.000Z
1782376200,0.254,2026-06-25T08:30:00.000Z
1782378000,0.259,2026-06-25T09:00:00.000Z
1782379800,0.299,2026-06-25T09:30:00.000Z
1782381600,0.277,2026-06-25T10:00:00.000Z
1782383400,0.417,2026-06-25T10:30:00.000Z
1782385200,1.137,2026-06-25T11:00:00.000Z
1782387000,0.300,2026-06-25T11:30:00.000Z
1782388800,0.308,2026-06-25T12:00:00.000Z
1782390600,0.346,2026-06-25T12:30:00.000Z
1782392400,1.020,2026-06-25T13:00:00.000Z
1782394200,0.868,2026-06-25T13:30:00.000Z
1782396000,0.836,2026-06-25T14:00:00.000Z
1782397800,1.145,2026-06-25T14:30:00.000Z
1782399600,0.327,2026-06-25T15:00:00.000Z
1782401400,0.379,2026-06-25T15:30:00.000Z
1782403200,0.824,2026-06-25T16:00:00.000Z
1782405000,0.515,2026-06-25T16:30:00.000Z
1782406800,0.324,2026-06-25T17:00:00.000Z
1782408600,1.202,2026-06-25T17:30:00.000Z
1782410400,0.361,2026-06-25T18:00:00.000Z
1782412200,0.433,2026-06-25T18:30:00.000Z
1782414000,0.483,2026-06-25T19:00:00.000Z
1782415800,0.292,2026-06-25T19:30:00.000Z
1782417600,0.311,2026-06-25T20:00:00.000Z
1782419400,0.647,2026-06-25T20:30:00.000Z
1782421200,0.348,2026-06-25T21:00:00.000Z
1782423000,0.258,2026-06-25T21:30:00.000Z
1782424800,0.276,2026-06-25T22:00:00.000Z
1782426600,0.293,2026-06-25T22:30:00.000Z
1782428400,0.264,2026-06-25T23:00:00.000Z
1782430200,0.236,2026-06-25T23:30:00.000Z
1782432000,0.256,2026-06-26T00:00:00.000Z
1782433800,0.248,2026-06-26T00:30:00.000Z
1782435600,0.209,2026-06-26T01:00:00.000Z
1782437400,0.230,2026-06-26T01:30:00.000Z
1782439200,0.248,2026-06-26T02:00:00.000Z
1782441000,0.238,2026-06-26T02:30:00.000Z
1782442800,0.287,2026-06-26T03:00:00.000Z
1782444600,0.271,2026-06-26T03:30:00.000Z
1782446400,0.240,2026-06-26T04:00:00.000Z
1782448200,0.243,2026-06-26T04:30:00.000Z
1782450000,0.216,2026-06-26T05:00:00.000Z
1782451800,0.245,2026-06-26T05:30:00.000Z
1782453600,0.472,2026-06-26T06:00:00.000Z
1782455400,0.267,2026-06-26T06:30:00.000Z
1782457200,1.482,2026-06-26T07:00:00.000Z
1782459000,0.335,2026-06-26T07:30:00.000Z
1782460800,0.770,2026-06-26T08:00:00.000Z
1782462600,1.090,2026-06-26T08:30:00.000Z
1782464400,0.485,2026-06-26T09:00:00.000Z
1782466200,0.686,2026-06-26T09:30:00.000Z
1782468000,0.346,2026-06-26T10:00:00.000Z
1782469800,0.324,2026-06-26T10:30:00.000Z
1782471600,0.337,2026-06-26T11:00:00.000Z
1782473400,0.974,2026-06-26T11:30:00.000Z
1782475200,0.423,2026-06-26T12:00:00.000Z
1782477000,0.231,2026-06-26T12:30:00.000Z
1782478800,0.357,2026-06-26T13:00:00.000Z
1782480600,0.265,2026-06-26T13:30:00.000Z
1782482400,0.255,2026-06-26T14:00:00.000Z
1782484200,0.275,2026-06-26T14:30:00.000Z
1782486000,0.244,2026-06-26T15:00:00.000Z
1782487800,0.267,2026-06-26T15:30:00.000Z
1782489600,0.220,2026-06-26T16:00:00.000Z
1782491400,0.255,2026-06-26T16:30:00.000Z
1782493200,0.296,2026-06-26T17:00:00.000Z
1782495000,0.482,2026-06-26T17:30:00.000Z
1782496800,0.659,2026-06-26T18:00:00.000Z
1782498600,0.352,2026-06-26T18:30:00.000Z
1782500400,0.839,2026-06-26T19:00:00.000Z
1782502200,0.291,2026-06-26T19:30:00.000Z
1782504000,0.299,2026-06-26T20:00:00.000Z
1782505800,0.390,2026-06-26T20:30:00.000Z
1782507600,0.283,2026-06-26T21:00:00.000Z
1782509400,0.274,2026-06-26T21:30:00.000Z
1782511200,0.256,2026-06-26T22:00:00.000Z
1782513000,0.256,2026-06-26T22:30:00.000Z
1782514800,0.232,2026-06-26T23:00:00.000Z
1782516600,0.215,2026-06-26T23:30:00.000Z
1782518400,0.251,2026-06-27T00:00:00.000Z
1782520200,0.251,2026-06-27T00:30:00.000Z
1782522000,0.231,2026-06-27T01:00:00.000Z
1782523800,0.247,2026-06-27T01:30:00.000Z
1782525600,0.245,2026-06-27T02:00:00.000Z
1782527400,0.212,2026-06-27T02:30:00.000Z
1782529200,0.224,2026-06-27T03:00:00.000Z
1782531000,0.252,2026-06-27T03:30:00.000Z
1782532800,0.233,2026-06-27T04:00:00.000Z
1782534600,0.271,2026-06-27T04:30:00.000Z
1782536400,0.264,2026-06-27T05:00:00.000Z
1782538200,0.256,2026-06-27T05:30:00.000Z
1782540000,0.268,2026-06-27T06:00:00.000Z
1782541800,0.515,2026-06-27T06:30:00.000Z
1782543600,0.354,2026-06-27T07:00:00.000Z
1782545400,0.360,2026-06-27T07:30:00.000Z
1782547200,0.433,2026-06-27T08:00:00.000Z
1782549000,0.254,2026-06-27T08:30:00.000Z
1782550800,0.271,2026-06-27T09:00:00.000Z
1782552600,0.267,2026-06-27T09:30:00.000Z
1782554400,0.444,2026-06-27T10:00:00.000Z
1782556200,0.402,2026-06-27T10:30:00.000Z
1782558000,0.306,2026-06-27T11:00:00.000Z
1782559800,0.282,2026-06-27T11:30:00.000Z
1782561600,0.773,2026-06-27T12:00:00.000Z
1782563400,1.051,2026-06-27T12:30:00.000Z
1782565200,0.532,2026-06-27T13:00:00.000Z
1782567000,0.287,2026-06-27T13:30:00.000Z
1782568800,0.256,2026-06-27T14:00:00.000Z
1782570600,0.295,2026-06-27T14:30:00.000Z
1782572400,0.273,2026-06-27T15:00:00.000Z
1782574200,0.363,2026-06-27T15:30:00.000Z
1782576000,0.295,2026-06-27T16:00:00.000Z
1782577800,0.266,2026-06-27T16:30:00.000Z
1782579600,0.421,2026-06-27T17:00:00.000Z
1782581400,0.465,2026-06-27T17:30:00.000Z
1782583200,0.322,2026-06-27T18:00:00.000Z
1782585000,0.339,2026-06-27T18:30:00.000Z
1782586800,0.434,2026-06-27T19:00:00.000Z
1782588600,0.341,2026-06-27T19:30:00.000Z
1782590400,0.300,2026-06-27T20:00:00.000Z
1782592200,1.004,2026-06-27T20:30:00.000Z
1782594000,0.296,2026-06-27T21:00:00.000Z
1782595800,0.266,2026-06-27T21:30:00.000Z
1782597600,0.294,2026-06-27T22:00:00.000Z
1782599400,0,2026-06-27T22:30:00.000Z
1782601200,0,2026-06-27T23:00:00.000Z
1782603000,0,2026-06-27T23:30:00.000Z
1782604800,0,2026-06-28T00:00:00.000Z
1782606600,0,2026-06-28T00:30:00.000Z
1782608400,0,2026-06-28T01:00:00.000Z
1782610200,0,2026-06-28T01:30:00.000Z
1782612000,0,2026-06-28T02:00:00.000Z
1782613800,0,2026-06-28T02:30:00.000Z
1782615600,0,2026-06-28T03:00:00.000Z
1782617400,0,2026-06-28T03:30:00.000Z
1782619200,0,2026-06-28T04:00:00.000Z
1782621000,0,2026-06-28T04:30:00.000Z
1782622800,0,2026-06-28T05:00:00.000Z
1782624600,0,2026-06-28T05:30:00.000Z
1782626400,0,2026-06-28T06:00:00.000Z
1782628200,0,2026-06-28T06:30:00.000Z
1782630000,0,2026-06-28T07:00:00.000Z
1782631800,0,2026-06-28T07:30:00.000Z
1782633600,0,2026-06-28T08:00:00.000Z
1782635400,0,2026-06-28T08:30:00.000Z
1782637200,0,2026-06-28T09:00:00.000Z
1782639000,0,2026-06-28T09:30:00.000Z
1782640800,0,2026-06-28T10:00:00.000Z
1782642600,0,2026-06-28T10:30:00.000Z
1782644400,0,2026-06-28T11:00:00.000Z
1782646200,0,2026-06-28T11:30:00.000Z
1782648000,0,2026-06-28T12:00:00.000Z
1782649800,0,2026-06-28T12:30:00.000Z
1782651600,0,2026-06-28T13:00:00.000Z
1782653400,0,2026-06-28T13:30:00.000Z
1782655200,0,2026-06-28T14:00:00.000Z
1782657000,0,2026-06-28T14:30:00.000Z
1782658800,0,2026-06-28T15:00:00.000Z
1782660600,0,2026-06-28T15:30:00.000Z
1782662400,0,2026-06-28T16:00:00.000Z
1782664200,0,2026-06-28T16:30:00.000Z
1782666000,0,2026-06-28T17:00:00.000Z
1782667800,0,2026-06-28T17:30:00.000Z
1782669600,0,2026-06-28T18:00:00.000Z
1782671400,0,2026-06-28T18:30:00.000Z
1782673200,0,2026-06-28T19:00:00.000Z
1782675000,0,2026-06-28T19:30:00.000Z
1782676800,0,2026-06-28T20:00:00.000Z
1782678600,0,2026-06-28T20:30:00.000Z
1782680400,0,2026-06-28T21:00:00.000Z
1782682200,0,2026-06-28T21:30:00.000Z
1782684000,0,2026-06-28T22:00:00.000Z
1782685800,0,2026-06-28T22:30:00.000Z
1782687600,0,2026-06-28T23:00:00.000Z
1782689400,0,2026-06-28T23:30:00.000Z
1782691200,0,2026-06-29T00:00:00.000Z
1782693000,0,2026-06-29T00:30:00.000Z
1782694800,0,2026-06-29T01:00:00.000Z
1782696600,0,2026-06-29T01:30:00.000Z
1782698400,0,2026-06-29T02:00:00.000Z
1782700200,0,2026-06-29T02:30:00.000Z
1782702000,0,2026-06-29T03:00:00.000Z
1782703800,0,2026-06-29T03:30:00.000Z
1782705600,0,2026-06-29T04:00:00.000Z
1782707400,0,2026-06-29T04:30:00.000Z
1782709200,0,2026-06-29T05:00:00.000Z
1782711000,0,2026-06-29T05:30:00.000Z
1782712800,0,2026-06-29T06:00:00.000Z
1782714600,0,2026-06-29T06:30:00.000Z
1782716400,0,2026-06-29T07:00:00.000Z
1782718200,0,2026-06-29T07:30:00.000Z
1782720000,0,2026-06-29T08:00:00.000Z
1782721800,0,2026-06-29T08:30:00.000Z
1782723600,0,2026-06-29T09:00:00.000Z
1782725400,0,2026-06-29T09:30:00.000Z
1782727200,0,2026-06-29T10:00:00.000Z
1782729000,0,2026-06-29T10:30:00.000Z
1782730800,0,2026-06-29T11:00:00.000Z
1782732600,0,2026-06-29T11:30:00.000Z
1782734400,0,2026-06-29T12:00:00.000Z
1782736200,0,2026-06-29T12:30:00.000Z
1782738000,0,2026-06-29T13:00:00.000Z
1782739800,0,2026-06-29T13:30:00.000Z
1782741600,0,2026-06-29T14:00:00.000Z
1782743400,0,2026-06-29T14:30:00.000Z
1782745200,0,2026-06-29T15:00:00.000Z
1782747000,0,2026-06-29T15:30:00.000Z
1782748800,0,2026-06-29T16:00:00.000Z
1782750600,0,2026-06-29T16:30:00.000Z
1782752400,0,2026-06-29T17:00:00.000Z
1782754200,0,2026-06-29T17:30:00.000Z
1782756000,0,2026-06-29T18:00:00.000Z
1782757800,0,2026-06-29T18:30:00.000Z
1782759600,0,2026-06-29T19:00:00.000Z
1782761400,0,2026-06-29T19:30:00.000Z
1782763200,0,2026-06-29T20:00:00.000Z
1782765000,0,2026-06-29T20:30:00.000Z
1782766800,0,2026-06-29T21:00:00.000Z
1782768600,0,2026-06-29T21:30:00.000Z
1782770400,0,2026-06-29T22:00:00.000Z
1782772200,0.257,2026-06-29T22:30:00.000Z
1782774000,0.222,2026-06-29T23:00:00.000Z
1782775800,0.241,2026-06-29T23:30:00.000Z
1782777600,0.244,2026-06-30T00:00:00.000Z
1782779400,0.219,2026-06-30T00:30:00.000Z
1782781200,0.212,2026-06-30T01:00:00.000Z
1782783000,0.204,2026-06-30T01:30:00.000Z
1782784800,0.249,2026-06-30T02:00:00.000Z
1782786600,0.211,2026-06-30T02:30:00.000Z
1782788400,0.232,2026-06-30T03:00:00.000Z
1782790200,0.233,2026-06-30T03:30:00.000Z
1782792000,0.203,2026-06-30T04:00:00.000Z
1782793800,0.206,2026-06-30T04:30:00.000Z
1782795600,0.162,2026-06-30T05:00:00.000Z
1782797400,0.831,2026-06-30T05:30:00.000Z
1782799200,0.802,2026-06-30T06:00:00.000Z
1782801000,1.128,2026-06-30T06:30:00.000Z
1782802800,1.635,2026-06-30T07:00:00.000Z
1782804600,0.432,2026-06-30T07:30:00.000Z
1782806400,0.235,2026-06-30T08:00:00.000Z
1782808200,0.206,2026-06-30T08:30:00.000Z
1782810000,0.215,2026-06-30T09:00:00.000Z
1782811800,0.172,2026-06-30T09:30:00.000Z
1782813600,0.193,2026-06-30T10:00:00.000Z
1782815400,0.246,2026-06-30T10:30:00.000Z
1782817200,0.222,2026-06-30T11:00:00.000Z
1782819000,0.236,2026-06-30T11:30:00.000Z
1782820800,0.270,2026-06-30T12:00:00.000Z
1782822600,0.254,2026-06-30T12:30:00.000Z
1782824400,0.194,2026-06-30T13:00:00.000Z
1782826200,0.192,2026-06-30T13:30:00.000Z
1782828000,0.165,2026-06-30T14:00:00.000Z
1782829800,0.194,2026-06-30T14:30:00.000Z
1782831600,0.200,2026-06-30T15:00:00.000Z
1782833400,0.209,2026-06-30T15:30:00.000Z
1782835200,0.226,2026-06-30T16:00:00.000Z
1782837000,0.234,2026-06-30T16:30:00.000Z
1782838800,0.385,2026-06-30T17:00:00.000Z
1782840600,0.348,2026-06-30T17:30:00.000Z
1782842400,0.497,2026-06-30T18:00:00.000Z
1782844200,0.262,2026-06-30T18:30:00.000Z
1782846000,0.296,2026-06-30T19:00:00.000Z
1782847800,0.300,2026-06-30T19:30:00.000Z
1782849600,0.301,2026-06-30T20:00:00.000Z
1782851400,0.288,2026-06-30T20:30:00.000Z
1782853200,0.254,2026-06-30T21:00:00.000Z
1782855000,0.268,2026-06-30T21:30:00.000Z
1782856800,0.217,2026-06-30T22:00:00.000Z
1782858600,0.238,2026-06-30T22:30:00.000Z
1782860400,0.232,2026-06-30T23:00:00.000Z
1782862200,0.258,2026-06-30T23:30:00.000Z
1782864000,0.198,2026-07-01T00:00:00.000Z
1782865800,0.207,2026-07-01T00:30:00.000Z
1782867600,0.205,2026-07-01T01:00:00.000Z
1782869400,0.231,2026-07-01T01:30:00.000Z
1782871200,0.184,2026-07-01T02:00:00.000Z
1782873000,0.201,2026-07-01T02:30:00.000Z
1782874800,0.217,2026-07-01T03:00:00.000Z
1782876600,0.188,2026-07-01T03:30:00.000Z
1782878400,0.194,2026-07-01T04:00:00.000Z
1782880200,0.172,2026-07-01T04:30:00.000Z
1782882000,0.183,2026-07-01T05:00:00.000Z
1782883800,0.570,2026-07-01T05:30:00.000Z
1782885600,0.887,2026-07-01T06:00:00.000Z
1782887400,0.912,2026-07-01T06:30:00.000Z
1782889200,2.289,2026-07-01T07:00:00.000Z
1782891000,0.370,2026-07-01T07:30:00.000Z
1782892800,0.276,2026-07-01T08:00:00.000Z
1782894600,0.233,2026-07-01T08:30:00.000Z
1782896400,0.254,2026-07-01T09:00:00.000Z
1782898200,0.209,2026-07-01T09:30:00.000Z
1782900000,0.245,2026-07-01T10:00:00.000Z
1782901800,0.200,2026-07-01T10:30:00.000Z
1782903600,0.204,2026-07-01T11:00:00.000Z
1782905400,0.226,2026-07-01T11:30:00.000Z
1782907200,0.301,2026-07-01T12:00:00.000Z
1782909000,0.255,2026-07-01T12:30:00.000Z
1782910800,0.231,2026-07-01T13:00:00.000Z
1782912600,0.238,2026-07-01T13:30:00.000Z
1782914400,0.241,2026-07-01T14:00:00.000Z
1782916200,0.236,2026-07-01T14:30:00.000Z
1782918000,0.203,2026-07-01T15:00:00.000Z
1782919800,0.436,2026-07-01T15:30:00.000Z
1782921600,1.683,2026-07-01T16:00:00.000Z
1782923400,0.530,2026-07-01T16:30:00.000Z
1782925200,0.974,2026-07-01T17:00:00.000Z
1782927000,0.691,2026-07-01T17:30:00.000Z
1782928800,1.166,2026-07-01T18:00:00.000Z
1782930600,1.188,2026-07-01T18:30:00.000Z
1782932400,0.379,2026-07-01T19:00:00.000Z
1782934200,0.828,2026-07-01T19:30:00.000Z
1782936000,0.825,2026-07-01T20:00:00.000Z
1782937800,0.243,2026-07-01T20:30:00.000Z
1782939600,0.281,2026-07-01T21:00:00.000Z
1782941400,0.245,2026-07-01T21:30:00.000Z
1782943200,0.267,2026-07-01T22:00:00.000Z
1782945000,0.202,2026-07-01T22:30:00.000Z
1782946800,0.188,2026-07-01T23:00:00.000Z
1782948600,0.209,2026-07-01T23:30:00.000Z
1782950400,0.240,2026-07-02T00:00:00.000Z
1782952200,0.206,2026-07-02T00:30:00.000Z
1782954000,0.262,2026-07-02T01:00:00.000Z
1782955800,0.233,2026-07-02T01:30:00.000Z
1782957600,0.203,2026-07-02T02:00:00.000Z
1782959400,0.194,2026-07-02T02:30:00.000Z
1782961200,0.163,2026-07-02T03:00:00.000Z
1782963000,0.170,2026-07-02T03:30:00.000Z
1782964800,0.204,2026-07-02T04:00:00.000Z
1782966600,0.230,2026-07-02T04:30:00.000Z
1782968400,0.165,2026-07-02T05:00:00.000Z
1782970200,0.695,2026-07-02T05:30:00.000Z
1782972000,1.291,2026-07-02T06:00:00.000Z
1782973800,1.039,2026-07-02T06:30:00.000Z
1782975600,1.912,2026-07-02T07:00:00.000Z
1782977400,0.789,2026-07-02T07:30:00.000Z
1782979200,0.479,2026-07-02T08:00:00.000Z
1782981000,0.872,2026-07-02T08:30:00.000Z
1782982800,0.757,2026-07-02T09:00:00.000Z
1782984600,0.501,2026-07-02T09:30:00.000Z
1782986400,0.266,2026-07-02T10:00:00.000Z
1782988200,0.260,2026-07-02T10:30:00.000Z
1782990000,0.196,2026-07-02T11:00:00.000Z
1782991800,0.220,2026-07-02T11:30:00.000Z
1782993600,0.202,2026-07-02T12:00:00.000Z
1782995400,0.234,2026-07-02T12:30:00.000Z
1782997200,0.227,2026-07-02T13:00:00.000Z
1782999000,0.259,2026-07-02T13:30:00.000Z
1783000800,0.243,2026-07-02T14:00:00.000Z
1783002600,0.292,2026-07-02T14:30:00.000Z
1783004400,0.295,2026-07-02T15:00:00.000Z
1783006200,0.302,2026-07-02T15:30:00.000Z
1783008000,0.261,2026-07-02T16:00:00.000Z
1783009800,0.285,2026-07-02T16:30:00.000Z
1783011600,0.274,2026-07-02T17:00:00.000Z
1783013400,0.285,2026-07-02T17:30:00.000Z
1783015200,0.752,2026-07-02T18:00:00.000Z
1783017000,1.032,2026-07-02T18:30:00.000Z
1783018800,0.321,2026-07-02T19:00:00.000Z
1783020600,0.266,2026-07-02T19:30:00.000Z
1783022400,0.657,2026-07-02T20:00:00.000Z
1783024200,1.173,2026-07-02T20:30:00.000Z
1783026000,1.137,2026-07-02T21:00:00.000Z
1783027800,1.365,2026-07-02T21:30:00.000Z
1783029600,0.782,2026-07-02T22:00:00.000Z
1783031400,0.689,2026-07-02T22:30:00.000Z
1783033200,0.641,2026-07-02T23:00:00.000Z
1783035000,0.655,2026-07-02T23:30:00.000Z
1783036800,0.590,2026-07-03T00:00:00.000Z
1783038600,0.618,2026-07-03T00:30:00.000Z
1783040400,0.608,2026-07-03T01:00:00.000Z
1783042200,0.637,2026-07-03T01:30:00.000Z
1783044000,0.277,2026-07-03T02:00:00.000Z
1783045800,0.210,2026-07-03T02:30:00.000Z
1783047600,0.199,2026-07-03T03:00:00.000Z
1783049400,0.210,2026-07-03T03:30:00.000Z
1783051200,0.162,2026-07-03T04:00:00.000Z
1783053000,0.190,2026-07-03T04:30:00.000Z
1783054800,0.150,2026-07-03T05:00:00.000Z
1783056600,0.547,2026-07-03T05:30:00.000Z
1783058400,1.087,2026-07-03T06:00:00.000Z
1783060200,1.661,2026-07-03T06:30:00.000Z
1783062000,2.184,2026-07-03T07:00:00.000Z
1783063800,0.464,2026-07-03T07:30:00.000Z
1783065600,0.724,2026-07-03T08:00:00.000Z
1783067400,0.488,2026-07-03T08:30:00.000Z
1783069200,0.409,2026-07-03T09:00:00.000Z
1783071000,0.163,2026-07-03T09:30:00.000Z
1783072800,0.211,2026-07-03T10:00:00.000Z
1783074600,0.201,2026-07-03T10:30:00.000Z
1783076400,0.231,2026-07-03T11:00:00.000Z
1783078200,0.214,2026-07-03T11:30:00.000Z
1783080000,0.223,2026-07-03T12:00:00.000Z
1783081800,0.677,2026-07-03T12:30:00.000Z
1783083600,0.360,2026-07-03T13:00:00.000Z
1783085400,0.288,2026-07-03T13:30:00.000Z
1783087200,0.344,2026-07-03T14:00:00.000Z
1783089000,0.337,2026-07-03T14:30:00.000Z
1783090800,0.366,2026-07-03T15:00:00.000Z
1783092600,0.952,2026-07-03T15:30:00.000Z
1783094400,0.765,2026-07-03T16:00:00.000Z
1783096200,0.335,2026-07-03T16:30:00.000Z
1783098000,0.318,2026-07-03T17:00:00.000Z
1783099800,0.340,2026-07-03T17:30:00.000Z
1783101600,0.399,2026-07-03T18:00:00.000Z
1783103400,0.550,2026-07-03T18:30:00.000Z
1783105200,0.412,2026-07-03T19:00:00.000Z
1783107000,0.435,2026-07-03T19:30:00.000Z
1783108800,0.401,2026-07-03T20:00:00.000Z
1783110600,0.397,2026-07-03T20:30:00.000Z
1783112400,0.349,2026-07-03T21:00:00.000Z
1783114200,0.404,2026-07-03T21:30:00.000Z
1783116000,0.438,2026-07-03T22:00:00.000Z
1783117800,0.537,2026-07-03T22:30:00.000Z
1783119600,0.681,2026-07-03T23:00:00.000Z
1783121400,0.657,2026-07-03T23:30:00.000Z
1783123200,0.642,2026-07-04T00:00:00.000Z
1783125000,0.619,2026-07-04T00:30:00.000Z
1783126800,0.579,2026-07-04T01:00:00.000Z
1783128600,0.639,2026-07-04T01:30:00.000Z
1783130400,0.620,2026-07-04T02:00:00.000Z
1783132200,0.645,2026-07-04T02:30:00.000Z
1783134000,0.635,2026-07-04T03:00:00.000Z
1783135800,0.654,2026-07-04T03:30:00.000Z
1783137600,0.244,2026-07-04T04:00:00.000Z
1783139400,0.199,2026-07-04T04:30:00.000Z
1783141200,0.161,2026-07-04T05:00:00.000Z
1783143000,0.623,2026-07-04T05:30:00.000Z
1783144800,0.969,2026-07-04T06:00:00.000Z
1783146600,2.307,2026-07-04T06:30:00.000Z
1783148400,0.895,2026-07-04T07:00:00.000Z
1783150200,0.302,2026-07-04T07:30:00.000Z
1783152000,0.292,2026-07-04T08:00:00.000Z
1783153800,0.368,2026-07-04T08:30:00.000Z
1783155600,0.277,2026-07-04T09:00:00.000Z
1783157400,0.356,2026-07-04T09:30:00.000Z
1783159200,0.338,2026-07-04T10:00:00.000Z
1783161000,0.376,2026-07-04T10:30:00.000Z
1783162800,0.281,2026-07-04T11:00:00.000Z
1783164600,0.265,2026-07-04T11:30:00.000Z
1783166400,0.287,2026-07-04T12:00:00.000Z
1783168200,0.320,2026-07-04T12:30:00.000Z
1783170000,0.341,2026-07-04T13:00:00.000Z
1783171800,0.303,2026-07-04T13:30:00.000Z
1783173600,0.307,2026-07-04T14:00:00.000Z
1783175400,0.298,2026-07-04T14:30:00.000Z
1783177200,0.342,2026-07-04T15:00:00.000Z
1783179000,0.315,2026-07-04T15:30:00.000Z
1783180800,0.420,2026-07-04T16:00:00.000Z
1783182600,0.524,2026-07-04T16:30:00.000Z
1783184400,0.603,2026-07-04T17:00:00.000Z
1783186200,0.413,2026-07-04T17:30:00.000Z
1783188000,0.349,2026-07-04T18:00:00.000Z
1783189800,0.282,2026-07-04T18:30:00.000Z
1783191600,0.627,2026-07-04T19:00:00.000Z
1783193400,0.561,2026-07-04T19:30:00.000Z
1783195200,0.492,2026-07-04T20:00:00.000Z
1783197000,0.395,2026-07-04T20:30:00.000Z
1783198800,0.407,2026-07-04T21:00:00.000Z
1783200600,0.433,2026-07-04T21:30:00.000Z
1783202400,0.428,2026-07-04T22:00:00.000Z
1783204200,0.482,2026-07-04T22:30:00.000Z
1783206000,0.439,2026-07-04T23:00:00.000Z
1783207800,0.293,2026-07-04T23:30:00.000Z
1783209600,0.246,2026-07-05T00:00:00.000Z
1783211400,0.197,2026-07-05T00:30:00.000Z
1783213200,0.246,2026-07-05T01:00:00.000Z
1783215000,0.235,2026-07-05T01:30:00.000Z
1783216800,0.266,2026-07-05T02:00:00.000Z
1783218600,0.239,2026-07-05T02:30:00.000Z
1783220400,0.260,2026-07-05T03:00:00.000Z
1783222200,0.202,2026-07-05T03:30:00.000Z
1783224000,0.230,2026-07-05T04:00:00.000Z
1783225800,0.170,2026-07-05T04:30:00.000Z
1783227600,0.213,2026-07-05T05:00:00.000Z
1783229400,0.213,2026-07-05T05:30:00.000Z
1783231200,0.270,2026-07-05T06:00:00.000Z
1783233000,0.231,2026-07-05T06:30:00.000Z
1783234800,0.237,2026-07-05T07:00:00.000Z
1783236600,0.213,2026-07-05T07:30:00.000Z
1783238400,0.337,2026-07-05T08:00:00.000Z
1783240200,0.257,2026-07-05T08:30:00.000Z
1783242000,0.351,2026-07-05T09:00:00.000Z
1783243800,0.322,2026-07-05T09:30:00.000Z
1783245600,0.380,2026-07-05T10:00:00.000Z
1783247400,0.363,2026-07-05T10:30:00.000Z
1783249200,0.393,2026-07-05T11:00:00.000Z
1783251000,0.664,2026-07-05T11:30:00.000Z
1783252800,0.676,2026-07-05T12:00:00.000Z
1783254600,1.302,2026-07-05T12:30:00.000Z
1783256400,0.696,2026-07-05T13:00:00.000Z
1783258200,0.665,2026-07-05T13:30:00.000Z
1783260000,0.670,2026-07-05T14:00:00.000Z
1783261800,0.690,2026-07-05T14:30:00.000Z
1783263600,0.664,2026-07-05T15:00:00.000Z
1783265400,0.404,2026-07-05T15:30:00.000Z
1783267200,0.250,2026-07-05T16:00:00.000Z
1783269000,0.282,2026-07-05T16:30:00.000Z
1783270800,0.331,2026-07-05T17:00:00.000Z
1783272600,0.375,2026-07-05T17:30:00.000Z
1783274400,0.285,2026-07-05T18:00:00.000Z
1783276200,1.080,2026-07-05T18:30:00.000Z
1783278000,1.020,2026-07-05T19:00:00.000Z
1783279800,0.379,2026-07-05T19:30:00.000Z
1783281600,0.379,2026-07-05T20:00:00.000Z
1783283400,0.627,2026-07-05T20:30:00.000Z
1783285200,0.351,2026-07-05T21:00:00.000Z
1783287000,0.338,2026-07-05T21:30:00.000Z
1783288800,0.358,2026-07-05T22:00:00.000Z
1783290600,0.237,2026-07-05T22:30:00.000Z
1783292400,0.209,2026-07-05T23:00:00.000Z
1783294200,0.171,2026-07-05T23:30:00.000Z
1783296000,0.183,2026-07-06T00:00:00.000Z
1783297800,0.221,2026-07-06T00:30:00.000Z
1783299600,0.199,2026-07-06T01:00:00.000Z
1783301400,0.237,2026-07-06T01:30:00.000Z
1783303200,0.229,2026-07-06T02:00:00.000Z
1783305000,0.255,2026-07-06T02:30:00.000Z
1783306800,0.212,2026-07-06T03:00:00.000Z
1783308600,0.189,2026-07-06T03:30:00.000Z
1783310400,0.181,2026-07-06T04:00:00.000Z
1783312200,0.233,2026-07-06T04:30:00.000Z
1783314000,0.216,2026-07-06T05:00:00.000Z
1783315800,0.351,2026-07-06T05:30:00.000Z
1783317600,1.896,2026-07-06T06:00:00.000Z
1783319400,0.253,2026-07-06T06:30:00.000Z
1783321200,1.598,2026-07-06T07:00:00.000Z
1783323000,0.601,2026-07-06T07:30:00.000Z
1783324800,0.267,2026-07-06T08:00:00.000Z
1783326600,0.245,2026-07-06T08:30:00.000Z
1783328400,0.260,2026-07-06T09:00:00.000Z
1783330200,0.258,2026-07-06T09:30:00.000Z
1783332000,0.769,2026-07-06T10:00:00.000Z
1783333800,0.559,2026-07-06T10:30:00.000Z
1783335600,0.584,2026-07-06T11:00:00.000Z
1783337400,0.562,2026-07-06T11:30:00.000Z
1783339200,0.612,2026-07-06T12:00:00.000Z
1783341000,0.297,2026-07-06T12:30:00.000Z
1783342800,0.300,2026-07-06T13:00:00.000Z
1783344600,0.532,2026-07-06T13:30:00.000Z
1783346400,0.556,2026-07-06T14:00:00.000Z
1783348200,0.319,2026-07-06T14:30:00.000Z
1783350000,0.284,2026-07-06T15:00:00.000Z
1783351800,0.275,2026-07-06T15:30:00.000Z
1783353600,0.256,2026-07-06T16:00:00.000Z
1783355400,0.326,2026-07-06T16:30:00.000Z
1783357200,0.553,2026-07-06T17:00:00.000Z
1783359000,0.395,2026-07-06T17:30:00.000Z
1783360800,0.327,2026-07-06T18:00:00.000Z
1783362600,0.401,2026-07-06T18:30:00.000Z
1783364400,0.408,2026-07-06T19:00:00.000Z
1783366200,0.348,2026-07-06T19:30:00.000Z
1783368000,0.314,2026-07-06T20:00:00.000Z
1783369800,0.349,2026-07-06T20:30:00.000Z
1783371600,0.320,2026-07-06T21:00:00.000Z
1783373400,0.337,2026-07-06T21:30:00.000Z
1783375200,0.315,2026-07-06T22:00:00.000Z
1783377000,0.277,2026-07-06T22:30:00.000Z
1783378800,0.278,2026-07-06T23:00:00.000Z
1783380600,0.254,2026-07-06T23:30:00.000Z
1783382400,0.302,2026-07-07T00:00:00.000Z
1783384200,0.280,2026-07-07T00:30:00.000Z
1783386000,0.301,2026-07-07T01:00:00.000Z
1783387800,0.285,2026-07-07T01:30:00.000Z
1783389600,0.289,2026-07-07T02:00:00.000Z
1783391400,0.283,2026-07-07T02:30:00.000Z
1783393200,0.254,2026-07-07T03:00:00.000Z
1783395000,0.680,2026-07-07T03:30:00.000Z
1783396800,0.686,2026-07-07T04:00:00.000Z
1783398600,0.699,2026-07-07T04:30:00.000Z
1783400400,0.671,2026-07-07T05:00:00.000Z
1783402200,0.712,2026-07-07T05:30:00.000Z
1783404000,0.534,2026-07-07T06:00:00.000Z
1783405800,0.660,2026-07-07T06:30:00.000Z
1783407600,1.605,2026-07-07T07:00:00.000Z
1783409400,0.756,2026-07-07T07:30:00.000Z
1783411200,0.407,2026-07-07T08:00:00.000Z
1783413000,1.210,2026-07-07T08:30:00.000Z
1783414800,0.439,2026-07-07T09:00:00.000Z
1783416600,0.340,2026-07-07T09:30:00.000Z
1783418400,0.332,2026-07-07T10:00:00.000Z
1783420200,0.527,2026-07-07T10:30:00.000Z
1783422000,0.302,2026-07-07T11:00:00.000Z
1783423800,0.775,2026-07-07T11:30:00.000Z
1783425600,0.434,2026-07-07T12:00:00.000Z
1783427400,0.869,2026-07-07T12:30:00.000Z
1783429200,0.340,2026-07-07T13:00:00.000Z
1783431000,0.322,2026-07-07T13:30:00.000Z
1783432800,0.374,2026-07-07T14:00:00.000Z
1783434600,0.270,2026-07-07T14:30:00.000Z
1783436400,0.279,2026-07-07T15:00:00.000Z
1783438200,0.267,2026-07-07T15:30:00.000Z
1783440000,0.304,2026-07-07T16:00:00.000Z
1783441800,0.300,2026-07-07T16:30:00.000Z
1783443600,0.336,2026-07-07T17:00:00.000Z
1783445400,0.636,2026-07-07T17:30:00.000Z
1783447200,1.000,2026-07-07T18:00:00.000Z
1783449000,0.308,2026-07-07T18:30:00.000Z
1783450800,0.290,2026-07-07T19:00:00.000Z
1783452600,0.440,2026-07-07T19:30:00.000Z
1783454400,0.432,2026-07-07T20:00:00.000Z
1783456200,0.509,2026-07-07T20:30:00.000Z
1783458000,0.410,2026-07-07T21:00:00.000Z
1783459800,0.376,2026-07-07T21:30:00.000Z
1783461600,0.324,2026-07-07T22:00:00.000Z
1783463400,0.261,2026-07-07T22:30:00.000Z
1783465200,0.273,2026-07-07T23:00:00.000Z
1783467000,0.256,2026-07-07T23:30:00.000Z
1783468800,0.268,2026-07-08T00:00:00.000Z
1783470600,0.227,2026-07-08T00:30:00.000Z
1783472400,0.259,2026-07-08T01:00:00.000Z
1783474200,0.221,2026-07-08T01:30:00.000Z
1783476000,0.234,2026-07-08T02:00:00.000Z
1783477800,0.198,2026-07-08T02:30:00.000Z
1783479600,0.267,2026-07-08T03:00:00.000Z
1783481400,0.235,2026-07-08T03:30:00.000Z
1783483200,0.286,2026-07-08T04:00:00.000Z
1783485000,0.258,2026-07-08T04:30:00.000Z
1783486800,0.289,2026-07-08T05:00:00.000Z
1783488600,0.634,2026-07-08T05:30:00.000Z
1783490400,1.577,2026-07-08T06:00:00.000Z
1783492200,0.842,2026-07-08T06:30:00.000Z
1783494000,1.919,2026-07-08T07:00:00.000Z
1783495800,0.276,2026-07-08T07:30:00.000Z
1783497600,0.303,2026-07-08T08:00:00.000Z
1783499400,0.278,2026-07-08T08:30:00.000Z
1783501200,0.321,2026-07-08T09:00:00.000Z
1783503000,0.375,2026-07-08T09:30:00.000Z
1783504800,0.459,2026-07-08T10:00:00.000Z
1783506600,1.042,2026-07-08T10:30:00.000Z
1783508400,0.471,2026-07-08T11:00:00.000Z
1783510200,0.696,2026-07-08T11:30:00.000Z
1783512000,0.509,2026-07-08T12:00:00.000Z
1783513800,0.642,2026-07-08T12:30:00.000Z
1783515600,0.326,2026-07-08T13:00:00.000Z
1783517400,0.290,2026-07-08T13:30:00.000Z
1783519200,0.272,2026-07-08T14:00:00.000Z
1783521000,0.271,2026-07-08T14:30:00.000Z
1783522800,0.386,2026-07-08T15:00:00.000Z
1783524600,0.564,2026-07-08T15:30:00.000Z
1783526400,0.306,2026-07-08T16:00:00.000Z
1783528200,0.417,2026-07-08T16:30:00.000Z
1783530000,1.039,2026-07-08T17:00:00.000Z
1783531800,1.000,2026-07-08T17:30:00.000Z
1783533600,0.368,2026-07-08T18:00:00.000Z
1783535400,0.337,2026-07-08T18:30:00.000Z
1783537200,0.471,2026-07-08T19:00:00.000Z
1783539000,0.296,2026-07-08T19:30:00.000Z
1783540800,0.284,2026-07-08T20:00:00.000Z
1783542600,0.289,2026-07-08T20:30:00.000Z
1783544400,0.232,2026-07-08T21:00:00.000Z
1783546200,0.258,2026-07-08T21:30:00.000Z
1783548000,0.259,2026-07-08T22:00:00.000Z
1783549800,0.279,2026-07-08T22:30:00.000Z
1783551600,0.227,2026-07-08T23:00:00.000Z
1783553400,0.253,2026-07-08T23:30:00.000Z
1783555200,0.217,2026-07-09T00:00:00.000Z
1783557000,0.246,2026-07-09T00:30:00.000Z
1783558800,0.187,2026-07-09T01:00:00.000Z
1783560600,0.239,2026-07-09T01:30:00.000Z
1783562400,0.214,2026-07-09T02:00:00.000Z
1783564200,0.242,2026-07-09T02:30:00.000Z
1783566000,0.206,2026-07-09T03:00:00.000Z
1783567800,0.222,2026-07-09T03:30:00.000Z
1783569600,0.187,2026-07-09T04:00:00.000Z
1783571400,0.203,2026-07-09T04:30:00.000Z
1783573200,0.161,2026-07-09T05:00:00.000Z
1783575000,0.407,2026-07-09T05:30:00.000Z
1783576800,0.758,2026-07-09T06:00:00.000Z
1783578600,0.924,2026-07-09T06:30:00.000Z
1783580400,1.562,2026-07-09T07:00:00.000Z
1783582200,0.253,2026-07-09T07:30:00.000Z
1783584000,0.436,2026-07-09T08:00:00.000Z
1783585800,0.260,2026-07-09T08:30:00.000Z
1783587600,0.360,2026-07-09T09:00:00.000Z
1783589400,0.253,2026-07-09T09:30:00.000Z
1783591200,0.249,2026-07-09T10:00:00.000Z
1783593000,0.240,2026-07-09T10:30:00.000Z
1783594800,0.250,2026-07-09T11:00:00.000Z
1783596600,0.243,2026-07-09T11:30:00.000Z
1783598400,0.261,2026-07-09T12:00:00.000Z
1783600200,0.212,2026-07-09T12:30:00.000Z
1783602000,0.239,2026-07-09T13:00:00.000Z
1783603800,0.237,2026-07-09T13:30:00.000Z
1783605600,0.271,2026-07-09T14:00:00.000Z
1783607400,0.230,2026-07-09T14:30:00.000Z
1783609200,0.267,2026-07-09T15:00:00.000Z
1783611000,0.239,2026-07-09T15:30:00.000Z
1783612800,0.272,2026-07-09T16:00:00.000Z
1783614600,0.217,2026-07-09T16:30:00.000Z
1783616400,0.288,2026-07-09T17:00:00.000Z
1783618200,0.277,2026-07-09T17:30:00.000Z
1783620000,0.295,2026-07-09T18:00:00.000Z
1783621800,0.265,2026-07-09T18:30:00.000Z
1783623600,0.265,2026-07-09T19:00:00.000Z
1783625400,0.267,2026-07-09T19:30:00.000Z
1783627200,0.326,2026-07-09T20:00:00.000Z
1783629000,0.263,2026-07-09T20:30:00.000Z
1783630800,0.833,2026-07-09T21:00:00.000Z
1783632600,0.279,2026-07-09T21:30:00.000Z
1783634400,0.286,2026-07-09T22:00:00.000Z
1783636200,0.284,2026-07-09T22:30:00.000Z
1783638000,0.284,2026-07-09T23:00:00.000Z
1783639800,0.267,2026-07-09T23:30:00.000Z
1783641600,0.214,2026-07-10T00:00:00.000Z
1783643400,0.256,2026-07-10T00:30:00.000Z
1783645200,0.232,2026-07-10T01:00:00.000Z
1783647000,0.256,2026-07-10T01:30:00.000Z
1783648800,0.224,2026-07-10T02:00:00.000Z
1783650600,0.249,2026-07-10T02:30:00.000Z
1783652400,0.214,2026-07-10T03:00:00.000Z
1783654200,0.222,2026-07-10T03:30:00.000Z
1783656000,0.193,2026-07-10T04:00:00.000Z
1783657800,0.252,2026-07-10T04:30:00.000Z
1783659600,0.218,2026-07-10T05:00:00.000Z
1783661400,0.273,2026-07-10T05:30:00.000Z
1783663200,0.420,2026-07-10T06:00:00.000Z
1783665000,0.294,2026-07-10T06:30:00.000Z
1783666800,1.152,2026-07-10T07:00:00.000Z
1783668600,0.279,2026-07-10T07:30:00.000Z
1783670400,0.471,2026-07-10T08:00:00.000Z
1783672200,1.087,2026-07-10T08:30:00.000Z
1783674000,0.656,2026-07-10T09:00:00.000Z
1783675800,1.426,2026-07-10T09:30:00.000Z
1783677600,1.478,2026-07-10T10:00:00.000Z
1783679400,1.105,2026-07-10T10:30:00.000Z
1783681200,0.610,2026-07-10T11:00:00.000Z
1783683000,0.372,2026-07-10T11:30:00.000Z
1783684800,0.638,2026-07-10T12:00:00.000Z
1783686600,1.116,2026-07-10T12:30:00.000Z
1783688400,0.333,2026-07-10T13:00:00.000Z
1783690200,0.483,2026-07-10T13:30:00.000Z
1783692000,0.334,2026-07-10T14:00:00.000Z
1783693800,0.314,2026-07-10T14:30:00.000Z
1783695600,0.589,2026-07-10T15:00:00.000Z
1783697400,0.972,2026-07-10T15:30:00.000Z
1783699200,0.705,2026-07-10T16:00:00.000Z
1783701000,0.387,2026-07-10T16:30:00.000Z
1783702800,0.971,2026-07-10T17:00:00.000Z
1783704600,0.721,2026-07-10T17:30:00.000Z
1783706400,0.533,2026-07-10T18:00:00.000Z
1783708200,0.608,2026-07-10T18:30:00.000Z
1783710000,0.401,2026-07-10T19:00:00.000Z
1783711800,0.460,2026-07-10T19:30:00.000Z
1783713600,0.400,2026-07-10T20:00:00.000Z
1783715400,0.365,2026-07-10T20:30:00.000Z
1783717200,0.405,2026-07-10T21:00:00.000Z
1783719000,0.364,2026-07-10T21:30:00.000Z
1783720800,0.348,2026-07-10T22:00:00.000Z
1783722600,0.939,2026-07-10T22:30:00.000Z
1783724400,0.340,2026-07-10T23:00:00.000Z
1783726200,0.345,2026-07-10T23:30:00.000Z
1783728000,0.307,2026-07-11T00:00:00.000Z
1783729800,0.300,2026-07-11T00:30:00.000Z
1783731600,0.296,2026-07-11T01:00:00.000Z
1783733400,0.260,2026-07-11T01:30:00.000Z
1783735200,0.276,2026-07-11T02:00:00.000Z
1783737000,0.311,2026-07-11T02:30:00.000Z
1783738800,0.274,2026-07-11T03:00:00.000Z
1783740600,0.252,2026-07-11T03:30:00.000Z
1783742400,0.288,2026-07-11T04:00:00.000Z
1783744200,0.259,2026-07-11T04:30:00.000Z
1783746000,0.215,2026-07-11T05:00:00.000Z
1783747800,0.267,2026-07-11T05:30:00.000Z
1783749600,0.571,2026-07-11T06:00:00.000Z
1783751400,0.944,2026-07-11T06:30:00.000Z
1783753200,0.966,2026-07-11T07:00:00.000Z
1783755000,0.789,2026-07-11T07:30:00.000Z
1783756800,0.673,2026-07-11T08:00:00.000Z
1783758600,0.602,2026-07-11T08:30:00.000Z
1783760400,0.684,2026-07-11T09:00:00.000Z
1783762200,0.482,2026-07-11T09:30:00.000Z
1783764000,0.324,2026-07-11T10:00:00.000Z
1783765800,1.619,2026-07-11T10:30:00.000Z
1783767600,0.895,2026-07-11T11:00:00.000Z
1783769400,0.473,2026-07-11T11:30:00.000Z
1783771200,0.965,2026-07-11T12:00:00.000Z
1783773000,1.209,2026-07-11T12:30:00.000Z
1783774800,0.838,2026-07-11T13:00:00.000Z
1783776600,0.579,2026-07-11T13:30:00.000Z
1783778400,0.375,2026-07-11T14:00:00.000Z
1783780200,0.332,2026-07-11T14:30:00.000Z
1783782000,0.323,2026-07-11T15:00:00.000Z
1783783800,0.367,2026-07-11T15:30:00.000Z
1783785600,0.440,2026-07-11T16:00:00.000Z
1783787400,0.333,2026-07-11T16:30:00.000Z
1783789200,0.350,2026-07-11T17:00:00.000Z
1783791000,0.345,2026-07-11T17:30:00.000Z
1783792800,0.360,2026-07-11T18:00:00.000Z
1783794600,0.411,2026-07-11T18:30:00.000Z
1783796400,0.421,2026-07-11T19:00:00.000Z
1783798200,0.378,2026-07-11T19:30:00.000Z
1783800000,0.416,2026-07-11T20:00:00.000Z
1783801800,0.423,2026-07-11T20:30:00.000Z
1783803600,0.337,2026-07-11T21:00:00.000Z
1783805400,0.362,2026-07-11T21:30:00.000Z
1783807200,0.337,2026-07-11T22:00:00.000Z
1783809000,0.297,2026-07-11T22:30:00.000Z
1783810800,0.337,2026-07-11T23:00:00.000Z
1783812600,0.351,2026-07-11T23:30:00.000Z
1783814400,0.297,2026-07-12T00:00:00.000Z
1783816200,0.306,2026-07-12T00:30:00.000Z
1783818000,0.333,2026-07-12T01:00:00.000Z
1783819800,0.292,2026-07-12T01:30:00.000Z
1783821600,0.302,2026-07-12T02:00:00.000Z
1783823400,0.320,2026-07-12T02:30:00.000Z
1783825200,0.279,2026-07-12T03:00:00.000Z
1783827000,0.286,2026-07-12T03:30:00.000Z
1783828800,0.314,2026-07-12T04:00:00.000Z
1783830600,0.286,2026-07-12T04:30:00.000Z
1783832400,0.269,2026-07-12T05:00:00.000Z
1783834200,0.305,2026-07-12T05:30:00.000Z
1783836000,0.884,2026-07-12T06:00:00.000Z
1783837800,2.085,2026-07-12T06:30:00.000Z
1783839600,0.540,2026-07-12T07:00:00.000Z
1783841400,0.306,2026-07-12T07:30:00.000Z
1783843200,0.272,2026-07-12T08:00:00.000Z
1783845000,0.479,2026-07-12T08:30:00.000Z
1783846800,0.481,2026-07-12T09:00:00.000Z
1783848600,0.601,2026-07-12T09:30:00.000Z
1783850400,0.546,2026-07-12T10:00:00.000Z
1783852200,0.658,2026-07-12T10:30:00.000Z
1783854000,0.298,2026-07-12T11:00:00.000Z
1783855800,0.282,2026-07-12T11:30:00.000Z
1783857600,0.660,2026-07-12T12:00:00.000Z
1783859400,0.433,2026-07-12T12:30:00.000Z
1783861200,0.622,2026-07-12T13:00:00.000Z
1783863000,0.381,2026-07-12T13:30:00.000Z
1783864800,0.629,2026-07-12T14:00:00.000Z
1783866600,0.272,2026-07-12T14:30:00.000Z
1783868400,0.550,2026-07-12T15:00:00.000Z
1783870200,0.425,2026-07-12T15:30:00.000Z
1783872000,0.566,2026-07-12T16:00:00.000Z
1783873800,0.761,2026-07-12T16:30:00.000Z
1783875600,0.278,2026-07-12T17:00:00.000Z
1783877400,0.225,2026-07-12T17:30:00.000Z
1783879200,0.288,2026-07-12T18:00:00.000Z
1783881000,0.250,2026-07-12T18:30:00.000Z
1783882800,0.266,2026-07-12T19:00:00.000Z
1783884600,0.905,2026-07-12T19:30:00.000Z
1783886400,0.731,2026-07-12T20:00:00.000Z
1783888200,0.642,2026-07-12T20:30:00.000Z
1783890000,0.626,2026-07-12T21:00:00.000Z
1783891800,0.654,2026-07-12T21:30:00.000Z
1783893600,0.630,2026-07-12T22:00:00.000Z
1783895400,0.356,2026-07-12T22:30:00.000Z
1783897200,0.228,2026-07-12T23:00:00.000Z
1783899000,0.226,2026-07-12T23:30:00.000Z
1783900800,0.191,2026-07-13T00:00:00.000Z
1783902600,0.215,2026-07-13T00:30:00.000Z
1783904400,0.249,2026-07-13T01:00:00.000Z
1783906200,0.209,2026-07-13T01:30:00.000Z
1783908000,0.193,2026-07-13T02:00:00.000Z
1783909800,0.202,2026-07-13T02:30:00.000Z
1783911600,0.199,2026-07-13T03:00:00.000Z
1783913400,0.215,2026-07-13T03:30:00.000Z
1783915200,0.252,2026-07-13T04:00:00.000Z
1783917000,0.369,2026-07-13T04:30:00.000Z
1783918800,0.190,2026-07-13T05:00:00.000Z
1783920600,0.629,2026-07-13T05:30:00.000Z
1783922400,0.865,2026-07-13T06:00:00.000Z
1783924200,0.981,2026-07-13T06:30:00.000Z
1783926000,1.696,2026-07-13T07:00:00.000Z
1783927800,0.423,2026-07-13T07:30:00.000Z
1783929600,0.281,2026-07-13T08:00:00.000Z
1783931400,0.298,2026-07-13T08:30:00.000Z
1783933200,0.324,2026-07-13T09:00:00.000Z
1783935000,0.291,2026-07-13T09:30:00.000Z
1783936800,0.323,2026-07-13T10:00:00.000Z
1783938600,0.264,2026-07-13T10:30:00.000Z
1783940400,0.246,2026-07-13T11:00:00.000Z
1783942200,0.271,2026-07-13T11:30:00.000Z
1783944000,0.309,2026-07-13T12:00:00.000Z
1783945800,0.354,2026-07-13T12:30:00.000Z
1783947600,0.397,2026-07-13T13:00:00.000Z
1783949400,0.298,2026-07-13T13:30:00.000Z
1783951200,0.285,2026-07-13T14:00:00.000Z
1783953000,0.230,2026-07-13T14:30:00.000Z
1783954800,0.818,2026-07-13T15:00:00.000Z
1783956600,0.322,2026-07-13T15:30:00.000Z
1783958400,0.358,2026-07-13T16:00:00.000Z
1783960200,0.812,2026-07-13T16:30:00.000Z
1783962000,0.636,2026-07-13T17:00:00.000Z
1783963800,0.502,2026-07-13T17:30:00.000Z
1783965600,0.284,2026-07-13T18:00:00.000Z
1783967400,0.263,2026-07-13T18:30:00.000Z
1783969200,0.214,2026-07-13T19:00:00.000Z
1783971000,0.266,2026-07-13T19:30:00.000Z
1783972800,0.736,2026-07-13T20:00:00.000Z
1783974600,0.924,2026-07-13T20:30:00.000Z
1783976400,0.927,2026-07-13T21:00:00.000Z
1783978200,0.935,2026-07-13T21:30:00.000Z
1783980000,0.922,2026-07-13T22:00:00.000Z
1783981800,0.899,2026-07-13T22:30:00.000Z
1783983600,0.877,2026-07-13T23:00:00.000Z
1783985400,0.907,2026-07-13T23:30:00.000Z
1783987200,0.906,2026-07-14T00:00:00.000Z
1783989000,0.920,2026-07-14T00:30:00.000Z
1783990800,0.852,2026-07-14T01:00:00.000Z
1783992600,0.821,2026-07-14T01:30:00.000Z
1783994400,0.803,2026-07-14T02:00:00.000Z
1783996200,0.811,2026-07-14T02:30:00.000Z
1783998000,0.856,2026-07-14T03:00:00.000Z
1783999800,0.825,2026-07-14T03:30:00.000Z
1784001600,0.835,2026-07-14T04:00:00.000Z
1784003400,0.901,2026-07-14T04:30:00.000Z
1784005200,0.852,2026-07-14T05:00:00.000Z
1784007000,0.834,2026-07-14T05:30:00.000Z
1784008800,1.679,2026-07-14T06:00:00.000Z
1784010600,2.058,2026-07-14T06:30:00.000Z
1784012400,1.964,2026-07-14T07:00:00.000Z
1784014200,1.230,2026-07-14T07:30:00.000Z
1784016000,0.305,2026-07-14T08:00:00.000Z
1784017800,0.297,2026-07-14T08:30:00.000Z
1784019600,0.797,2026-07-14T09:00:00.000Z
1784021400,1.459,2026-07-14T09:30:00.000Z
1784023200,0.324,2026-07-14T10:00:00.000Z
1784025000,0.265,2026-07-14T10:30:00.000Z
1784026800,0.861,2026-07-14T11:00:00.000Z
1784028600,1.040,2026-07-14T11:30:00.000Z
1784030400,0.260,2026-07-14T12:00:00.000Z
1784032200,0.287,2026-07-14T12:30:00.000Z
1784034000,0.439,2026-07-14T13:00:00.000Z
1784035800,0.305,2026-07-14T13:30:00.000Z
1784037600,0.321,2026-07-14T14:00:00.000Z
1784039400,0.286,2026-07-14T14:30:00.000Z
1784041200,0.324,2026-07-14T15:00:00.000Z
1784043000,0.220,2026-07-14T15:30:00.000Z
1784044800,0.221,2026-07-14T16:00:00.000Z
1784046600,0.688,2026-07-14T16:30:00.000Z
1784048400,0.542,2026-07-14T17:00:00.000Z
1784050200,0.344,2026-07-14T17:30:00.000Z
1784052000,0.357,2026-07-14T18:00:00.000Z
1784053800,0.329,2026-07-14T18:30:00.000Z
1784055600,0.324,2026-07-14T19:00:00.000Z
1784057400,0.344,2026-07-14T19:30:00.000Z
1784059200,0.357,2026-07-14T20:00:00.000Z
1784061000,0.305,2026-07-14T20:30:00.000Z
1784062800,0.320,2026-07-14T21:00:00.000Z
1784064600,0.713,2026-07-14T21:30:00.000Z
1784066400,0.807,2026-07-14T22:00:00.000Z
1784068200,0.695,2026-07-14T22:30:00.000Z
1784070000,0.698,2026-07-14T23:00:00.000Z
1784071800,0.660,2026-07-14T23:30:00.000Z
1784073600,0.649,2026-07-15T00:00:00.000Z
1784075400,0.693,2026-07-15T00:30:00.000Z
1784077200,0.713,2026-07-15T01:00:00.000Z
1784079000,0.688,2026-07-15T01:30:00.000Z
1784080800,0.684,2026-07-15T02:00:00.000Z
1784082600,0.697,2026-07-15T02:30:00.000Z
1784084400,0.659,2026-07-15T03:00:00.000Z
1784086200,0.650,2026-07-15T03:30:00.000Z
1784088000,0.753,2026-07-15T04:00:00.000Z
1784089800,0.631,2026-07-15T04:30:00.000Z
1784091600,0.610,2026-07-15T05:00:00.000Z
1784093400,0.655,2026-07-15T05:30:00.000Z
1784095200,0.723,2026-07-15T06:00:00.000Z
1784097000,0.747,2026-07-15T06:30:00.000Z
1784098800,1.815,2026-07-15T07:00:00.000Z
1784100600,0.566,2026-07-15T07:30:00.000Z
1784102400,0.251,2026-07-15T08:00:00.000Z
1784104200,0.238,2026-07-15T08:30:00.000Z
1784106000,0.297,2026-07-15T09:00:00.000Z
1784107800,0.303,2026-07-15T09:30:00.000Z
1784109600,0.294,2026-07-15T10:00:00.000Z
1784111400,0.524,2026-07-15T10:30:00.000Z
1784113200,0.308,2026-07-15T11:00:00.000Z
1784115000,0.266,2026-07-15T11:30:00.000Z
1784116800,0.248,2026-07-15T12:00:00.000Z
1784118600,0.289,2026-07-15T12:30:00.000Z
1784120400,0.267,2026-07-15T13:00:00.000Z
1784122200,0.283,2026-07-15T13:30:00.000Z
1784124000,0.321,2026-07-15T14:00:00.000Z
1784125800,0.280,2026-07-15T14:30:00.000Z
1784127600,0.579,2026-07-15T15:00:00.000Z
1784129400,1.568,2026-07-15T15:30:00.000Z
1784131200,0.799,2026-07-15T16:00:00.000Z
1784133000,0.665,2026-07-15T16:30:00.000Z
1784134800,0.874,2026-07-15T17:00:00.000Z
1784136600,0.330,2026-07-15T17:30:00.000Z
1784138400,0.342,2026-07-15T18:00:00.000Z
1784140200,0.290,2026-07-15T18:30:00.000Z
1784142000,0.311,2026-07-15T19:00:00.000Z
1784143800,0.535,2026-07-15T19:30:00.000Z
1784145600,0.654,2026-07-15T20:00:00.000Z
1784147400,0.717,2026-07-15T20:30:00.000Z
1784149200,0.657,2026-07-15T21:00:00.000Z
1784151000,0.672,2026-07-15T21:30:00.000Z
1784152800,0.710,2026-07-15T22:00:00.000Z
1784154600,0.652,2026-07-15T22:30:00.000Z
1784156400,0.636,2026-07-15T23:00:00.000Z
1784158200,0.622,2026-07-15T23:30:00.000Z
1784160000,0.586,2026-07-16T00:00:00.000Z
1784161800,0.613,2026-07-16T00:30:00.000Z
1784163600,0.636,2026-07-16T01:00:00.000Z
1784165400,0.604,2026-07-16T01:30:00.000Z
1784167200,0.595,2026-07-16T02:00:00.000Z
1784169000,0.628,2026-07-16T02:30:00.000Z
1784170800,0.602,2026-07-16T03:00:00.000Z
1784172600,0.565,2026-07-16T03:30:00.000Z
1784174400,0.748,2026-07-16T04:00:00.000Z
1784176200,0.613,2026-07-16T04:30:00.000Z
1784178000,0.621,2026-07-16T05:00:00.000Z
1784179800,0.651,2026-07-16T05:30:00.000Z
1784181600,0.687,2026-07-16T06:00:00.000Z
1784183400,0.653,2026-07-16T06:30:00.000Z
1784185200,1.327,2026-07-16T07:00:00.000Z
1784187000,0.707,2026-07-16T07:30:00.000Z
1784188800,0.182,2026-07-16T08:00:00.000Z
1784190600,0.173,2026-07-16T08:30:00.000Z
1784192400,0.285,2026-07-16T09:00:00.000Z
1784194200,0.231,2026-07-16T09:30:00.000Z
1784196000,0.222,2026-07-16T10:00:00.000Z
1784197800,0.237,2026-07-16T10:30:00.000Z
1784199600,0.188,2026-07-16T11:00:00.000Z
1784201400,0.185,2026-07-16T11:30:00.000Z
1784203200,0.351,2026-07-16T12:00:00.000Z
1784205000,0.258,2026-07-16T12:30:00.000Z
1784206800,0.235,2026-07-16T13:00:00.000Z
1784208600,0.287,2026-07-16T13:30:00.000Z
1784210400,0.270,2026-07-16T14:00:00.000Z
1784212200,0.270,2026-07-16T14:30:00.000Z
1784214000,0.480,2026-07-16T15:00:00.000Z
1784215800,1.556,2026-07-16T15:30:00.000Z
1784217600,0.641,2026-07-16T16:00:00.000Z
1784219400,0.311,2026-07-16T16:30:00.000Z
1784221200,0.535,2026-07-16T17:00:00.000Z
1784223000,1.232,2026-07-16T17:30:00.000Z
1784224800,0.702,2026-07-16T18:00:00.000Z
1784226600,0.337,2026-07-16T18:30:00.000Z
1784228400,0.314,2026-07-16T19:00:00.000Z
1784230200,0.309,2026-07-16T19:30:00.000Z
1784232000,0.311,2026-07-16T20:00:00.000Z
1784233800,0.572,2026-07-16T20:30:00.000Z
1784235600,0.742,2026-07-16T21:00:00.000Z
1784237400,0.727,2026-07-16T21:30:00.000Z
1784239200,0.700,2026-07-16T22:00:00.000Z
1784241000,0.700,2026-07-16T22:30:00.000Z
1784242800,0.678,2026-07-16T23:00:00.000Z
1784244600,0.649,2026-07-16T23:30:00.000Z
1784246400,0.657,2026-07-17T00:00:00.000Z
1784248200,0.672,2026-07-17T00:30:00.000Z
1784250000,0.630,2026-07-17T01:00:00.000Z
1784251800,0.626,2026-07-17T01:30:00.000Z
1784253600,0.663,2026-07-17T02:00:00.000Z
1784255400,0.645,2026-07-17T02:30:00.000Z
1784257200,0.600,2026-07-17T03:00:00.000Z
1784259000,0.645,2026-07-17T03:30:00.000Z
1784260800,0.809,2026-07-17T04:00:00.000Z
1784262600,0.602,2026-07-17T04:30:00.000Z
1784264400,0.634,2026-07-17T05:00:00.000Z
1784266200,0.625,2026-07-17T05:30:00.000Z
1784268000,1.018,2026-07-17T06:00:00.000Z
1784269800,0.781,2026-07-17T06:30:00.000Z
1784271600,1.952,2026-07-17T07:00:00.000Z
1784273400,0.413,2026-07-17T07:30:00.000Z
1784275200,0.316,2026-07-17T08:00:00.000Z
1784277000,0.269,2026-07-17T08:30:00.000Z
1784278800,0.224,2026-07-17T09:00:00.000Z
1784280600,0.268,2026-07-17T09:30:00.000Z
1784282400,0.554,2026-07-17T10:00:00.000Z
1784284200,0.424,2026-07-17T10:30:00.000Z
1784286000,0.407,2026-07-17T11:00:00.000Z
1784287800,0.342,2026-07-17T11:30:00.000Z
1784289600,0.355,2026-07-17T12:00:00.000Z
1784291400,0.357,2026-07-17T12:30:00.000Z
1784293200,0.288,2026-07-17T13:00:00.000Z
1784295000,0.745,2026-07-17T13:30:00.000Z
1784296800,0.927,2026-07-17T14:00:00.000Z
1784298600,0.298,2026-07-17T14:30:00.000Z
1784300400,0.799,2026-07-17T15:00:00.000Z
1784302200,1.276,2026-07-17T15:30:00.000Z
1784304000,1.385,2026-07-17T16:00:00.000Z
1784305800,2.066,2026-07-17T16:30:00.000Z
1784307600,1.188,2026-07-17T17:00:00.000Z
1784309400,1.170,2026-07-17T17:30:00.000Z
1784311200,1.427,2026-07-17T18:00:00.000Z
1784313000,1.222,2026-07-17T18:30:00.000Z
1784314800,0.804,2026-07-17T19:00:00.000Z
1784316600,0.770,2026-07-17T19:30:00.000Z
1784318400,0.877,2026-07-17T20:00:00.000Z
1784320200,0.810,2026-07-17T20:30:00.000Z
1784322000,0.813,2026-07-17T21:00:00.000Z
1784323800,0.532,2026-07-17T21:30:00.000Z
1784325600,0.371,2026-07-17T22:00:00.000Z
1784327400,0.332,2026-07-17T22:30:00.000Z
1784329200,0.363,2026-07-17T23:00:00.000Z
1784331000,0.296,2026-07-17T23:30:00.000Z
1784332800,0.277,2026-07-18T00:00:00.000Z
1784334600,0.278,2026-07-18T00:30:00.000Z
1784336400,0.247,2026-07-18T01:00:00.000Z
1784338200,0.260,2026-07-18T01:30:00.000Z
1784340000,0.241,2026-07-18T02:00:00.000Z
1784341800,0.207,2026-07-18T02:30:00.000Z
1784343600,0.230,2026-07-18T03:00:00.000Z
1784345400,0.238,2026-07-18T03:30:00.000Z
1784347200,0.206,2026-07-18T04:00:00.000Z
1784349000,0.213,2026-07-18T04:30:00.000Z
1784350800,0.192,2026-07-18T05:00:00.000Z
1784352600,0.466,2026-07-18T05:30:00.000Z
1784354400,0.973,2026-07-18T06:00:00.000Z
1784356200,2.566,2026-07-18T06:30:00.000Z
1784358000,1.905,2026-07-18T07:00:00.000Z
1784359800,0.314,2026-07-18T07:30:00.000Z
1784361600,0.253,2026-07-18T08:00:00.000Z
1784363400,0.328,2026-07-18T08:30:00.000Z
1784365200,1.293,2026-07-18T09:00:00.000Z
1784367000,0.574,2026-07-18T09:30:00.000Z
1784368800,0.736,2026-07-18T10:00:00.000Z
1784370600,0.389,2026-07-18T10:30:00.000Z
1784372400,0.469,2026-07-18T11:00:00.000Z
1784374200,0.897,2026-07-18T11:30:00.000Z
1784376000,0.653,2026-07-18T12:00:00.000Z
1784377800,0.435,2026-07-18T12:30:00.000Z
1784379600,0.469,2026-07-18T13:00:00.000Z
1784381400,0.402,2026-07-18T13:30:00.000Z
1784383200,0.538,2026-07-18T14:00:00.000Z
1784385000,0.453,2026-07-18T14:30:00.000Z
1784386800,0.435,2026-07-18T15:00:00.000Z
1784388600,0.486,2026-07-18T15:30:00.000Z
1784390400,0.796,2026-07-18T16:00:00.000Z
1784392200,1.018,2026-07-18T16:30:00.000Z
1784394000,1.079,2026-07-18T17:00:00.000Z
1784395800,1.112,2026-07-18T17:30:00.000Z
1784397600,1.191,2026-07-18T18:00:00.000Z
1784399400,1.234,2026-07-18T18:30:00.000Z
1784401200,1.196,2026-07-18T19:00:00.000Z
1784403000,0.869,2026-07-18T19:30:00.000Z
1784404800,0.879,2026-07-18T20:00:00.000Z
1784406600,0.843,2026-07-18T20:30:00.000Z
1784408400,0.832,2026-07-18T21:00:00.000Z
1784410200,0.822,2026-07-18T21:30:00.000Z
1784412000,0.850,2026-07-18T22:00:00.000Z
1784413800,0.869,2026-07-18T22:30:00.000Z
1784415600,0.857,2026-07-18T23:00:00.000Z
1784417400,0.722,2026-07-18T23:30:00.000Z
1784419200,0.696,2026-07-19T00:00:00.000Z
1784421000,0.655,2026-07-19T00:30:00.000Z
1784422800,0.604,2026-07-19T01:00:00.000Z
1784424600,0.652,2026-07-19T01:30:00.000Z
1784426400,0.647,2026-07-19T02:00:00.000Z
1784428200,0.612,2026-07-19T02:30:00.000Z
1784430000,0.640,2026-07-19T03:00:00.000Z
1784431800,0.642,2026-07-19T03:30:00.000Z
1784433600,0.621,2026-07-19T04:00:00.000Z
1784435400,0.627,2026-07-19T04:30:00.000Z
1784437200,1.295,2026-07-19T05:00:00.000Z
1784439000,0.770,2026-07-19T05:30:00.000Z
1784440800,0.694,2026-07-19T06:00:00.000Z
1784442600,1.235,2026-07-19T06:30:00.000Z
1784444400,0.750,2026-07-19T07:00:00.000Z
1784446200,1.094,2026-07-19T07:30:00.000Z
1784448000,0.703,2026-07-19T08:00:00.000Z
1784449800,0.702,2026-07-19T08:30:00.000Z
1784451600,0.732,2026-07-19T09:00:00.000Z
1784453400,0.783,2026-07-19T09:30:00.000Z
1784455200,0.715,2026-07-19T10:00:00.000Z
1784457000,1.327,2026-07-19T10:30:00.000Z
1784458800,0.964,2026-07-19T11:00:00.000Z
1784460600,0.782,2026-07-19T11:30:00.000Z
1784462400,1.002,2026-07-19T12:00:00.000Z
1784464200,0.851,2026-07-19T12:30:00.000Z
1784466000,1.096,2026-07-19T13:00:00.000Z
1784467800,0.922,2026-07-19T13:30:00.000Z
1784469600,0.753,2026-07-19T14:00:00.000Z
1784471400,0.706,2026-07-19T14:30:00.000Z
1784473200,0.729,2026-07-19T15:00:00.000Z
1784475000,0.888,2026-07-19T15:30:00.000Z
1784476800,1.530,2026-07-19T16:00:00.000Z
1784478600,0.941,2026-07-19T16:30:00.000Z
1784480400,0.709,2026-07-19T17:00:00.000Z
1784482200,1.317,2026-07-19T17:30:00.000Z
1784484000,1.262,2026-07-19T18:00:00.000Z
1784485800,1.190,2026-07-19T18:30:00.000Z
1784487600,0.817,2026-07-19T19:00:00.000Z
1784489400,1.701,2026-07-19T19:30:00.000Z
1784491200,0.841,2026-07-19T20:00:00.000Z
1784493000,0.726,2026-07-19T20:30:00.000Z
1784494800,0.717,2026-07-19T21:00:00.000Z
1784496600,0.702,2026-07-19T21:30:00.000Z
1784498400,0.406,2026-07-19T22:00:00.000Z
1784500200,0.277,2026-07-19T22:30:00.000Z
1784502000,0.268,2026-07-19T23:00:00.000Z
1784503800,0.276,2026-07-19T23:30:00.000Z
1784505600,0.222,2026-07-20T00:00:00.000Z
1784507400,0.232,2026-07-20T00:30:00.000Z
1784509200,0.222,2026-07-20T01:00:00.000Z
1784511000,0.199,2026-07-20T01:30:00.000Z
1784512800,0.199,2026-07-20T02:00:00.000Z
1784514600,0.207,2026-07-20T02:30:00.000Z
1784516400,0.184,2026-07-20T03:00:00.000Z
1784518200,0.178,2026-07-20T03:30:00.000Z
1784520000,0.331,2026-07-20T04:00:00.000Z
1784521800,0.129,2026-07-20T04:30:00.000Z
1784523600,0.268,2026-07-20T05:00:00.000Z
1784525400,0.877,2026-07-20T05:30:00.000Z
1784527200,1.217,2026-07-20T06:00:00.000Z
1784529000,0.869,2026-07-20T06:30:00.000Z
1784530800,1.931,2026-07-20T07:00:00.000Z
1784532600,0.480,2026-07-20T07:30:00.000Z
1784534400,0.207,2026-07-20T08:00:00.000Z
1784536200,0.221,2026-07-20T08:30:00.000Z
1784538000,0.225,2026-07-20T09:00:00.000Z
1784539800,0.191,2026-07-20T09:30:00.000Z
1784541600,0.230,2026-07-20T10:00:00.000Z
1784543400,0.267,2026-07-20T10:30:00.000Z
1784545200,0.421,2026-07-20T11:00:00.000Z
1784547000,0.273,2026-07-20T11:30:00.000Z
1784548800,0.260,2026-07-20T12:00:00.000Z
1784550600,0.285,2026-07-20T12:30:00.000Z
1784552400,0.298,2026-07-20T13:00:00.000Z
1784554200,0.484,2026-07-20T13:30:00.000Z
1784556000,0.298,2026-07-20T14:00:00.000Z
1784557800,0.294,2026-07-20T14:30:00.000Z
1784559600,1.625,2026-07-20T15:00:00.000Z
1784561400,0.484,2026-07-20T15:30:00.000Z
1784563200,1.036,2026-07-20T16:00:00.000Z
1784565000,1.040,2026-07-20T16:30:00.000Z
1784566800,0.574,2026-07-20T17:00:00.000Z
1784568600,0.872,2026-07-20T17:30:00.000Z
1784570400,0.437,2026-07-20T18:00:00.000Z
1784572200,0.789,2026-07-20T18:30:00.000Z
1784574000,0.949,2026-07-20T19:00:00.000Z
1784575800,1.080,2026-07-20T19:30:00.000Z
1784577600,1.029,2026-07-20T20:00:00.000Z
1784579400,1.074,2026-07-20T20:30:00.000Z
1784581200,0.901,2026-07-20T21:00:00.000Z
1784583000,0.682,2026-07-20T21:30:00.000Z
1784584800,0.721,2026-07-20T22:00:00.000Z
1784586600,0.691,2026-07-20T22:30:00.000Z
1784588400,0.647,2026-07-20T23:00:00.000Z
1784590200,0.675,2026-07-20T23:30:00.000Z
1784592000,0.617,2026-07-21T00:00:00.000Z
1784593800,0.626,2026-07-21T00:30:00.000Z
1784595600,0.658,2026-07-21T01:00:00.000Z
1784597400,0.628,2026-07-21T01:30:00.000Z
1784599200,0.623,2026-07-21T02:00:00.000Z
1784601000,0.627,2026-07-21T02:30:00.000Z
1784602800,0.580,2026-07-21T03:00:00.000Z
1784604600,0.596,2026-07-21T03:30:00.000Z
1784606400,0.900,2026-07-21T04:00:00.000Z
1784608200,0.550,2026-07-21T04:30:00.000Z
1784610000,0.567,2026-07-21T05:00:00.000Z
1784611800,0.644,2026-07-21T05:30:00.000Z
1784613600,1.068,2026-07-21T06:00:00.000Z
1784615400,0.851,2026-07-21T06:30:00.000Z
1784617200,2.081,2026-07-21T07:00:00.000Z
1784619000,0.268,2026-07-21T07:30:00.000Z
1784620800,0.225,2026-07-21T08:00:00.000Z
1784622600,0.299,2026-07-21T08:30:00.000Z
1784624400,0.228,2026-07-21T09:00:00.000Z
1784626200,0.265,2026-07-21T09:30:00.000Z
1784628000,0.330,2026-07-21T10:00:00.000Z
1784629800,0.354,2026-07-21T10:30:00.000Z
1784631600,0.388,2026-07-21T11:00:00.000Z
1784633400,0.355,2026-07-21T11:30:00.000Z
1784635200,0.433,2026-07-21T12:00:00.000Z
1784637000,0.616,2026-07-21T12:30:00.000Z
1784638800,0.254,2026-07-21T13:00:00.000Z
1784640600,0.212,2026-07-21T13:30:00.000Z
1784642400,0.376,2026-07-21T14:00:00.000Z
1784644200,0.252,2026-07-21T14:30:00.000Z
1784646000,2.220,2026-07-21T15:00:00.000Z
1784647800,0.640,2026-07-21T15:30:00.000Z
1784649600,1.369,2026-07-21T16:00:00.000Z
1784651400,1.408,2026-07-21T16:30:00.000Z
1784653200,0.889,2026-07-21T17:00:00.000Z
1784655000,0.483,2026-07-21T17:30:00.000Z
1784656800,0.243,2026-07-21T18:00:00.000Z
1784658600,0.535,2026-07-21T18:30:00.000Z
1784660400,0.456,2026-07-21T19:00:00.000Z
1784662200,0.684,2026-07-21T19:30:00.000Z
1784664000,0.689,2026-07-21T20:00:00.000Z
1784665800,0.696,2026-07-21T20:30:00.000Z
1784667600,0.657,2026-07-21T21:00:00.000Z
1784669400,0.602,2026-07-21T21:30:00.000Z
1784671200,0.593,2026-07-21T22:00:00.000Z
1784673000,0.623,2026-07-21T22:30:00.000Z
1784674800,0.656,2026-07-21T23:00:00.000Z
1784676600,0.616,2026-07-21T23:30:00.000Z
1784678400,0.620,2026-07-22T00:00:00.000Z
1784680200,0.598,2026-07-22T00:30:00.000Z
1784682000,0.580,2026-07-22T01:00:00.000Z
1784683800,0.609,2026-07-22T01:30:00.000Z
1784685600,0.605,2026-07-22T02:00:00.000Z
1784687400,0.607,2026-07-22T02:30:00.000Z
1784689200,0.592,2026-07-22T03:00:00.000Z
1784691000,0.649,2026-07-22T03:30:00.000Z
1784692800,0.749,2026-07-22T04:00:00.000Z
1784694600,0.898,2026-07-22T04:30:00.000Z
1784696400,0.860,2026-07-22T05:00:00.000Z
1784698200,0.901,2026-07-22T05:30:00.000Z
1784700000,0.884,2026-07-22T06:00:00.000Z
1784701800,0.667,2026-07-22T06:30:00.000Z
1784703600,1.757,2026-07-22T07:00:00.000Z
1784705400,0.316,2026-07-22T07:30:00.000Z
1784707200,0.192,2026-07-22T08:00:00.000Z
1784709000,0.243,2026-07-22T08:30:00.000Z
1784710800,0.229,2026-07-22T09:00:00.000Z
1784712600,0.223,2026-07-22T09:30:00.000Z
1784714400,0.500,2026-07-22T10:00:00.000Z
1784716200,0.324,2026-07-22T10:30:00.000Z
1784718000,0.352,2026-07-22T11:00:00.000Z
1784719800,0.386,2026-07-22T11:30:00.000Z
1784721600,0.310,2026-07-22T12:00:00.000Z
1784723400,0.269,2026-07-22T12:30:00.000Z
1784725200,0.434,2026-07-22T13:00:00.000Z
1784727000,0.257,2026-07-22T13:30:00.000Z
1784728800,0.252,2026-07-22T14:00:00.000Z
1784730600,0.251,2026-07-22T14:30:00.000Z
1784732400,0.239,2026-07-22T15:00:00.000Z
1784734200,1.383,2026-07-22T15:30:00.000Z
1784736000,0.377,2026-07-22T16:00:00.000Z
1784737800,0.681,2026-07-22T16:30:00.000Z
1784739600,1.024,2026-07-22T17:00:00.000Z
1784741400,0.594,2026-07-22T17:30:00.000Z
1784743200,0.419,2026-07-22T18:00:00.000Z
1784745000,0.249,2026-07-22T18:30:00.000Z
1784746800,0.227,2026-07-22T19:00:00.000Z
1784748600,0.301,2026-07-22T19:30:00.000Z
1784750400,0.210,2026-07-22T20:00:00.000Z
1784752200,0.243,2026-07-22T20:30:00.000Z
1784754000,0.224,2026-07-22T21:00:00.000Z
1784755800,0.616,2026-07-22T21:30:00.000Z
1784757600,0.661,2026-07-22T22:00:00.000Z
1784759400,0.658,2026-07-22T22:30:00.000Z
1784761200,0.643,2026-07-22T23:00:00.000Z
1784763000,0.662,2026-07-22T23:30:00.000Z
1784764800,0.588,2026-07-23T00:00:00.000Z
1784766600,0.584,2026-07-23T00:30:00.000Z
1784768400,0.624,2026-07-23T01:00:00.000Z
1784770200,0.569,2026-07-23T01:30:00.000Z
1784772000,0.547,2026-07-23T02:00:00.000Z
1784773800,0.618,2026-07-23T02:30:00.000Z
1784775600,0.586,2026-07-23T03:00:00.000Z
1784777400,0.593,2026-07-23T03:30:00.000Z
1784779200,0.904,2026-07-23T04:00:00.000Z
1784781000,0.613,2026-07-23T04:30:00.000Z
1784782800,0.583,2026-07-23T05:00:00.000Z
1784784600,0.640,2026-07-23T05:30:00.000Z
1784786400,0.964,2026-07-23T06:00:00.000Z
1784788200,0.658,2026-07-23T06:30:00.000Z
1784790000,1.950,2026-07-23T07:00:00.000Z
1784791800,0.302,2026-07-23T07:30:00.000Z
1784793600,0.198,2026-07-23T08:00:00.000Z
1784795400,0.229,2026-07-23T08:30:00.000Z
1784797200,0.272,2026-07-23T09:00:00.000Z
1784799000,0.181,2026-07-23T09:30:00.000Z
1784800800,0.204,2026-07-23T10:00:00.000Z
1784802600,0.647,2026-07-23T10:30:00.000Z
1784804400,0.209,2026-07-23T11:00:00.000Z
1784806200,0.226,2026-07-23T11:30:00.000Z
1784808000,0.565,2026-07-23T12:00:00.000Z
1784809800,0.912,2026-07-23T12:30:00.000Z
1784811600,0.251,2026-07-23T13:00:00.000Z
1784813400,0.272,2026-07-23T13:30:00.000Z
1784815200,0.293,2026-07-23T14:00:00.000Z
1784817000,0.511,2026-07-23T14:30:00.000Z
1784818800,2.299,2026-07-23T15:00:00.000Z
1784820600,0.684,2026-07-23T15:30:00.000Z
1784822400,0.327,2026-07-23T16:00:00.000Z
1784824200,0.899,2026-07-23T16:30:00.000Z
1784826000,0.430,2026-07-23T17:00:00.000Z
1784827800,0.772,2026-07-23T17:30:00.000Z
1784829600,0.376,2026-07-23T18:00:00.000Z
1784831400,0.329,2026-07-23T18:30:00.000Z
1784833200,0.278,2026-07-23T19:00:00.000Z
1784835000,0.279,2026-07-23T19:30:00.000Z
1784836800,0.393,2026-07-23T20:00:00.000Z
1784838600,0.215,2026-07-23T20:30:00.000Z
1784840400,0.275,2026-07-23T21:00:00.000Z
1784842200,0.266,2026-07-23T21:30:00.000Z
1784844000,0.221,2026-07-23T22:00:00.000Z
1784845800,0.239,2026-07-23T22:30:00.000Z
1784847600,0.254,2026-07-23T23:00:00.000Z
1784849400,0.223,2026-07-23T23:30:00.000Z
1784851200,0.548,2026-07-24T00:00:00.000Z
1784853000,0.895,2026-07-24T00:30:00.000Z
1784854800,0.892,2026-07-24T01:00:00.000Z
1784856600,0.873,2026-07-24T01:30:00.000Z
1784858400,0.897,2026-07-24T02:00:00.000Z
1784860200,0.805,2026-07-24T02:30:00.000Z
1784862000,0.601,2026-07-24T03:00:00.000Z
1784863800,0.876,2026-07-24T03:30:00.000Z
1784865600,0.751,2026-07-24T04:00:00.000Z
1784867400,0.592,2026-07-24T04:30:00.000Z
1784869200,0.609,2026-07-24T05:00:00.000Z
1784871000,0.614,2026-07-24T05:30:00.000Z
1784872800,0.606,2026-07-24T06:00:00.000Z
1784874600,0.844,2026-07-24T06:30:00.000Z
1784876400,1.921,2026-07-24T07:00:00.000Z
1784878200,0.540,2026-07-24T07:30:00.000Z
1784880000,0.226,2026-07-24T08:00:00.000Z
1784881800,0.235,2026-07-24T08:30:00.000Z
1784883600,0.205,2026-07-24T09:00:00.000Z
1784885400,0.224,2026-07-24T09:30:00.000Z
1784887200,0.530,2026-07-24T10:00:00.000Z
1784889000,0.333,2026-07-24T10:30:00.000Z
1784890800,0.325,2026-07-24T11:00:00.000Z
1784892600,0.327,2026-07-24T11:30:00.000Z
1784894400,0.319,2026-07-24T12:00:00.000Z
1784896200,0.306,2026-07-24T12:30:00.000Z
1784898000,1.004,2026-07-24T13:00:00.000Z
1784899800,0.812,2026-07-24T13:30:00.000Z
1784901600,0.279,2026-07-24T14:00:00.000Z
1784903400,0.835,2026-07-24T14:30:00.000Z
1784905200,0.503,2026-07-24T15:00:00.000Z
1784907000,0.649,2026-07-24T15:30:00.000Z
1784908800,0.780,2026-07-24T16:00:00.000Z
1784910600,0.760,2026-07-24T16:30:00.000Z
1784912400,1.022,2026-07-24T17:00:00.000Z
1784914200,1.190,2026-07-24T17:30:00.000Z
1784916000,0.823,2026-07-24T18:00:00.000Z
1784917800,0.825,2026-07-24T18:30:00.000Z
1784919600,0.502,2026-07-24T19:00:00.000Z
1784921400,0.540,2026-07-24T19:30:00.000Z
1784923200,0.413,2026-07-24T20:00:00.000Z
1784925000,0.413,2026-07-24T20:30:00.000Z
1784926800,0.442,2026-07-24T21:00:00.000Z
1784928600,0.380,2026-07-24T21:30:00.000Z
1784930400,0.359,2026-07-24T22:00:00.000Z
1784932200,0.393,2026-07-24T22:30:00.000Z
1784934000,0.315,2026-07-24T23:00:00.000Z
1784935800,0.445,2026-07-24T23:30:00.000Z
1784937600,0.243,2026-07-25T00:00:00.000Z
1784939400,0.222,2026-07-25T00:30:00.000Z
1784941200,0.238,2026-07-25T01:00:00.000Z
1784943000,0.187,2026-07-25T01:30:00.000Z
1784944800,0.197,2026-07-25T02:00:00.000Z
1784946600,0.252,2026-07-25T02:30:00.000Z
1784948400,0.251,2026-07-25T03:00:00.000Z
1784950200,0.224,2026-07-25T03:30:00.000Z
1784952000,0.746,2026-07-25T04:00:00.000Z
1784953800,0.288,2026-07-25T04:30:00.000Z
1784955600,0.201,2026-07-25T05:00:00.000Z
1784957400,0.184,2026-07-25T05:30:00.000Z
1784959200,0.245,2026-07-25T06:00:00.000Z
1784961000,0.883,2026-07-25T06:30:00.000Z
1784962800,1.402,2026-07-25T07:00:00.000Z
1784964600,0.411,2026-07-25T07:30:00.000Z
1784966400,0.364,2026-07-25T08:00:00.000Z
1784968200,0.257,2026-07-25T08:30:00.000Z
1784970000,0.289,2026-07-25T09:00:00.000Z
1784971800,0.263,2026-07-25T09:30:00.000Z
1784973600,0.781,2026-07-25T10:00:00.000Z
1784975400,0.703,2026-07-25T10:30:00.000Z
1784977200,0.707,2026-07-25T11:00:00.000Z
1784979000,0.443,2026-07-25T11:30:00.000Z
1784980800,0.319,2026-07-25T12:00:00.000Z
1784982600,0.353,2026-07-25T12:30:00.000Z
1784984400,0.328,2026-07-25T13:00:00.000Z
1784986200,0.499,2026-07-25T13:30:00.000Z
1784988000,0.621,2026-07-25T14:00:00.000Z
1784989800,0.752,2026-07-25T14:30:00.000Z
1784991600,0.919,2026-07-25T15:00:00.000Z
1784993400,0.363,2026-07-25T15:30:00.000Z
1784995200,0.701,2026-07-25T16:00:00.000Z
1784997000,0.654,2026-07-25T16:30:00.000Z
1784998800,0.280,2026-07-25T17:00:00.000Z
1785000600,0.240,2026-07-25T17:30:00.000Z
1785002400,0.224,2026-07-25T18:00:00.000Z
1785004200,0.283,2026-07-25T18:30:00.000Z
1785006000,0.254,2026-07-25T19:00:00.000Z
1785007800,0.244,2026-07-25T19:30:00.000Z
1785009600,0.291,2026-07-25T20:00:00.000Z
1785011400,0.264,2026-07-25T20:30:00.000Z
1785013200,0.245,2026-07-25T21:00:00.000Z
1785015000,0.274,2026-07-25T21:30:00.000Z
1785016800,0.240,2026-07-25T22:00:00.000Z
1785018600,0.238,2026-07-25T22:30:00.000Z
1785020400,0.266,2026-07-25T23:00:00.000Z
1785022200,0.227,2026-07-25T23:30:00.000Z
1785024000,0.213,2026-07-26T00:00:00.000Z
1785025800,0.243,2026-07-26T00:30:00.000Z
1785027600,0.213,2026-07-26T01:00:00.000Z
1785029400,0.170,2026-07-26T01:30:00.000Z
1785031200,0.194,2026-07-26T02:00:00.000Z
1785033000,0.169,2026-07-26T02:30:00.000Z
1785034800,0.174,2026-07-26T03:00:00.000Z
1785036600,0.197,2026-07-26T03:30:00.000Z
1785038400,0.186,2026-07-26T04:00:00.000Z
1785040200,0.178,2026-07-26T04:30:00.000Z
1785042000,0.426,2026-07-26T05:00:00.000Z
1785043800,0.627,2026-07-26T05:30:00.000Z
1785045600,0.627,2026-07-26T06:00:00.000Z
1785047400,0.610,2026-07-26T06:30:00.000Z
1785049200,0.625,2026-07-26T07:00:00.000Z
1785051000,0.622,2026-07-26T07:30:00.000Z
1785052800,0.649,2026-07-26T08:00:00.000Z
1785054600,0.660,2026-07-26T08:30:00.000Z
1785056400,0.721,2026-07-26T09:00:00.000Z
1785058200,1.327,2026-07-26T09:30:00.000Z
1785060000,1.221,2026-07-26T10:00:00.000Z
1785061800,1.043,2026-07-26T10:30:00.000Z
1785063600,0.261,2026-07-26T11:00:00.000Z
1785065400,0.278,2026-07-26T11:30:00.000Z
1785067200,0.257,2026-07-26T12:00:00.000Z
1785069000,0.279,2026-07-26T12:30:00.000Z
1785070800,0.285,2026-07-26T13:00:00.000Z
1785072600,0.428,2026-07-26T13:30:00.000Z
1785074400,0.325,2026-07-26T14:00:00.000Z
1785076200,0.270,2026-07-26T14:30:00.000Z
1785078000,0.228,2026-07-26T15:00:00.000Z
1785079800,0.241,2026-07-26T15:30:00.000Z
1785081600,0.281,2026-07-26T16:00:00.000Z
1785083400,0.425,2026-07-26T16:30:00.000Z
1785085200,0.309,2026-07-26T17:00:00.000Z
1785087000,0.975,2026-07-26T17:30:00.000Z
1785088800,0.838,2026-07-26T18:00:00.000Z
1785090600,0.329,2026-07-26T18:30:00.000Z
1785092400,0.249,2026-07-26T19:00:00.000Z
1785094200,0.218,2026-07-26T19:30:00.000Z
1785096000,0.300,2026-07-26T20:00:00.000Z
1785097800,0.254,2026-07-26T20:30:00.000Z
1785099600,0.249,2026-07-26T21:00:00.000Z
1785101400,0.254,2026-07-26T21:30:00.000Z
1785103200,0.229,2026-07-26T22:00:00.000Z
1785105000,0.255,2026-07-26T22:30:00.000Z
1785106800,0.246,2026-07-26T23:00:00.000Z
1785108600,0.188,2026-07-26T23:30:00.000Z
1785110400,0.247,2026-07-27T00:00:00.000Z
1785112200,0.232,2026-07-27T00:30:00.000Z
1785114000,0.211,2026-07-27T01:00:00.000Z
1785115800,0.243,2026-07-27T01:30:00.000Z
1785117600,0.217,2026-07-27T02:00:00.000Z
1785119400,0.183,2026-07-27T02:30:00.000Z
1785121200,0.207,2026-07-27T03:00:00.000Z
1785123000,0.406,2026-07-27T03:30:00.000Z
1785124800,0.147,2026-07-27T04:00:00.000Z
1785126600,0.144,2026-07-27T04:30:00.000Z
1785128400,0.183,2026-07-27T05:00:00.000Z
1785130200,0.550,2026-07-27T05:30:00.000Z
1785132000,0.645,2026-07-27T06:00:00.000Z
1785133800,0.584,2026-07-27T06:30:00.000Z
1785135600,3.025,2026-07-27T07:00:00.000Z
1785137400,0.470,2026-07-27T07:30:00.000Z
1785139200,1.421,2026-07-27T08:00:00.000Z
1785141000,0.640,2026-07-27T08:30:00.000Z
1785142800,1.078,2026-07-27T09:00:00.000Z
1785144600,0.460,2026-07-27T09:30:00.000Z
1785146400,0.570,2026-07-27T10:00:00.000Z
1785148200,0.724,2026-07-27T10:30:00.000Z
1785150000,1.347,2026-07-27T11:00:00.000Z
1785151800,0.600,2026-07-27T11:30:00.000Z
1785153600,0.306,2026-07-27T12:00:00.000Z
1785155400,0.245,2026-07-27T12:30:00.000Z
1785157200,0.576,2026-07-27T13:00:00.000Z
1785159000,0.338,2026-07-27T13:30:00.000Z
1785160800,0.630,2026-07-27T14:00:00.000Z
1785162600,0.788,2026-07-27T14:30:00.000Z
1785164400,0.343,2026-07-27T15:00:00.000Z
1785166200,0.322,2026-07-27T15:30:00.000Z
1785168000,0.338,2026-07-27T16:00:00.000Z
1785169800,0.315,2026-07-27T16:30:00.000Z
1785171600,0.298,2026-07-27T17:00:00.000Z
1785173400,0.383,2026-07-27T17:30:00.000Z
1785175200,0.327,2026-07-27T18:00:00.000Z
1785177000,0.299,2026-07-27T18:30:00.000Z
1785178800,0.400,2026-07-27T19:00:00.000Z
1785180600,0.458,2026-07-27T19:30:00.000Z
1785182400,0.418,2026-07-27T20:00:00.000Z
1785184200,0.460,2026-07-27T20:30:00.000Z
1785186000,0.404,2026-07-27T21:00:00.000Z
1785187800,0.422,2026-07-27T21:30:00.000Z
1785189600,0.372,2026-07-27T22:00:00.000Z
1785191400,0.267,2026-07-27T22:30:00.000Z
1785193200,0.280,2026-07-27T23:00:00.000Z
1785195000,0.430,2026-07-27T23:30:00.000Z
1785196800,0.658,2026-07-28T00:00:00.000Z
1785198600,0.654,2026-07-28T00:30:00.000Z
1785200400,0.645,2026-07-28T01:00:00.000Z
1785202200,0.642,2026-07-28T01:30:00.000Z
1785204000,0.680,2026-07-28T02:00:00.000Z
1785205800,0.647,2026-07-28T02:30:00.000Z
1785207600,0.639,2026-07-28T03:00:00.000Z
1785209400,0.389,2026-07-28T03:30:00.000Z
1785211200,0.249,2026-07-28T04:00:00.000Z
1785213000,0.210,2026-07-28T04:30:00.000Z
1785214800,0.227,2026-07-28T05:00:00.000Z
1785216600,0.202,2026-07-28T05:30:00.000Z
1785218400,0.256,2026-07-28T06:00:00.000Z
1785220200,0.373,2026-07-28T06:30:00.000Z
1785222000,1.362,2026-07-28T07:00:00.000Z
1785223800,0.305,2026-07-28T07:30:00.000Z
1785225600,0.273,2026-07-28T08:00:00.000Z
1785227400,0.242,2026-07-28T08:30:00.000Z
1785229200,0.295,2026-07-28T09:00:00.000Z
1785231000,0.261,2026-07-28T09:30:00.000Z
1785232800,0.314,2026-07-28T10:00:00.000Z
1785234600,0.291,2026-07-28T10:30:00.000Z
1785236400,0.269,2026-07-28T11:00:00.000Z
1785238200,0.306,2026-07-28T11:30:00.000Z
1785240000,0.309,2026-07-28T12:00:00.000Z
1785241800,0.510,2026-07-28T12:30:00.000Z
1785243600,0.296,2026-07-28T13:00:00.000Z
1785245400,0.288,2026-07-28T13:30:00.000Z
1785247200,0.311,2026-07-28T14:00:00.000Z
1785249000,0.327,2026-07-28T14:30:00.000Z
1785250800,0.452,2026-07-28T15:00:00.000Z
1785252600,1.368,2026-07-28T15:30:00.000Z
1785254400,1.130,2026-07-28T16:00:00.000Z
1785256200,0.814,2026-07-28T16:30:00.000Z
1785258000,0.337,2026-07-28T17:00:00.000Z
1785259800,0.421,2026-07-28T17:30:00.000Z
1785261600,0.342,2026-07-28T18:00:00.000Z
1785263400,0.360,2026-07-28T18:30:00.000Z
1785265200,0.455,2026-07-28T19:00:00.000Z
1785267000,0.342,2026-07-28T19:30:00.000Z
1785268800,0.338,2026-07-28T20:00:00.000Z
1785270600,0.310,2026-07-28T20:30:00.000Z
1785272400,0.305,2026-07-28T21:00:00.000Z
1785274200,0.341,2026-07-28T21:30:00.000Z
1785276000,0.322,2026-07-28T22:00:00.000Z
1785277800,0.311,2026-07-28T22:30:00.000Z
1785279600,0.301,2026-07-28T23:00:00.000Z
1785281400,0.258,2026-07-28T23:30:00.000Z
1785283200,0.241,2026-07-29T00:00:00.000Z
1785285000,0.228,2026-07-29T00:30:00.000Z
1785286800,0.248,2026-07-29T01:00:00.000Z
1785288600,0.259,2026-07-29T01:30:00.000Z
1785290400,0.265,2026-07-29T02:00:00.000Z
1785292200,0.278,2026-07-29T02:30:00.000Z
1785294000,0.273,2026-07-29T03:00:00.000Z
1785295800,0.470,2026-07-29T03:30:00.000Z
1785297600,0.277,2026-07-29T04:00:00.000Z
1785299400,0.246,2026-07-29T04:30:00.000Z
1785301200,0.244,2026-07-29T05:00:00.000Z
1785303000,0.256,2026-07-29T05:30:00.000Z
1785304800,0.346,2026-07-29T06:00:00.000Z
1785306600,0.342,2026-07-29T06:30:00.000Z
1785308400,1.550,2026-07-29T07:00:00.000Z
1785310200,0.340,2026-07-29T07:30:00.000Z
1785312000,0.271,2026-07-29T08:00:00.000Z
1785313800,0.212,2026-07-29T08:30:00.000Z
1785315600,0.206,2026-07-29T09:00:00.000Z
1785317400,0.262,2026-07-29T09:30:00.000Z
1785319200,0.277,2026-07-29T10:00:00.000Z
1785321000,0.245,2026-07-29T10:30:00.000Z
1785322800,0.228,2026-07-29T11:00:00.000Z
1785324600,0.300,2026-07-29T11:30:00.000Z
1785326400,0.264,2026-07-29T12:00:00.000Z
1785328200,0.195,2026-07-29T12:30:00.000Z
1785330000,0.191,2026-07-29T13:00:00.000Z
1785331800,0.261,2026-07-29T13:30:00.000Z
1785333600,0.247,2026-07-29T14:00:00.000Z
1785335400,0.687,2026-07-29T14:30:00.000Z
1785337200,0.857,2026-07-29T15:00:00.000Z
1785339000,0.462,2026-07-29T15:30:00.000Z
1785340800,0.833,2026-07-29T16:00:00.000Z
1785342600,0.466,2026-07-29T16:30:00.000Z
1785344400,1.006,2026-07-29T17:00:00.000Z
1785346200,0.271,2026-07-29T17:30:00.000Z
1785348000,0.251,2026-07-29T18:00:00.000Z
1785349800,0.287,2026-07-29T18:30:00.000Z
1785351600,0.291,2026-07-29T19:00:00.000Z
1785353400,0.252,2026-07-29T19:30:00.000Z
1785355200,0.272,2026-07-29T20:00:00.000Z
1785357000,0.268,2026-07-29T20:30:00.000Z
1785358800,0.239,2026-07-29T21:00:00.000Z
1785360600,0.275,2026-07-29T21:30:00.000Z
1785362400,0.301,2026-07-29T22:00:00.000Z
1785364200,0.274,2026-07-29T22:30:00.000Z
1785366000,0.220,2026-07-29T23:00:00.000Z
1785367800,0.263,2026-07-29T23:30:00.000Z
1785369600,0.215,2026-07-30T00:00:00.000Z
1785371400,0.196,2026-07-30T00:30:00.000Z
1785373200,0.259,2026-07-30T01:00:00.000Z
1785375000,0.247,2026-07-30T01:30:00.000Z
1785376800,0.228,2026-07-30T02:00:00.000Z
1785378600,0.245,2026-07-30T02:30:00.000Z
1785380400,0.252,2026-07-30T03:00:00.000Z
1785382200,0.414,2026-07-30T03:30:00.000Z
1785384000,0.272,2026-07-30T04:00:00.000Z
1785385800,0.213,2026-07-30T04:30:00.000Z
1785387600,0.208,2026-07-30T05:00:00.000Z
1785389400,0.252,2026-07-30T05:30:00.000Z
1785391200,0.233,2026-07-30T06:00:00.000Z
1785393000,0.197,2026-07-30T06:30:00.000Z
1785394800,1.256,2026-07-30T07:00:00.000Z
1785396600,0.549,2026-07-30T07:30:00.000Z
1785398400,0.258,2026-07-30T08:00:00.000Z
1785400200,0.249,2026-07-30T08:30:00.000Z
1785402000,0.318,2026-07-30T09:00:00.000Z
1785403800,0.267,2026-07-30T09:30:00.000Z
1785405600,0.245,2026-07-30T10:00:00.000Z
1785407400,0.281,2026-07-30T10:30:00.000Z
1785409200,0.304,2026-07-30T11:00:00.000Z
1785411000,0.398,2026-07-30T11:30:00.000Z
1785412800,0.671,2026-07-30T12:00:00.000Z
1785414600,0.761,2026-07-30T12:30:00.000Z
1785416400,0.333,2026-07-30T13:00:00.000Z
1785418200,0.332,2026-07-30T13:30:00.000Z
1785420000,0.384,2026-07-30T14:00:00.000Z
1785421800,0.357,2026-07-30T14:30:00.000Z
1785423600,1.164,2026-07-30T15:00:00.000Z
1785425400,0.825,2026-07-30T15:30:00.000Z
1785427200,0.888,2026-07-30T16:00:00.000Z
1785429000,0.874,2026-07-30T16:30:00.000Z
1785430800,0.712,2026-07-30T17:00:00.000Z
1785432600,1.207,2026-07-30T17:30:00.000Z
1785434400,0.324,2026-07-30T18:00:00.000Z
1785436200,0.370,2026-07-30T18:30:00.000Z
1785438000,0.629,2026-07-30T19:00:00.000Z
1785439800,0.274,2026-07-30T19:30:00.000Z
1785441600,0.274,2026-07-30T20:00:00.000Z
1785443400,0.354,2026-07-30T20:30:00.000Z
1785445200,0.384,2026-07-30T21:00:00.000Z
1785447000,0.330,2026-07-30T21:30:00.000Z
1785448800,0.350,2026-07-30T22:00:00.000Z
1785450600,0.325,2026-07-30T22:30:00.000Z
1785452400,0.253,2026-07-30T23:00:00.000Z
1785454200,0.239,2026-07-30T23:30:00.000Z
1785456000,0.302,2026-07-31T00:00:00.000Z
1785457800,0.269,2026-07-31T00:30:00.000Z
1785459600,0.253,2026-07-31T01:00:00.000Z
1785461400,0.299,2026-07-31T01:30:00.000Z
1785463200,0.260,2026-07-31T02:00:00.000Z
1785465000,0.243,2026-07-31T02:30:00.000Z
1785466800,0.255,2026-07-31T03:00:00.000Z
1785468600,0.393,2026-07-31T03:30:00.000Z
1785470400,0.239,2026-07-31T04:00:00.000Z
1785472200,0.273,2026-07-31T04:30:00.000Z
1785474000,0.245,2026-07-31T05:00:00.000Z
1785475800,0.395,2026-07-31T05:30:00.000Z
1785477600,1.379,2026-07-31T06:00:00.000Z
1785479400,0.932,2026-07-31T06:30:00.000Z
1785481200,1.970,2026-07-31T07:00:00.000Z
1785483000,0.363,2026-07-31T07:30:00.000Z
1785484800,0.282,2026-07-31T08:00:00.000Z
1785486600,0.295,2026-07-31T08:30:00.000Z
1785488400,0.333,2026-07-31T09:00:00.000Z
1785490200,0.336,2026-07-31T09:30:00.000Z
1785492000,0.274,2026-07-31T10:00:00.000Z
1785493800,0.275,2026-07-31T10:30:00.000Z
1785495600,0.379,2026-07-31T11:00:00.000Z
1785497400,1.961,2026-07-31T11:30:00.000Z
1785499200,1.008,2026-07-31T12:00:00.000Z
1785501000,1.212,2026-07-31T12:30:00.000Z
1785502800,1.481,2026-07-31T13:00:00.000Z
1785504600,0.815,2026-07-31T13:30:00.000Z
1785506400,1.371,2026-07-31T14:00:00.000Z
1785508200,0.657,2026-07-31T14:30:00.000Z
1785510000,0.314,2026-07-31T15:00:00.000Z
1785511800,0.470,2026-07-31T15:30:00.000Z
1785513600,0.360,2026-07-31T16:00:00.000Z
1785515400,0.249,2026-07-31T16:30:00.000Z
1785517200,0.254,2026-07-31T17:00:00.000Z
1785519000,0.308,2026-07-31T17:30:00.000Z
1785520800,0.276,2026-07-31T18:00:00.000Z
1785522600,0.268,2026-07-31T18:30:00.000Z
1785524400,0.304,2026-07-31T19:00:00.000Z
1785526200,0.242,2026-07-31T19:30:00.000Z
1785528000,0.507,2026-07-31T20:00:00.000Z
1785529800,0.247,2026-07-31T20:30:00.000Z
1785531600,0.280,2026-07-31T21:00:00.000Z
1785533400,0.244,2026-07-31T21:30:00.000Z
1785535200,0.283,2026-07-31T22:00:00.000Z
1785537000,0.339,2026-07-31T22:30:00.000Z
1785538800,0.310,2026-07-31T23:00:00.000Z
1785540600,0.576,2026-07-31T23:30:00.000Z
1785542400,0.645,2026-08-01T00:00:00.000Z
1785544200,0.660,2026-08-01T00:30:00.000Z
1785546000,0.655,2026-08-01T01:00:00.000Z
1785547800,0.663,2026-08-01T01:30:00.000Z
1785549600,0.665,2026-08-01T02:00:00.000Z
1785551400,0.786,2026-08-01T02:30:00.000Z
1785553200,0.599,2026-08-01T03:00:00.000Z
1785555000,0.619,2026-08-01T03:30:00.000Z
1785556800,0.598,2026-08-01T04:00:00.000Z
1785558600,0.590,2026-08-01T04:30:00.000Z
1785560400,0.637,2026-08-01T05:00:00.000Z
1785562200,0.877,2026-08-01T05:30:00.000Z
1785564000,0.741,2026-08-01T06:00:00.000Z
1785565800,0.733,2026-08-01T06:30:00.000Z
1785567600,0.661,2026-08-01T07:00:00.000Z
1785569400,0.607,2026-08-01T07:30:00.000Z
1785571200,0.618,2026-08-01T08:00:00.000Z
1785573000,0.660,2026-08-01T08:30:00.000Z
1785574800,1.231,2026-08-01T09:00:00.000Z
1785576600,1.164,2026-08-01T09:30:00.000Z
1785578400,0.672,2026-08-01T10:00:00.000Z
1785580200,0.675,2026-08-01T10:30:00.000Z
1785582000,0.408,2026-08-01T11:00:00.000Z
1785583800,0.271,2026-08-01T11:30:00.000Z
1785585600,0.239,2026-08-01T12:00:00.000Z
1785587400,0.266,2026-08-01T12:30:00.000Z
1785589200,0.302,2026-08-01T13:00:00.000Z
1785591000,0.311,2026-08-01T13:30:00.000Z
1785592800,0.301,2026-08-01T14:00:00.000Z
1785594600,0.375,2026-08-01T14:30:00.000Z
1785596400,0.345,2026-08-01T15:00:00.000Z
1785598200,0.336,2026-08-01T15:30:00.000Z
1785600000,0.914,2026-08-01T16:00:00.000Z
1785601800,0.760,2026-08-01T16:30:00.000Z
1785603600,0.827,2026-08-01T17:00:00.000Z
1785605400,1.103,2026-08-01T17:30:00.000Z
1785607200,0.621,2026-08-01T18:00:00.000Z
1785609000,0.959,2026-08-01T18:30:00.000Z
1785610800,0.702,2026-08-01T19:00:00.000Z
1785612600,0.553,2026-08-01T19:30:00.000Z
1785614400,0.556,2026-08-01T20:00:00.000Z
1785616200,0.502,2026-08-01T20:30:00.000Z
1785618000,0.538,2026-08-01T21:00:00.000Z
1785619800,0.447,2026-08-01T21:30:00.000Z
1785621600,0.441,2026-08-01T22:00:00.000Z
1785623400,0.362,2026-08-01T22:30:00.000Z
1785625200,0.285,2026-08-01T23:00:00.000Z
1785627000,0.267,2026-08-01T23:30:00.000Z
1785628800,0.299,2026-08-02T00:00:00.000Z
1785630600,0.248,2026-08-02T00:30:00.000Z
1785632400,0.274,2026-08-02T01:00:00.000Z
1785634200,0.294,2026-08-02T01:30:00.000Z
1785636000,0.251,2026-08-02T02:00:00.000Z
1785637800,0.617,2026-08-02T02:30:00.000Z
1785639600,0.671,2026-08-02T03:00:00.000Z
1785641400,0.641,2026-08-02T03:30:00.000Z
1785643200,0.634,2026-08-02T04:00:00.000Z
1785645000,0.666,2026-08-02T04:30:00.000Z
1785646800,0.657,2026-08-02T05:00:00.000Z
1785648600,0.549,2026-08-02T05:30:00.000Z
1785650400,0.462,2026-08-02T06:00:00.000Z
1785652200,1.150,2026-08-02T06:30:00.000Z
1785654000,2.013,2026-08-02T07:00:00.000Z
1785655800,0.874,2026-08-02T07:30:00.000Z
1785657600,0.496,2026-08-02T08:00:00.000Z
1785659400,0.757,2026-08-02T08:30:00.000Z
1785661200,0.408,2026-08-02T09:00:00.000Z
1785663000,0.383,2026-08-02T09:30:00.000Z
1785664800,0.504,2026-08-02T10:00:00.000Z
1785666600,0.451,2026-08-02T10:30:00.000Z
1785668400,0.456,2026-08-02T11:00:00.000Z
1785670200,0.488,2026-08-02T11:30:00.000Z
1785672000,0.421,2026-08-02T12:00:00.000Z
1785673800,0.343,2026-08-02T12:30:00.000Z
1785675600,0.396,2026-08-02T13:00:00.000Z
1785677400,0.412,2026-08-02T13:30:00.000Z
1785679200,0.423,2026-08-02T14:00:00.000Z
1785681000,0.318,2026-08-02T14:30:00.000Z
1785682800,0.714,2026-08-02T15:00:00.000Z
1785684600,0.555,2026-08-02T15:30:00.000Z
1785686400,0.383,2026-08-02T16:00:00.000Z
1785688200,0.382,2026-08-02T16:30:00.000Z
1785690000,0.267,2026-08-02T17:00:00.000Z
1785691800,0.718,2026-08-02T17:30:00.000Z
1785693600,0.334,2026-08-02T18:00:00.000Z
1785695400,0.977,2026-08-02T18:30:00.000Z
1785697200,0.915,2026-08-02T19:00:00.000Z
1785699000,0.389,2026-08-02T19:30:00.000Z
1785700800,0.458,2026-08-02T20:00:00.000Z
1785702600,0.335,2026-08-02T20:30:00.000Z
1785704400,0.313,2026-08-02T21:00:00.000Z
1785706200,0.358,2026-08-02T21:30:00.000Z
1785708000,0.322,2026-08-02T22:00:00.000Z
1785709800,0.258,2026-08-02T22:30:00.000Z
1785711600,0.272,2026-08-02T23:00:00.000Z
1785713400,0.268,2026-08-02T23:30:00.000Z
1785715200,0.245,2026-08-03T00:00:00.000Z
1785717000,0.246,2026-08-03T00:30:00.000Z
1785718800,0.275,2026-08-03T01:00:00.000Z
1785720600,0.256,2026-08-03T01:30:00.000Z
1785722400,0.187,2026-08-03T02:00:00.000Z
1785724200,0.190,2026-08-03T02:30:00.000Z
1785726000,0.236,2026-08-03T03:00:00.000Z
1785727800,0.423,2026-08-03T03:30:00.000Z
1785729600,0.797,2026-08-03T04:00:00.000Z
1785731400,0.657,2026-08-03T04:30:00.000Z
1785733200,0.647,2026-08-03T05:00:00.000Z
1785735000,0.847,2026-08-03T05:30:00.000Z
1785736800,0.918,2026-08-03T06:00:00.000Z
1785738600,0.481,2026-08-03T06:30:00.000Z
1785740400,0.852,2026-08-03T07:00:00.000Z
1785742200,0.285,2026-08-03T07:30:00.000Z
1785744000,0.230,2026-08-03T08:00:00.000Z
1785745800,0.257,2026-08-03T08:30:00.000Z
1785747600,0.265,2026-08-03T09:00:00.000Z
1785749400,0.279,2026-08-03T09:30:00.000Z
1785751200,0.313,2026-08-03T10:00:00.000Z
1785753000,0.447,2026-08-03T10:30:00.000Z
1785754800,0.239,2026-08-03T11:00:00.000Z
1785756600,0.306,2026-08-03T11:30:00.000Z
1785758400,0.384,2026-08-03T12:00:00.000Z
1785760200,0.380,2026-08-03T12:30:00.000Z
1785762000,0.348,2026-08-03T13:00:00.000Z
1785763800,0.314,2026-08-03T13:30:00.000Z
1785765600,0.308,2026-08-03T14:00:00.000Z
1785767400,0.362,2026-08-03T14:30:00.000Z
1785769200,0.287,2026-08-03T15:00:00.000Z
1785771000,0.641,2026-08-03T15:30:00.000Z
1785772800,0.398,2026-08-03T16:00:00.000Z
1785774600,0.846,2026-08-03T16:30:00.000Z
1785776400,0.490,2026-08-03T17:00:00.000Z
1785778200,0.767,2026-08-03T17:30:00.000Z
1785780000,0.447,2026-08-03T18:00:00.000Z
1785781800,0.520,2026-08-03T18:30:00.000Z
1785783600,0.292,2026-08-03T19:00:00.000Z
1785785400,0.282,2026-08-03T19:30:00.000Z
1785787200,0.278,2026-08-03T20:00:00.000Z
1785789000,0.278,2026-08-03T20:30:00.000Z
1785790800,0.264,2026-08-03T21:00:00.000Z
1785792600,0.249,2026-08-03T21:30:00.000Z
1785794400,0.244,2026-08-03T22:00:00.000Z
1785796200,0.216,2026-08-03T22:30:00.000Z
1785798000,0.242,2026-08-03T23:00:00.000Z
1785799800,0.239,2026-08-03T23:30:00.000Z
1785801600,0.246,2026-08-04T00:00:00.000Z
1785803400,0.244,2026-08-04T00:30:00.000Z
1785805200,0.239,2026-08-04T01:00:00.000Z
1785807000,0.210,2026-08-04T01:30:00.000Z
1785808800,0.167,2026-08-04T02:00:00.000Z
1785810600,0.176,2026-08-04T02:30:00.000Z
1785812400,0.185,2026-08-04T03:00:00.000Z
1785814200,0.162,2026-08-04T03:30:00.000Z
1785816000,0.173,2026-08-04T04:00:00.000Z
1785817800,0.266,2026-08-04T04:30:00.000Z
1785819600,0.265,2026-08-04T05:00:00.000Z
1785821400,0.563,2026-08-04T05:30:00.000Z
1785823200,0.891,2026-08-04T06:00:00.000Z
1785825000,1.069,2026-08-04T06:30:00.000Z
1785826800,1.319,2026-08-04T07:00:00.000Z
1785828600,0.545,2026-08-04T07:30:00.000Z
1785830400,0.283,2026-08-04T08:00:00.000Z
1785832200,0.289,2026-08-04T08:30:00.000Z
1785834000,0.277,2026-08-04T09:00:00.000Z
1785835800,0.342,2026-08-04T09:30:00.000Z
1785837600,0.393,2026-08-04T10:00:00.000Z
1785839400,0.262,2026-08-04T10:30:00.000Z
1785841200,0.279,2026-08-04T11:00:00.000Z
1785843000,0.295,2026-08-04T11:30:00.000Z
1785844800,0.286,2026-08-04T12:00:00.000Z
1785846600,0.284,2026-08-04T12:30:00.000Z
1785848400,0.288,2026-08-04T13:00:00.000Z
1785850200,0.282,2026-08-04T13:30:00.000Z
1785852000,0.262,2026-08-04T14:00:00.000Z
1785853800,0.287,2026-08-04T14:30:00.000Z
1785855600,0.808,2026-08-04T15:00:00.000Z
1785857400,0.359,2026-08-04T15:30:00.000Z
1785859200,1.116,2026-08-04T16:00:00.000Z
1785861000,0.846,2026-08-04T16:30:00.000Z
1785862800,1.168,2026-08-04T17:00:00.000Z
1785864600,1.489,2026-08-04T17:30:00.000Z
1785866400,1.145,2026-08-04T18:00:00.000Z
1785868200,0.381,2026-08-04T18:30:00.000Z
1785870000,0.355,2026-08-04T19:00:00.000Z
1785871800,0.359,2026-08-04T19:30:00.000Z
1785873600,0.355,2026-08-04T20:00:00.000Z
1785875400,0.341,2026-08-04T20:30:00.000Z
1785877200,0.311,2026-08-04T21:00:00.000Z
1785879000,0.319,2026-08-04T21:30:00.000Z
1785880800,0.342,2026-08-04T22:00:00.000Z
1785882600,0.315,2026-08-04T22:30:00.000Z
1785884400,0.317,2026-08-04T23:00:00.000Z
1785886200,0.324,2026-08-04T23:30:00.000Z
1785888000,0.310,2026-08-05T00:00:00.000Z
1785889800,0.289,2026-08-05T00:30:00.000Z
1785891600,0.240,2026-08-05T01:00:00.000Z
1785893400,0.239,2026-08-05T01:30:00.000Z
1785895200,0.262,2026-08-05T02:00:00.000Z
1785897000,0.271,2026-08-05T02:30:00.000Z
1785898800,0.255,2026-08-05T03:00:00.000Z
1785900600,0.259,2026-08-05T03:30:00.000Z
1785902400,0.269,2026-08-05T04:00:00.000Z
1785904200,0.409,2026-08-05T04:30:00.000Z
1785906000,0.233,2026-08-05T05:00:00.000Z
1785907800,0.903,2026-08-05T05:30:00.000Z
1785909600,1.000,2026-08-05T06:00:00.000Z
1785911400,0.751,2026-08-05T06:30:00.000Z
1785913200,1.449,2026-08-05T07:00:00.000Z
1785915000,0.657,2026-08-05T07:30:00.000Z
1785916800,0.257,2026-08-05T08:00:00.000Z
1785918600,0.536,2026-08-05T08:30:00.000Z
1785920400,0.365,2026-08-05T09:00:00.000Z
1785922200,0.310,2026-08-05T09:30:00.000Z
1785924000,0.838,2026-08-05T10:00:00.000Z
1785925800,0.363,2026-08-05T10:30:00.000Z
1785927600,0.675,2026-08-05T11:00:00.000Z
1785929400,0.242,2026-08-05T11:30:00.000Z
1785931200,0.239,2026-08-05T12:00:00.000Z
1785933000,0.225,2026-08-05T12:30:00.000Z
1785934800,0.226,2026-08-05T13:00:00.000Z
1785936600,0.221,2026-08-05T13:30:00.000Z
1785938400,1.044,2026-08-05T14:00:00.000Z
1785940200,0.414,2026-08-05T14:30:00.000Z
1785942000,0.250,2026-08-05T15:00:00.000Z
1785943800,0.256,2026-08-05T15:30:00.000Z
1785945600,0.243,2026-08-05T16:00:00.000Z
1785947400,0.227,2026-08-05T16:30:00.000Z
1785949200,0.237,2026-08-05T17:00:00.000Z
1785951000,0.275,2026-08-05T17:30:00.000Z
1785952800,0.325,2026-08-05T18:00:00.000Z
1785954600,0.299,2026-08-05T18:30:00.000Z
1785956400,0.233,2026-08-05T19:00:00.000Z
1785958200,0.247,2026-08-05T19:30:00.000Z
1785960000,0.266,2026-08-05T20:00:00.000Z
1785961800,0.264,2026-08-05T20:30:00.000Z
1785963600,0.263,2026-08-05T21:00:00.000Z
1785965400,0.284,2026-08-05T21:30:00.000Z
1785967200,0.306,2026-08-05T22:00:00.000Z
1785969000,0.290,2026-08-05T22:30:00.000Z
1785970800,0.306,2026-08-05T23:00:00.000Z
1785972600,0.271,2026-08-05T23:30:00.000Z
1785974400,0.229,2026-08-06T00:00:00.000Z
1785976200,0.230,2026-08-06T00:30:00.000Z
1785978000,0.200,2026-08-06T01:00:00.000Z
1785979800,0.189,2026-08-06T01:30:00.000Z
1785981600,0.240,2026-08-06T02:00:00.000Z
1785983400,0.196,2026-08-06T02:30:00.000Z
1785985200,0.221,2026-08-06T03:00:00.000Z
1785987000,0.192,2026-08-06T03:30:00.000Z
1785988800,0.205,2026-08-06T04:00:00.000Z
1785990600,0.382,2026-08-06T04:30:00.000Z
1785992400,0.425,2026-08-06T05:00:00.000Z
1785994200,0.774,2026-08-06T05:30:00.000Z
1785996000,0.884,2026-08-06T06:00:00.000Z
1785997800,1.310,2026-08-06T06:30:00.000Z
1785999600,2.233,2026-08-06T07:00:00.000Z
1786001400,1.090,2026-08-06T07:30:00.000Z
1786003200,1.160,2026-08-06T08:00:00.000Z
1786005000,0.890,2026-08-06T08:30:00.000Z
1786006800,0.876,2026-08-06T09:00:00.000Z
1786008600,0.244,2026-08-06T09:30:00.000Z
1786010400,0.182,2026-08-06T10:00:00.000Z
1786012200,0.198,2026-08-06T10:30:00.000Z
1786014000,0.755,2026-08-06T11:00:00.000Z
1786015800,0.509,2026-08-06T11:30:00.000Z
1786017600,0.496,2026-08-06T12:00:00.000Z
1786019400,0.290,2026-08-06T12:30:00.000Z
1786021200,0.287,2026-08-06T13:00:00.000Z
1786023000,0.263,2026-08-06T13:30:00.000Z
1786024800,0.260,2026-08-06T14:00:00.000Z
1786026600,0.279,2026-08-06T14:30:00.000Z
1786028400,0.303,2026-08-06T15:00:00.000Z
1786030200,0.286,2026-08-06T15:30:00.000Z
1786032000,0.284,2026-08-06T16:00:00.000Z
1786033800,0.286,2026-08-06T16:30:00.000Z
1786035600,0.293,2026-08-06T17:00:00.000Z
1786037400,0.320,2026-08-06T17:30:00.000Z
1786039200,1.025,2026-08-06T18:00:00.000Z
1786041000,0.295,2026-08-06T18:30:00.000Z
1786042800,0.424,2026-08-06T19:00:00.000Z
1786044600,0.794,2026-08-06T19:30:00.000Z
1786046400,0.715,2026-08-06T20:00:00.000Z
1786048200,0.705,2026-08-06T20:30:00.000Z
1786050000,0.672,2026-08-06T21:00:00.000Z
1786051800,0.625,2026-08-06T21:30:00.000Z
1786053600,0.641,2026-08-06T22:00:00.000Z
1786055400,0.639,2026-08-06T22:30:00.000Z
1786057200,0.598,2026-08-06T23:00:00.000Z
1786059000,0.616,2026-08-06T23:30:00.000Z
1786060800,0.675,2026-08-07T00:00:00.000Z
1786062600,0.641,2026-08-07T00:30:00.000Z
1786064400,0.634,2026-08-07T01:00:00.000Z
1786066200,0.613,2026-08-07T01:30:00.000Z
1786068000,0.607,2026-08-07T02:00:00.000Z
1786069800,0.621,2026-08-07T02:30:00.000Z
1786071600,0.598,2026-08-07T03:00:00.000Z
1786073400,0.586,2026-08-07T03:30:00.000Z
1786075200,0.596,2026-08-07T04:00:00.000Z
1786077000,0.593,2026-08-07T04:30:00.000Z
1786078800,0.634,2026-08-07T05:00:00.000Z
1786080600,1.498,2026-08-07T05:30:00.000Z
1786082400,2.437,2026-08-07T06:00:00.000Z
1786084200,1.055,2026-08-07T06:30:00.000Z
1786086000,1.501,2026-08-07T07:00:00.000Z
1786087800,1.356,2026-08-07T07:30:00.000Z
1786089600,0.325,2026-08-07T08:00:00.000Z
1786091400,0.796,2026-08-07T08:30:00.000Z
1786093200,0.905,2026-08-07T09:00:00.000Z
1786095000,0.681,2026-08-07T09:30:00.000Z
1786096800,0.757,2026-08-07T10:00:00.000Z
1786098600,0.567,2026-08-07T10:30:00.000Z
1786100400,0.450,2026-08-07T11:00:00.000Z
1786102200,1.002,2026-08-07T11:30:00.000Z
1786104000,0.297,2026-08-07T12:00:00.000Z
1786105800,0.885,2026-08-07T12:30:00.000Z
1786107600,0.466,2026-08-07T13:00:00.000Z
1786109400,0.230,2026-08-07T13:30:00.000Z
1786111200,0.253,2026-08-07T14:00:00.000Z
1786113000,0.253,2026-08-07T14:30:00.000Z
1786114800,0.227,2026-08-07T15:00:00.000Z
1786116600,0.283,2026-08-07T15:30:00.000Z
1786118400,0.214,2026-08-07T16:00:00.000Z
1786120200,0.203,2026-08-07T16:30:00.000Z
1786122000,0.199,2026-08-07T17:00:00.000Z
1786123800,0.286,2026-08-07T17:30:00.000Z
1786125600,0.203,2026-08-07T18:00:00.000Z
1786127400,0.223,2026-08-07T18:30:00.000Z
1786129200,0.403,2026-08-07T19:00:00.000Z
1786131000,0.737,2026-08-07T19:30:00.000Z
1786132800,0.653,2026-08-07T20:00:00.000Z
1786134600,0.669,2026-08-07T20:30:00.000Z
1786136400,0.636,2026-08-07T21:00:00.000Z
1786138200,0.742,2026-08-07T21:30:00.000Z
1786140000,0.629,2026-08-07T22:00:00.000Z
1786141800,0.637,2026-08-07T22:30:00.000Z
1786143600,0.633,2026-08-07T23:00:00.000Z
1786145400,0.667,2026-08-07T23:30:00.000Z
1786147200,0.665,2026-08-08T00:00:00.000Z
1786149000,0.652,2026-08-08T00:30:00.000Z
1786150800,0.627,2026-08-08T01:00:00.000Z
1786152600,0.592,2026-08-08T01:30:00.000Z
1786154400,0.619,2026-08-08T02:00:00.000Z
1786156200,0.567,2026-08-08T02:30:00.000Z
1786158000,0.631,2026-08-08T03:00:00.000Z
1786159800,0.603,2026-08-08T03:30:00.000Z
1786161600,0.631,2026-08-08T04:00:00.000Z
1786163400,0.594,2026-08-08T04:30:00.000Z
1786165200,0.621,2026-08-08T05:00:00.000Z
1786167000,0.614,2026-08-08T05:30:00.000Z
1786168800,0.583,2026-08-08T06:00:00.000Z
1786170600,0.538,2026-08-08T06:30:00.000Z
1786172400,0.557,2026-08-08T07:00:00.000Z
1786174200,0.594,2026-08-08T07:30:00.000Z
1786176000,0.613,2026-08-08T08:00:00.000Z
1786177800,0.590,2026-08-08T08:30:00.000Z
1786179600,0.387,2026-08-08T09:00:00.000Z
1786181400,0.224,2026-08-08T09:30:00.000Z
1786183200,0.226,2026-08-08T10:00:00.000Z
1786185000,0.198,2026-08-08T10:30:00.000Z
1786186800,0.177,2026-08-08T11:00:00.000Z
1786188600,0.242,2026-08-08T11:30:00.000Z
1786190400,0.852,2026-08-08T12:00:00.000Z
1786192200,0.367,2026-08-08T12:30:00.000Z
1786194000,0.617,2026-08-08T13:00:00.000Z
1786195800,1.002,2026-08-08T13:30:00.000Z
1786197600,0.312,2026-08-08T14:00:00.000Z
1786199400,0.385,2026-08-08T14:30:00.000Z
1786201200,0.236,2026-08-08T15:00:00.000Z
1786203000,0.236,2026-08-08T15:30:00.000Z
1786204800,0.227,2026-08-08T16:00:00.000Z
1786206600,0.266,2026-08-08T16:30:00.000Z
1786208400,0.593,2026-08-08T17:00:00.000Z
1786210200,0.395,2026-08-08T17:30:00.000Z
1786212000,0.305,2026-08-08T18:00:00.000Z
1786213800,1.251,2026-08-08T18:30:00.000Z
1786215600,1.070,2026-08-08T19:00:00.000Z
1786217400,0.318,2026-08-08T19:30:00.000Z
1786219200,0.343,2026-08-08T20:00:00.000Z
1786221000,1.380,2026-08-08T20:30:00.000Z
1786222800,0.743,2026-08-08T21:00:00.000Z
1786224600,0.309,2026-08-08T21:30:00.000Z
1786226400,0.288,2026-08-08T22:00:00.000Z
1786228200,0.279,2026-08-08T22:30:00.000Z
1786230000,0.285,2026-08-08T23:00:00.000Z
1786231800,0.231,2026-08-08T23:30:00.000Z
1786233600,0.218,2026-08-09T00:00:00.000Z
1786235400,0.262,2026-08-09T00:30:00.000Z
1786237200,0.229,2026-08-09T01:00:00.000Z
1786239000,0.229,2026-08-09T01:30:00.000Z
1786240800,0.233,2026-08-09T02:00:00.000Z
1786242600,0.210,2026-08-09T02:30:00.000Z
1786244400,0.224,2026-08-09T03:00:00.000Z
1786246200,0.183,2026-08-09T03:30:00.000Z
1786248000,0.192,2026-08-09T04:00:00.000Z
1786249800,0.531,2026-08-09T04:30:00.000Z
1786251600,1.286,2026-08-09T05:00:00.000Z
1786253400,0.786,2026-08-09T05:30:00.000Z
1786255200,0.689,2026-08-09T06:00:00.000Z
1786257000,0.902,2026-08-09T06:30:00.000Z
1786258800,0.642,2026-08-09T07:00:00.000Z
1786260600,0.214,2026-08-09T07:30:00.000Z
1786262400,0.413,2026-08-09T08:00:00.000Z
1786264200,0.288,2026-08-09T08:30:00.000Z
1786266000,0.290,2026-08-09T09:00:00.000Z
1786267800,0.252,2026-08-09T09:30:00.000Z
1786269600,0.225,2026-08-09T10:00:00.000Z
1786271400,0.248,2026-08-09T10:30:00.000Z
1786273200,0.240,2026-08-09T11:00:00.000Z
1786275000,0.811,2026-08-09T11:30:00.000Z
1786276800,0.707,2026-08-09T12:00:00.000Z
1786278600,0.190,2026-08-09T12:30:00.000Z
1786280400,0.212,2026-08-09T13:00:00.000Z
1786282200,0.222,2026-08-09T13:30:00.000Z
1786284000,1.099,2026-08-09T14:00:00.000Z
1786285800,0.889,2026-08-09T14:30:00.000Z
1786287600,0.806,2026-08-09T15:00:00.000Z
1786289400,0.945,2026-08-09T15:30:00.000Z
1786291200,0.617,2026-08-09T16:00:00.000Z
1786293000,0.363,2026-08-09T16:30:00.000Z
1786294800,1.544,2026-08-09T17:00:00.000Z
1786296600,0.526,2026-08-09T17:30:00.000Z
1786298400,0.319,2026-08-09T18:00:00.000Z
1786300200,0.474,2026-08-09T18:30:00.000Z
1786302000,0.295,2026-08-09T19:00:00.000Z
1786303800,0.289,2026-08-09T19:30:00.000Z
1786305600,0.258,2026-08-09T20:00:00.000Z
1786307400,0.288,2026-08-09T20:30:00.000Z
1786309200,0.336,2026-08-09T21:00:00.000Z
1786311000,0.316,2026-08-09T21:30:00.000Z
1786312800,0.288,2026-08-09T22:00:00.000Z
1786314600,0.271,2026-08-09T22:30:00.000Z
1786316400,0.274,2026-08-09T23:00:00.000Z
1786318200,0.225,2026-08-09T23:30:00.000Z
1786320000,0.213,2026-08-10T00:00:00.000Z
1786321800,0.242,2026-08-10T00:30:00.000Z
1786323600,0.226,2026-08-10T01:00:00.000Z
1786325400,0.249,2026-08-10T01:30:00.000Z
1786327200,0.221,2026-08-10T02:00:00.000Z
1786329000,0.254,2026-08-10T02:30:00.000Z
1786330800,0.257,2026-08-10T03:00:00.000Z
1786332600,0.211,2026-08-10T03:30:00.000Z
1786334400,0.271,2026-08-10T04:00:00.000Z
1786336200,0.222,2026-08-10T04:30:00.000Z
1786338000,0.413,2026-08-10T05:00:00.000Z
1786339800,0.737,2026-08-10T05:30:00.000Z
1786341600,0.842,2026-08-10T06:00:00.000Z
1786343400,0.922,2026-08-10T06:30:00.000Z
1786345200,1.882,2026-08-10T07:00:00.000Z
1786347000,0.182,2026-08-10T07:30:00.000Z
1786348800,0.322,2026-08-10T08:00:00.000Z
1786350600,0.272,2026-08-10T08:30:00.000Z
1786352400,0.257,2026-08-10T09:00:00.000Z
1786354200,0.285,2026-08-10T09:30:00.000Z
1786356000,0.292,2026-08-10T10:00:00.000Z
1786357800,0.511,2026-08-10T10:30:00.000Z
1786359600,0.235,2026-08-10T11:00:00.000Z
1786361400,0.201,2026-08-10T11:30:00.000Z
1786363200,0.257,2026-08-10T12:00:00.000Z
1786365000,0.253,2026-08-10T12:30:00.000Z
1786366800,0.251,2026-08-10T13:00:00.000Z
1786368600,0.335,2026-08-10T13:30:00.000Z
1786370400,0.328,2026-08-10T14:00:00.000Z
1786372200,0.345,2026-08-10T14:30:00.000Z
1786374000,0.844,2026-08-10T15:00:00.000Z
1786375800,0.454,2026-08-10T15:30:00.000Z
1786377600,0.686,2026-08-10T16:00:00.000Z
1786379400,0.561,2026-08-10T16:30:00.000Z
1786381200,0.792,2026-08-10T17:00:00.000Z
1786383000,0.327,2026-08-10T17:30:00.000Z
1786384800,0.342,2026-08-10T18:00:00.000Z
1786386600,0.490,2026-08-10T18:30:00.000Z
1786388400,0.295,2026-08-10T19:00:00.000Z
1786390200,0.320,2026-08-10T19:30:00.000Z
1786392000,0.327,2026-08-10T20:00:00.000Z
1786393800,0.331,2026-08-10T20:30:00.000Z
1786395600,0.343,2026-08-10T21:00:00.000Z
1786397400,0.304,2026-08-10T21:30:00.000Z
1786399200,0.305,2026-08-10T22:00:00.000Z
1786401000,0.270,2026-08-10T22:30:00.000Z
1786402800,0.226,2026-08-10T23:00:00.000Z
1786404600,0.248,2026-08-10T23:30:00.000Z
1786406400,0.227,2026-08-11T00:00:00.000Z
1786408200,0.220,2026-08-11T00:30:00.000Z
1786410000,0.277,2026-08-11T01:00:00.000Z
1786411800,0.258,2026-08-11T01:30:00.000Z
1786413600,0.276,2026-08-11T02:00:00.000Z
1786415400,0.227,2026-08-11T02:30:00.000Z
1786417200,0.260,2026-08-11T03:00:00.000Z
1786419000,0.271,2026-08-11T03:30:00.000Z
1786420800,0.286,2026-08-11T04:00:00.000Z
1786422600,0.304,2026-08-11T04:30:00.000Z
1786424400,0.280,2026-08-11T05:00:00.000Z
1786426200,0.785,2026-08-11T05:30:00.000Z
1786428000,1.491,2026-08-11T06:00:00.000Z
1786429800,1.295,2026-08-11T06:30:00.000Z
1786431600,2.045,2026-08-11T07:00:00.000Z
1786433400,0.694,2026-08-11T07:30:00.000Z
1786435200,0.638,2026-08-11T08:00:00.000Z
1786437000,0.252,2026-08-11T08:30:00.000Z
1786438800,0.292,2026-08-11T09:00:00.000Z
1786440600,0.256,2026-08-11T09:30:00.000Z
1786442400,0.302,2026-08-11T10:00:00.000Z
1786444200,0.326,2026-08-11T10:30:00.000Z
1786446000,0.232,2026-08-11T11:00:00.000Z
1786447800,0.204,2026-08-11T11:30:00.000Z
1786449600,0.181,2026-08-11T12:00:00.000Z
1786451400,0.236,2026-08-11T12:30:00.000Z
1786453200,0.233,2026-08-11T13:00:00.000Z
1786455000,0.224,2026-08-11T13:30:00.000Z
1786456800,0.243,2026-08-11T14:00:00.000Z
1786458600,0.249,2026-08-11T14:30:00.000Z
1786460400,0.253,2026-08-11T15:00:00.000Z
1786462200,0.870,2026-08-11T15:30:00.000Z
1786464000,0.296,2026-08-11T16:00:00.000Z
1786465800,0.486,2026-08-11T16:30:00.000Z
1786467600,0.732,2026-08-11T17:00:00.000Z
1786469400,0.642,2026-08-11T17:30:00.000Z
1786471200,0.428,2026-08-11T18:00:00.000Z
1786473000,0.465,2026-08-11T18:30:00.000Z
1786474800,0.676,2026-08-11T19:00:00.000Z
1786476600,0.400,2026-08-11T19:30:00.000Z
1786478400,0.377,2026-08-11T20:00:00.000Z
1786480200,0.364,2026-08-11T20:30:00.000Z
1786482000,0.323,2026-08-11T21:00:00.000Z
1786483800,0.348,2026-08-11T21:30:00.000Z
1786485600,0.316,2026-08-11T22:00:00.000Z
1786487400,0.294,2026-08-11T22:30:00.000Z
1786489200,0.252,2026-08-11T23:00:00.000Z
1786491000,0.270,2026-08-11T23:30:00.000Z
1786492800,0.273,2026-08-12T00:00:00.000Z
1786494600,0.241,2026-08-12T00:30:00.000Z
1786496400,0.283,2026-08-12T01:00:00.000Z
1786498200,0.265,2026-08-12T01:30:00.000Z
1786500000,0.250,2026-08-12T02:00:00.000Z
1786501800,0.213,2026-08-12T02:30:00.000Z
1786503600,0.193,2026-08-12T03:00:00.000Z
1786505400,0.231,2026-08-12T03:30:00.000Z
1786507200,0.226,2026-08-12T04:00:00.000Z
1786509000,0.256,2026-08-12T04:30:00.000Z
1786510800,0.350,2026-08-12T05:00:00.000Z
1786512600,1.221,2026-08-12T05:30:00.000Z
1786514400,1.157,2026-08-12T06:00:00.000Z
1786516200,1.409,2026-08-12T06:30:00.000Z
1786518000,1.519,2026-08-12T07:00:00.000Z
1786519800,0.896,2026-08-12T07:30:00.000Z
1786521600,0.285,2026-08-12T08:00:00.000Z
1786523400,0.271,2026-08-12T08:30:00.000Z
1786525200,0.311,2026-08-12T09:00:00.000Z
1786527000,0.280,2026-08-12T09:30:00.000Z
1786528800,0.262,2026-08-12T10:00:00.000Z
1786530600,0.242,2026-08-12T10:30:00.000Z
1786532400,0.206,2026-08-12T11:00:00.000Z
1786534200,0.180,2026-08-12T11:30:00.000Z
1786536000,0.205,2026-08-12T12:00:00.000Z
1786537800,0.232,2026-08-12T12:30:00.000Z
1786539600,0.231,2026-08-12T13:00:00.000Z
1786541400,0.639,2026-08-12T13:30:00.000Z
1786543200,0.379,2026-08-12T14:00:00.000Z
1786545000,0.857,2026-08-12T14:30:00.000Z
1786546800,0.840,2026-08-12T15:00:00.000Z
1786548600,0.605,2026-08-12T15:30:00.000Z
1786550400,0.202,2026-08-12T16:00:00.000Z
1786552200,0.237,2026-08-12T16:30:00.000Z
1786554000,0.229,2026-08-12T17:00:00.000Z
1786555800,0.241,2026-08-12T17:30:00.000Z
1786557600,0.556,2026-08-12T18:00:00.000Z
1786559400,0.399,2026-08-12T18:30:00.000Z
1786561200,0.255,2026-08-12T19:00:00.000Z
1786563000,0.243,2026-08-12T19:30:00.000Z
1786564800,0.266,2026-08-12T20:00:00.000Z
1786566600,0.287,2026-08-12T20:30:00.000Z
1786568400,0.266,2026-08-12T21:00:00.000Z
1786570200,0.252,2026-08-12T21:30:00.000Z
1786572000,0.272,2026-08-12T22:00:00.000Z
1786573800,0.279,2026-08-12T22:30:00.000Z
1786575600,0.263,2026-08-12T23:00:00.000Z
1786577400,0.225,2026-08-12T23:30:00.000Z
1786579200,0.239,2026-08-13T00:00:00.000Z
1786581000,0.272,2026-08-13T00:30:00.000Z
1786582800,0.254,2026-08-13T01:00:00.000Z
1786584600,0.261,2026-08-13T01:30:00.000Z
1786586400,0.240,2026-08-13T02:00:00.000Z
1786588200,0.223,2026-08-13T02:30:00.000Z
1786590000,0.224,2026-08-13T03:00:00.000Z
1786591800,0.179,2026-08-13T03:30:00.000Z
1786593600,0.161,2026-08-13T04:00:00.000Z
1786595400,0.185,2026-08-13T04:30:00.000Z
1786597200,0.206,2026-08-13T05:00:00.000Z
1786599000,0.740,2026-08-13T05:30:00.000Z
1786600800,0.457,2026-08-13T06:00:00.000Z
1786602600,0.904,2026-08-13T06:30:00.000Z
1786604400,1.788,2026-08-13T07:00:00.000Z
1786606200,0.680,2026-08-13T07:30:00.000Z
1786608000,0.612,2026-08-13T08:00:00.000Z
1786609800,0.437,2026-08-13T08:30:00.000Z
1786611600,0.612,2026-08-13T09:00:00.000Z
1786613400,0.242,2026-08-13T09:30:00.000Z
1786615200,0.225,2026-08-13T10:00:00.000Z
1786617000,0.242,2026-08-13T10:30:00.000Z
1786618800,0.244,2026-08-13T11:00:00.000Z
1786620600,0.268,2026-08-13T11:30:00.000Z
1786622400,0.214,2026-08-13T12:00:00.000Z
1786624200,0.216,2026-08-13T12:30:00.000Z
1786626000,0.275,2026-08-13T13:00:00.000Z
1786627800,0.226,2026-08-13T13:30:00.000Z
1786629600,0.241,2026-08-13T14:00:00.000Z
1786631400,0.248,2026-08-13T14:30:00.000Z
1786633200,0.779,2026-08-13T15:00:00.000Z
1786635000,0.272,2026-08-13T15:30:00.000Z
1786636800,0.288,2026-08-13T16:00:00.000Z
1786638600,0.287,2026-08-13T16:30:00.000Z
1786640400,0.281,2026-08-13T17:00:00.000Z
1786642200,0.758,2026-08-13T17:30:00.000Z
1786644000,0.698,2026-08-13T18:00:00.000Z
1786645800,0.438,2026-08-13T18:30:00.000Z
1786647600,0.349,2026-08-13T19:00:00.000Z
1786649400,0.292,2026-08-13T19:30:00.000Z
1786651200,0.265,2026-08-13T20:00:00.000Z
1786653000,0.257,2026-08-13T20:30:00.000Z
1786654800,0.283,2026-08-13T21:00:00.000Z
1786656600,0.276,2026-08-13T21:30:00.000Z
1786658400,0.272,2026-08-13T22:00:00.000Z
1786660200,0.276,2026-08-13T22:30:00.000Z
1786662000,0.280,2026-08-13T23:00:00.000Z
1786663800,0.257,2026-08-13T23:30:00.000Z
1786665600,0.209,2026-08-14T00:00:00.000Z
1786667400,0.236,2026-08-14T00:30:00.000Z
1786669200,0.246,2026-08-14T01:00:00.000Z
1786671000,0.231,2026-08-14T01:30:00.000Z
1786672800,0.251,2026-08-14T02:00:00.000Z
1786674600,0.229,2026-08-14T02:30:00.000Z
1786676400,0.234,2026-08-14T03:00:00.000Z
1786678200,0.226,2026-08-14T03:30:00.000Z
1786680000,0.189,2026-08-14T04:00:00.000Z
1786681800,0.241,2026-08-14T04:30:00.000Z
1786683600,0.242,2026-08-14T05:00:00.000Z
1786685400,0.251,2026-08-14T05:30:00.000Z
1786687200,0.638,2026-08-14T06:00:00.000Z
1786689000,0.915,2026-08-14T06:30:00.000Z
1786690800,1.565,2026-08-14T07:00:00.000Z
1786692600,0.425,2026-08-14T07:30:00.000Z
1786694400,0.543,2026-08-14T08:00:00.000Z
1786696200,0.488,2026-08-14T08:30:00.000Z
1786698000,0.585,2026-08-14T09:00:00.000Z
1786699800,0.213,2026-08-14T09:30:00.000Z
1786701600,0.245,2026-08-14T10:00:00.000Z
1786703400,0.240,2026-08-14T10:30:00.000Z
1786705200,0.231,2026-08-14T11:00:00.000Z
1786707000,0.218,2026-08-14T11:30:00.000Z
1786708800,0.222,2026-08-14T12:00:00.000Z
1786710600,0.242,2026-08-14T12:30:00.000Z
1786712400,0.240,2026-08-14T13:00:00.000Z
1786714200,0.254,2026-08-14T13:30:00.000Z
1786716000,0.253,2026-08-14T14:00:00.000Z
1786717800,0.245,2026-08-14T14:30:00.000Z
1786719600,0.241,2026-08-14T15:00:00.000Z
1786721400,0.211,2026-08-14T15:30:00.000Z
1786723200,0.237,2026-08-14T16:00:00.000Z
1786725000,0.257,2026-08-14T16:30:00.000Z
1786726800,0.281,2026-08-14T17:00:00.000Z
1786728600,0.386,2026-08-14T17:30:00.000Z
1786730400,0.379,2026-08-14T18:00:00.000Z
1786732200,0.260,2026-08-14T18:30:00.000Z
1786734000,0.247,2026-08-14T19:00:00.000Z
1786735800,0.241,2026-08-14T19:30:00.000Z
1786737600,0.268,2026-08-14T20:00:00.000Z
1786739400,0.262,2026-08-14T20:30:00.000Z
1786741200,0.251,2026-08-14T21:00:00.000Z
1786743000,0.261,2026-08-14T21:30:00.000Z
1786744800,0.261,2026-08-14T22:00:00.000Z
1786746600,0.248,2026-08-14T22:30:00.000Z
1786748400,0.205,2026-08-14T23:00:00.000Z
1786750200,0.218,2026-08-14T23:30:00.000Z
1786752000,0.226,2026-08-15T00:00:00.000Z
1786753800,0.233,2026-08-15T00:30:00.000Z
1786755600,0.205,2026-08-15T01:00:00.000Z
1786757400,0.213,2026-08-15T01:30:00.000Z
1786759200,0.196,2026-08-15T02:00:00.000Z
1786761000,0.205,2026-08-15T02:30:00.000Z
1786762800,0.177,2026-08-15T03:00:00.000Z
1786764600,0.173,2026-08-15T03:30:00.000Z
1786766400,0.221,2026-08-15T04:00:00.000Z
1786768200,0.208,2026-08-15T04:30:00.000Z
1786770000,0.225,2026-08-15T05:00:00.000Z
1786771800,0.234,2026-08-15T05:30:00.000Z
1786773600,0.253,2026-08-15T06:00:00.000Z
1786775400,0.877,2026-08-15T06:30:00.000Z
1786777200,0.383,2026-08-15T07:00:00.000Z
1786779000,0.218,2026-08-15T07:30:00.000Z
1786780800,0.246,2026-08-15T08:00:00.000Z
1786782600,0.466,2026-08-15T08:30:00.000Z
1786784400,1.420,2026-08-15T09:00:00.000Z
1786786200,0.411,2026-08-15T09:30:00.000Z
1786788000,1.040,2026-08-15T10:00:00.000Z
1786789800,0.920,2026-08-15T10:30:00.000Z
1786791600,0.586,2026-08-15T11:00:00.000Z
1786793400,0.927,2026-08-15T11:30:00.000Z
1786795200,0.639,2026-08-15T12:00:00.000Z
1786797000,0.271,2026-08-15T12:30:00.000Z
1786798800,0.249,2026-08-15T13:00:00.000Z
1786800600,0.387,2026-08-15T13:30:00.000Z
1786802400,0.817,2026-08-15T14:00:00.000Z
1786804200,0.638,2026-08-15T14:30:00.000Z
1786806000,0.619,2026-08-15T15:00:00.000Z
1786807800,0.314,2026-08-15T15:30:00.000Z
1786809600,0.261,2026-08-15T16:00:00.000Z
1786811400,0.285,2026-08-15T16:30:00.000Z
1786813200,0.341,2026-08-15T17:00:00.000Z
1786815000,0.275,2026-08-15T17:30:00.000Z
1786816800,0.259,2026-08-15T18:00:00.000Z
1786818600,0.285,2026-08-15T18:30:00.000Z
1786820400,0.291,2026-08-15T19:00:00.000Z
1786822200,0.242,2026-08-15T19:30:00.000Z
1786824000,0.372,2026-08-15T20:00:00.000Z
1786825800,0.229,2026-08-15T20:30:00.000Z
1786827600,0.225,2026-08-15T21:00:00.000Z
1786829400,0.245,2026-08-15T21:30:00.000Z
1786831200,0.211,2026-08-15T22:00:00.000Z
1786833000,0.218,2026-08-15T22:30:00.000Z
1786834800,0.197,2026-08-15T23:00:00.000Z
1786836600,0.194,2026-08-15T23:30:00.000Z
1786838400,0.191,2026-08-16T00:00:00.000Z
1786840200,0.218,2026-08-16T00:30:00.000Z
1786842000,0.213,2026-08-16T01:00:00.000Z
1786843800,0.239,2026-08-16T01:30:00.000Z
1786845600,0.214,2026-08-16T02:00:00.000Z
1786847400,0.217,2026-08-16T02:30:00.000Z
1786849200,0.172,2026-08-16T03:00:00.000Z
1786851000,0.213,2026-08-16T03:30:00.000Z
1786852800,0.163,2026-08-16T04:00:00.000Z
1786854600,0.164,2026-08-16T04:30:00.000Z
1786856400,0.191,2026-08-16T05:00:00.000Z
1786858200,0.163,2026-08-16T05:30:00.000Z
1786860000,0.193,2026-08-16T06:00:00.000Z
1786861800,0.573,2026-08-16T06:30:00.000Z
1786863600,0.289,2026-08-16T07:00:00.000Z
1786865400,0.847,2026-08-16T07:30:00.000Z
1786867200,1.249,2026-08-16T08:00:00.000Z
1786869000,1.473,2026-08-16T08:30:00.000Z
1786870800,0.923,2026-08-16T09:00:00.000Z
1786872600,1.317,2026-08-16T09:30:00.000Z
1786874400,1.091,2026-08-16T10:00:00.000Z
1786876200,1.043,2026-08-16T10:30:00.000Z
1786878000,1.010,2026-08-16T11:00:00.000Z
1786879800,0.673,2026-08-16T11:30:00.000Z
1786881600,1.151,2026-08-16T12:00:00.000Z
1786883400,1.391,2026-08-16T12:30:00.000Z
1786885200,1.316,2026-08-16T13:00:00.000Z
1786887000,0.505,2026-08-16T13:30:00.000Z
1786888800,0.307,2026-08-16T14:00:00.000Z
1786890600,0.275,2026-08-16T14:30:00.000Z
1786892400,0.373,2026-08-16T15:00:00.000Z
1786894200,0.882,2026-08-16T15:30:00.000Z
1786896000,0.461,2026-08-16T16:00:00.000Z
1786897800,0.612,2026-08-16T16:30:00.000Z
1786899600,0.422,2026-08-16T17:00:00.000Z
1786901400,0.345,2026-08-16T17:30:00.000Z
1786903200,0.390,2026-08-16T18:00:00.000Z
1786905000,0.261,2026-08-16T18:30:00.000Z
1786906800,0.225,2026-08-16T19:00:00.000Z
1786908600,0.184,2026-08-16T19:30:00.000Z
1786910400,0.214,2026-08-16T20:00:00.000Z
1786912200,0.248,2026-08-16T20:30:00.000Z
1786914000,0.244,2026-08-16T21:00:00.000Z
1786915800,0.488,2026-08-16T21:30:00.000Z
1786917600,0.630,2026-08-16T22:00:00.000Z
1786919400,0.658,2026-08-16T22:30:00.000Z
1786921200,0.609,2026-08-16T23:00:00.000Z
1786923000,0.572,2026-08-16T23:30:00.000Z
1786924800,0.586,2026-08-17T00:00:00.000Z
1786926600,0.592,2026-08-17T00:30:00.000Z
1786928400,0.631,2026-08-17T01:00:00.000Z
1786930200,0.594,2026-08-17T01:30:00.000Z
1786932000,0.629,2026-08-17T02:00:00.000Z
1786933800,0.600,2026-08-17T02:30:00.000Z
1786935600,0.590,2026-08-17T03:00:00.000Z
1786937400,0.554,2026-08-17T03:30:00.000Z
1786939200,0.560,2026-08-17T04:00:00.000Z
1786941000,0.558,2026-08-17T04:30:00.000Z
1786942800,0.556,2026-08-17T05:00:00.000Z
1786944600,0.570,2026-08-17T05:30:00.000Z
1786946400,0.855,2026-08-17T06:00:00.000Z
1786948200,1.141,2026-08-17T06:30:00.000Z
1786950000,1.366,2026-08-17T07:00:00.000Z
1786951800,0.410,2026-08-17T07:30:00.000Z
1786953600,0.231,2026-08-17T08:00:00.000Z
1786955400,0.233,2026-08-17T08:30:00.000Z
1786957200,0.249,2026-08-17T09:00:00.000Z
1786959000,0.219,2026-08-17T09:30:00.000Z
1786960800,0.209,2026-08-17T10:00:00.000Z
1786962600,0.229,2026-08-17T10:30:00.000Z
1786964400,0.212,2026-08-17T11:00:00.000Z
1786966200,1.138,2026-08-17T11:30:00.000Z
1786968000,0.224,2026-08-17T12:00:00.000Z
1786969800,0.261,2026-08-17T12:30:00.000Z
1786971600,0.622,2026-08-17T13:00:00.000Z
1786973400,0.485,2026-08-17T13:30:00.000Z
1786975200,0.579,2026-08-17T14:00:00.000Z
1786977000,0.192,2026-08-17T14:30:00.000Z
1786978800,0.251,2026-08-17T15:00:00.000Z
1786980600,0.258,2026-08-17T15:30:00.000Z
1786982400,0.268,2026-08-17T16:00:00.000Z
1786984200,0.433,2026-08-17T16:30:00.000Z
1786986000,0.662,2026-08-17T17:00:00.000Z
1786987800,0.275,2026-08-17T17:30:00.000Z
1786989600,0.375,2026-08-17T18:00:00.000Z
1786991400,0.411,2026-08-17T18:30:00.000Z
1786993200,0.477,2026-08-17T19:00:00.000Z
1786995000,0.240,2026-08-17T19:30:00.000Z
1786996800,0.249,2026-08-17T20:00:00.000Z
1786998600,0.274,2026-08-17T20:30:00.000Z
1787000400,0.261,2026-08-17T21:00:00.000Z
1787002200,0.222,2026-08-17T21:30:00.000Z
1787004000,0.237,2026-08-17T22:00:00.000Z
1787005800,0.203,2026-08-17T22:30:00.000Z
1787007600,0.215,2026-08-17T23:00:00.000Z
1787009400,0.194,2026-08-17T23:30:00.000Z
1787011200,0.177,2026-08-18T00:00:00.000Z
1787013000,0.212,2026-08-18T00:30:00.000Z
1787014800,0.206,2026-08-18T01:00:00.000Z
1787016600,0.220,2026-08-18T01:30:00.000Z
1787018400,0.204,2026-08-18T02:00:00.000Z
1787020200,0.230,2026-08-18T02:30:00.000Z
1787022000,0.184,2026-08-18T03:00:00.000Z
1787023800,0.173,2026-08-18T03:30:00.000Z
1787025600,0.161,2026-08-18T04:00:00.000Z
1787027400,0.184,2026-08-18T04:30:00.000Z
1787029200,0.220,2026-08-18T05:00:00.000Z
1787031000,0.936,2026-08-18T05:30:00.000Z
1787032800,1.199,2026-08-18T06:00:00.000Z
1787034600,1.422,2026-08-18T06:30:00.000Z
1787036400,1.238,2026-08-18T07:00:00.000Z
1787038200,0.687,2026-08-18T07:30:00.000Z
1787040000,0.180,2026-08-18T08:00:00.000Z
1787041800,0.269,2026-08-18T08:30:00.000Z
1787043600,0.201,2026-08-18T09:00:00.000Z
1787045400,0.643,2026-08-18T09:30:00.000Z
1787047200,0.535,2026-08-18T10:00:00.000Z
1787049000,0.550,2026-08-18T10:30:00.000Z
1787050800,1.595,2026-08-18T11:00:00.000Z
1787052600,0.665,2026-08-18T11:30:00.000Z
1787054400,0.311,2026-08-18T12:00:00.000Z
1787056200,0.261,2026-08-18T12:30:00.000Z
1787058000,0.904,2026-08-18T13:00:00.000Z
1787059800,0.589,2026-08-18T13:30:00.000Z
1787061600,0.525,2026-08-18T14:00:00.000Z
1787063400,0.709,2026-08-18T14:30:00.000Z
1787065200,0.898,2026-08-18T15:00:00.000Z
1787067000,1.076,2026-08-18T15:30:00.000Z
1787068800,0.873,2026-08-18T16:00:00.000Z
1787070600,0.751,2026-08-18T16:30:00.000Z
1787072400,0.312,2026-08-18T17:00:00.000Z
1787074200,0.335,2026-08-18T17:30:00.000Z
1787076000,0.528,2026-08-18T18:00:00.000Z
1787077800,0.561,2026-08-18T18:30:00.000Z
1787079600,0.284,2026-08-18T19:00:00.000Z
1787081400,0.300,2026-08-18T19:30:00.000Z
1787083200,0.296,2026-08-18T20:00:00.000Z
1787085000,0.247,2026-08-18T20:30:00.000Z
1787086800,0.262,2026-08-18T21:00:00.000Z
1787088600,0.244,2026-08-18T21:30:00.000Z
1787090400,0.214,2026-08-18T22:00:00.000Z
1787092200,0.200,2026-08-18T22:30:00.000Z
1787094000,0.183,2026-08-18T23:00:00.000Z
1787095800,0.227,2026-08-18T23:30:00.000Z
1787097600,0.200,2026-08-19T00:00:00.000Z
1787099400,0.224,2026-08-19T00:30:00.000Z
1787101200,0.203,2026-08-19T01:00:00.000Z
1787103000,0.233,2026-08-19T01:30:00.000Z
1787104800,0.210,2026-08-19T02:00:00.000Z
1787106600,0.410,2026-08-19T02:30:00.000Z
1787108400,0.578,2026-08-19T03:00:00.000Z
1787110200,0.607,2026-08-19T03:30:00.000Z
1787112000,0.561,2026-08-19T04:00:00.000Z
1787113800,0.612,2026-08-19T04:30:00.000Z
1787115600,0.598,2026-08-19T05:00:00.000Z
1787117400,0.773,2026-08-19T05:30:00.000Z
1787119200,1.014,2026-08-19T06:00:00.000Z
1787121000,1.047,2026-08-19T06:30:00.000Z
1787122800,1.224,2026-08-19T07:00:00.000Z
1787124600,0.358,2026-08-19T07:30:00.000Z
1787126400,0.176,2026-08-19T08:00:00.000Z
1787128200,0.127,2026-08-19T08:30:00.000Z
1787130000,0.176,2026-08-19T09:00:00.000Z
1787131800,0.175,2026-08-19T09:30:00.000Z
1787133600,0.186,2026-08-19T10:00:00.000Z
1787135400,0.148,2026-08-19T10:30:00.000Z
1787137200,0.186,2026-08-19T11:00:00.000Z
1787139000,0.161,2026-08-19T11:30:00.000Z
1787140800,0.187,2026-08-19T12:00:00.000Z
1787142600,0.163,2026-08-19T12:30:00.000Z
1787144400,0.206,2026-08-19T13:00:00.000Z
1787146200,0.167,2026-08-19T13:30:00.000Z
1787148000,0.194,2026-08-19T14:00:00.000Z
1787149800,0.200,2026-08-19T14:30:00.000Z
1787151600,0.203,2026-08-19T15:00:00.000Z
1787153400,0.208,2026-08-19T15:30:00.000Z
1787155200,0.189,2026-08-19T16:00:00.000Z
1787157000,0.198,2026-08-19T16:30:00.000Z
1787158800,0.184,2026-08-19T17:00:00.000Z
1787160600,0.285,2026-08-19T17:30:00.000Z
1787162400,0.179,2026-08-19T18:00:00.000Z
1787164200,0.240,2026-08-19T18:30:00.000Z
1787166000,0.201,2026-08-19T19:00:00.000Z
1787167800,0.238,2026-08-19T19:30:00.000Z
1787169600,0.220,2026-08-19T20:00:00.000Z
1787171400,0.598,2026-08-19T20:30:00.000Z
1787173200,0.885,2026-08-19T21:00:00.000Z
1787175000,0.903,2026-08-19T21:30:00.000Z
1787176800,0.823,2026-08-19T22:00:00.000Z
1787178600,0.589,2026-08-19T22:30:00.000Z
1787180400,0.566,2026-08-19T23:00:00.000Z
1787182200,0.552,2026-08-19T23:30:00.000Z
1787184000,0.567,2026-08-20T00:00:00.000Z
1787185800,0.606,2026-08-20T00:30:00.000Z
1787187600,0.569,2026-08-20T01:00:00.000Z
1787189400,0.586,2026-08-20T01:30:00.000Z
1787191200,0.533,2026-08-20T02:00:00.000Z
1787193000,0.559,2026-08-20T02:30:00.000Z
1787194800,0.526,2026-08-20T03:00:00.000Z
1787196600,0.525,2026-08-20T03:30:00.000Z
1787198400,0.512,2026-08-20T04:00:00.000Z
1787200200,0.527,2026-08-20T04:30:00.000Z
1787202000,0.585,2026-08-20T05:00:00.000Z
1787203800,0.765,2026-08-20T05:30:00.000Z
1787205600,0.639,2026-08-20T06:00:00.000Z
1787207400,0.691,2026-08-20T06:30:00.000Z
1787209200,0.817,2026-08-20T07:00:00.000Z
1787211000,0.318,2026-08-20T07:30:00.000Z
1787212800,0.183,2026-08-20T08:00:00.000Z
1787214600,0.182,2026-08-20T08:30:00.000Z
1787216400,0.143,2026-08-20T09:00:00.000Z
1787218200,1.797,2026-08-20T09:30:00.000Z
1787220000,0.665,2026-08-20T10:00:00.000Z
1787221800,0.328,2026-08-20T10:30:00.000Z
1787223600,0.652,2026-08-20T11:00:00.000Z
1787225400,0.577,2026-08-20T11:30:00.000Z
1787227200,0.888,2026-08-20T12:00:00.000Z
1787229000,0.890,2026-08-20T12:30:00.000Z
1787230800,0.200,2026-08-20T13:00:00.000Z
1787232600,0.194,2026-08-20T13:30:00.000Z
1787234400,0.196,2026-08-20T14:00:00.000Z
1787236200,0.248,2026-08-20T14:30:00.000Z
1787238000,0.217,2026-08-20T15:00:00.000Z
1787239800,0.256,2026-08-20T15:30:00.000Z
1787241600,0.555,2026-08-20T16:00:00.000Z
1787243400,0.543,2026-08-20T16:30:00.000Z
1787245200,0.614,2026-08-20T17:00:00.000Z
1787247000,0.846,2026-08-20T17:30:00.000Z
1787248800,0.332,2026-08-20T18:00:00.000Z
1787250600,0.454,2026-08-20T18:30:00.000Z
1787252400,0.305,2026-08-20T19:00:00.000Z
1787254200,0.183,2026-08-20T19:30:00.000Z
1787256000,0.198,2026-08-20T20:00:00.000Z
1787257800,0.221,2026-08-20T20:30:00.000Z
1787259600,0.204,2026-08-20T21:00:00.000Z
1787261400,0.636,2026-08-20T21:30:00.000Z
1787263200,0.637,2026-08-20T22:00:00.000Z
1787265000,0.634,2026-08-20T22:30:00.000Z
1787266800,0.627,2026-08-20T23:00:00.000Z
1787268600,0.551,2026-08-20T23:30:00.000Z
1787270400,0.561,2026-08-21T00:00:00.000Z
1787272200,0.510,2026-08-21T00:30:00.000Z
1787274000,0.574,2026-08-21T01:00:00.000Z
1787275800,0.552,2026-08-21T01:30:00.000Z
1787277600,0.549,2026-08-21T02:00:00.000Z
1787279400,0.569,2026-08-21T02:30:00.000Z
1787281200,0.597,2026-08-21T03:00:00.000Z
1787283000,0.556,2026-08-21T03:30:00.000Z
1787284800,0.581,2026-08-21T04:00:00.000Z
1787286600,0.532,2026-08-21T04:30:00.000Z
1787288400,0.541,2026-08-21T05:00:00.000Z
1787290200,0.547,2026-08-21T05:30:00.000Z
1787292000,1.197,2026-08-21T06:00:00.000Z
1787293800,0.904,2026-08-21T06:30:00.000Z
1787295600,1.234,2026-08-21T07:00:00.000Z
1787297400,0.811,2026-08-21T07:30:00.000Z
1787299200,0.239,2026-08-21T08:00:00.000Z
1787301000,0.230,2026-08-21T08:30:00.000Z
1787302800,0.250,2026-08-21T09:00:00.000Z
1787304600,0.229,2026-08-21T09:30:00.000Z
1787306400,0.238,2026-08-21T10:00:00.000Z
1787308200,0.194,2026-08-21T10:30:00.000Z
1787310000,0.228,2026-08-21T11:00:00.000Z
1787311800,0.204,2026-08-21T11:30:00.000Z
1787313600,0.142,2026-08-21T12:00:00.000Z
1787315400,0.211,2026-08-21T12:30:00.000Z
1787317200,0.209,2026-08-21T13:00:00.000Z
1787319000,0.233,2026-08-21T13:30:00.000Z
1787320800,0.198,2026-08-21T14:00:00.000Z
1787322600,0.229,2026-08-21T14:30:00.000Z
1787324400,0.220,2026-08-21T15:00:00.000Z
1787326200,0.234,2026-08-21T15:30:00.000Z
1787328000,0.150,2026-08-21T16:00:00.000Z
1787329800,0.376,2026-08-21T16:30:00.000Z
1787331600,0.975,2026-08-21T17:00:00.000Z
1787333400,0.842,2026-08-21T17:30:00.000Z
1787335200,0.494,2026-08-21T18:00:00.000Z
1787337000,0.617,2026-08-21T18:30:00.000Z
1787338800,0.796,2026-08-21T19:00:00.000Z
1787340600,0.900,2026-08-21T19:30:00.000Z
1787342400,0.857,2026-08-21T20:00:00.000Z
1787344200,0.866,2026-08-21T20:30:00.000Z
1787346000,0.979,2026-08-21T21:00:00.000Z
1787347800,0.753,2026-08-21T21:30:00.000Z
1787349600,0.566,2026-08-21T22:00:00.000Z
1787351400,0.615,2026-08-21T22:30:00.000Z
1787353200,0.592,2026-08-21T23:00:00.000Z
1787355000,0.609,2026-08-21T23:30:00.000Z
1787356800,0.615,2026-08-22T00:00:00.000Z
1787358600,0.585,2026-08-22T00:30:00.000Z
1787360400,0.632,2026-08-22T01:00:00.000Z
1787362200,0.593,2026-08-22T01:30:00.000Z
1787364000,0.628,2026-08-22T02:00:00.000Z
1787365800,0.595,2026-08-22T02:30:00.000Z
1787367600,0.550,2026-08-22T03:00:00.000Z
1787369400,0.579,2026-08-22T03:30:00.000Z
1787371200,0.547,2026-08-22T04:00:00.000Z
1787373000,0.583,2026-08-22T04:30:00.000Z
1787374800,0.525,2026-08-22T05:00:00.000Z
1787376600,0.560,2026-08-22T05:30:00.000Z
1787378400,1.375,2026-08-22T06:00:00.000Z
1787380200,0.805,2026-08-22T06:30:00.000Z
1787382000,1.606,2026-08-22T07:00:00.000Z
1787383800,0.210,2026-08-22T07:30:00.000Z
1787385600,0.142,2026-08-22T08:00:00.000Z
1787387400,0.130,2026-08-22T08:30:00.000Z
1787389200,0.092,2026-08-22T09:00:00.000Z
1787391000,0.126,2026-08-22T09:30:00.000Z
1787392800,0.107,2026-08-22T10:00:00.000Z
1787394600,0.250,2026-08-22T10:30:00.000Z
1787396400,0.291,2026-08-22T11:00:00.000Z
1787398200,0.213,2026-08-22T11:30:00.000Z
1787400000,0.232,2026-08-22T12:00:00.000Z
1787401800,0.200,2026-08-22T12:30:00.000Z
1787403600,0.218,2026-08-22T13:00:00.000Z
1787405400,0.212,2026-08-22T13:30:00.000Z
1787407200,0.235,2026-08-22T14:00:00.000Z
1787409000,0.407,2026-08-22T14:30:00.000Z
1787410800,1.343,2026-08-22T15:00:00.000Z
1787412600,0.949,2026-08-22T15:30:00.000Z
1787414400,1.681,2026-08-22T16:00:00.000Z
1787416200,1.622,2026-08-22T16:30:00.000Z
1787418000,0.277,2026-08-22T17:00:00.000Z
1787419800,0.242,2026-08-22T17:30:00.000Z
1787421600,0.260,2026-08-22T18:00:00.000Z
1787423400,0.210,2026-08-22T18:30:00.000Z
1787425200,0.254,2026-08-22T19:00:00.000Z
1787427000,1.158,2026-08-22T19:30:00.000Z
1787428800,0.164,2026-08-22T20:00:00.000Z
1787430600,0.146,2026-08-22T20:30:00.000Z
1787432400,0.152,2026-08-22T21:00:00.000Z
1787434200,0.765,2026-08-22T21:30:00.000Z
1787436000,0.885,2026-08-22T22:00:00.000Z
1787437800,0.874,2026-08-22T22:30:00.000Z
1787439600,0.860,2026-08-22T23:00:00.000Z
1787441400,0.842,2026-08-22T23:30:00.000Z
1787443200,0.818,2026-08-23T00:00:00.000Z
1787445000,0.818,2026-08-23T00:30:00.000Z
1787446800,0.812,2026-08-23T01:00:00.000Z
1787448600,0.793,2026-08-23T01:30:00.000Z
1787450400,0.864,2026-08-23T02:00:00.000Z
1787452200,0.759,2026-08-23T02:30:00.000Z
1787454000,0.572,2026-08-23T03:00:00.000Z
1787455800,0.602,2026-08-23T03:30:00.000Z
1787457600,0.590,2026-08-23T04:00:00.000Z
1787459400,0.625,2026-08-23T04:30:00.000Z
1787461200,0.623,2026-08-23T05:00:00.000Z
1787463000,0.610,2026-08-23T05:30:00.000Z
1787464800,0.825,2026-08-23T06:00:00.000Z
1787466600,0.565,2026-08-23T06:30:00.000Z
1787468400,0.569,2026-08-23T07:00:00.000Z
1787470200,1.270,2026-08-23T07:30:00.000Z
1787472000,1.008,2026-08-23T08:00:00.000Z
1787473800,1.556,2026-08-23T08:30:00.000Z
1787475600,1.410,2026-08-23T09:00:00.000Z
1787477400,1.546,2026-08-23T09:30:00.000Z
1787479200,0.587,2026-08-23T10:00:00.000Z
1787481000,0.613,2026-08-23T10:30:00.000Z
1787482800,0.689,2026-08-23T11:00:00.000Z
1787484600,0.620,2026-08-23T11:30:00.000Z
1787486400,0.663,2026-08-23T12:00:00.000Z
1787488200,0.667,2026-08-23T12:30:00.000Z
1787490000,0.636,2026-08-23T13:00:00.000Z
1787491800,0.702,2026-08-23T13:30:00.000Z
1787493600,0.760,2026-08-23T14:00:00.000Z
1787495400,0.654,2026-08-23T14:30:00.000Z
1787497200,0.521,2026-08-23T15:00:00.000Z
1787499000,0.589,2026-08-23T15:30:00.000Z
1787500800,0.792,2026-08-23T16:00:00.000Z
1787502600,0.697,2026-08-23T16:30:00.000Z
1787504400,0.863,2026-08-23T17:00:00.000Z
1787506200,0.855,2026-08-23T17:30:00.000Z
1787508000,0.725,2026-08-23T18:00:00.000Z
1787509800,1.214,2026-08-23T18:30:00.000Z
1787511600,0.836,2026-08-23T19:00:00.000Z
1787513400,1.080,2026-08-23T19:30:00.000Z
1787515200,0.661,2026-08-23T20:00:00.000Z
1787517000,0.650,2026-08-23T20:30:00.000Z
1787518800,0.648,2026-08-23T21:00:00.000Z
1787520600,0.509,2026-08-23T21:30:00.000Z
1787522400,0.233,2026-08-23T22:00:00.000Z
1787524200,0.233,2026-08-23T22:30:00.000Z
1787526000,0.169,2026-08-23T23:00:00.000Z
1787527800,0.156,2026-08-23T23:30:00.000Z
1787529600,0.146,2026-08-24T00:00:00.000Z
1787531400,0.155,2026-08-24T00:30:00.000Z
1787533200,0.166,2026-08-24T01:00:00.000Z
1787535000,0.196,2026-08-24T01:30:00.000Z
1787536800,0.147,2026-08-24T02:00:00.000Z
1787538600,0.160,2026-08-24T02:30:00.000Z
1787540400,0.139,2026-08-24T03:00:00.000Z
1787542200,0.127,2026-08-24T03:30:00.000Z
1787544000,0.132,2026-08-24T04:00:00.000Z
1787545800,0.302,2026-08-24T04:30:00.000Z
1787547600,0.385,2026-08-24T05:00:00.000Z
1787549400,0.766,2026-08-24T05:30:00.000Z
1787551200,1.440,2026-08-24T06:00:00.000Z
1787553000,1.970,2026-08-24T06:30:00.000Z
1787554800,2.344,2026-08-24T07:00:00.000Z
1787556600,1.136,2026-08-24T07:30:00.000Z
1787558400,0.201,2026-08-24T08:00:00.000Z
1787560200,0.242,2026-08-24T08:30:00.000Z
1787562000,0.229,2026-08-24T09:00:00.000Z
1787563800,0.246,2026-08-24T09:30:00.000Z
1787565600,0.172,2026-08-24T10:00:00.000Z
1787567400,0.177,2026-08-24T10:30:00.000Z
1787569200,0.162,2026-08-24T11:00:00.000Z
1787571000,0.221,2026-08-24T11:30:00.000Z
1787572800,0.197,2026-08-24T12:00:00.000Z
1787574600,0.165,2026-08-24T12:30:00.000Z
1787576400,0.219,2026-08-24T13:00:00.000Z
1787578200,0.218,2026-08-24T13:30:00.000Z
1787580000,0.250,2026-08-24T14:00:00.000Z
1787581800,0.208,2026-08-24T14:30:00.000Z
1787583600,0.253,2026-08-24T15:00:00.000Z
1787585400,0.233,2026-08-24T15:30:00.000Z
1787587200,1.941,2026-08-24T16:00:00.000Z
1787589000,0.892,2026-08-24T16:30:00.000Z
1787590800,0.976,2026-08-24T17:00:00.000Z
1787592600,1.224,2026-08-24T17:30:00.000Z
1787594400,1.326,2026-08-24T18:00:00.000Z
1787596200,0.980,2026-08-24T18:30:00.000Z
1787598000,0.905,2026-08-24T19:00:00.000Z
1787599800,0.893,2026-08-24T19:30:00.000Z
1787601600,0.880,2026-08-24T20:00:00.000Z
1787603400,0.843,2026-08-24T20:30:00.000Z
1787605200,0.888,2026-08-24T21:00:00.000Z
1787607000,0.846,2026-08-24T21:30:00.000Z
1787608800,0.869,2026-08-24T22:00:00.000Z
1787610600,0.864,2026-08-24T22:30:00.000Z
1787612400,0.848,2026-08-24T23:00:00.000Z
1787614200,0.821,2026-08-24T23:30:00.000Z
1787616000,0.851,2026-08-25T00:00:00.000Z
1787617800,0.872,2026-08-25T00:30:00.000Z
1787619600,0.898,2026-08-25T01:00:00.000Z
1787621400,0.859,2026-08-25T01:30:00.000Z
1787623200,0.850,2026-08-25T02:00:00.000Z
1787625000,0.857,2026-08-25T02:30:00.000Z
1787626800,0.683,2026-08-25T03:00:00.000Z
1787628600,0.618,2026-08-25T03:30:00.000Z
1787630400,0.563,2026-08-25T04:00:00.000Z
1787632200,0.794,2026-08-25T04:30:00.000Z
1787634000,0.605,2026-08-25T05:00:00.000Z
1787635800,0.636,2026-08-25T05:30:00.000Z
1787637600,0.656,2026-08-25T06:00:00.000Z
1787639400,0.612,2026-08-25T06:30:00.000Z
1787641200,1.560,2026-08-25T07:00:00.000Z
1787643000,0.436,2026-08-25T07:30:00.000Z
1787644800,0.162,2026-08-25T08:00:00.000Z
1787646600,0.143,2026-08-25T08:30:00.000Z
1787648400,0.163,2026-08-25T09:00:00.000Z
1787650200,0.165,2026-08-25T09:30:00.000Z
1787652000,0.122,2026-08-25T10:00:00.000Z
1787653800,0.169,2026-08-25T10:30:00.000Z
1787655600,0.156,2026-08-25T11:00:00.000Z
1787657400,0.265,2026-08-25T11:30:00.000Z
1787659200,0.561,2026-08-25T12:00:00.000Z
1787661000,0.201,2026-08-25T12:30:00.000Z
1787662800,0.348,2026-08-25T13:00:00.000Z
1787664600,0.900,2026-08-25T13:30:00.000Z
1787666400,0.899,2026-08-25T14:00:00.000Z
1787668200,0.526,2026-08-25T14:30:00.000Z
1787670000,0.229,2026-08-25T15:00:00.000Z
1787671800,0.205,2026-08-25T15:30:00.000Z
1787673600,0.538,2026-08-25T16:00:00.000Z
1787675400,0.851,2026-08-25T16:30:00.000Z
1787677200,1.075,2026-08-25T17:00:00.000Z
1787679000,0.713,2026-08-25T17:30:00.000Z
1787680800,0.262,2026-08-25T18:00:00.000Z
1787682600,0.683,2026-08-25T18:30:00.000Z
1787684400,0.689,2026-08-25T19:00:00.000Z
1787686200,0.657,2026-08-25T19:30:00.000Z
1787688000,0.605,2026-08-25T20:00:00.000Z
1787689800,0.635,2026-08-25T20:30:00.000Z
1787691600,0.606,2026-08-25T21:00:00.000Z
1787693400,0.616,2026-08-25T21:30:00.000Z
1787695200,0.599,2026-08-25T22:00:00.000Z
1787697000,0.597,2026-08-25T22:30:00.000Z
1787698800,0.583,2026-08-25T23:00:00.000Z
1787700600,0.573,2026-08-25T23:30:00.000Z
1787702400,0.596,2026-08-26T00:00:00.000Z
1787704200,0.533,2026-08-26T00:30:00.000Z
1787706000,0.567,2026-08-26T01:00:00.000Z
1787707800,0.559,2026-08-26T01:30:00.000Z
1787709600,0.498,2026-08-26T02:00:00.000Z
1787711400,0.540,2026-08-26T02:30:00.000Z
1787713200,0.537,2026-08-26T03:00:00.000Z
1787715000,0.514,2026-08-26T03:30:00.000Z
1787716800,0.581,2026-08-26T04:00:00.000Z
1787718600,0.796,2026-08-26T04:30:00.000Z
1787720400,0.572,2026-08-26T05:00:00.000Z
1787722200,0.586,2026-08-26T05:30:00.000Z
1787724000,1.020,2026-08-26T06:00:00.000Z
1787725800,1.125,2026-08-26T06:30:00.000Z
1787727600,1.585,2026-08-26T07:00:00.000Z
1787729400,0.716,2026-08-26T07:30:00.000Z
1787731200,0.179,2026-08-26T08:00:00.000Z
1787733000,0.197,2026-08-26T08:30:00.000Z
1787734800,0.199,2026-08-26T09:00:00.000Z
1787736600,0.212,2026-08-26T09:30:00.000Z
1787738400,0.193,2026-08-26T10:00:00.000Z
1787740200,0.225,2026-08-26T10:30:00.000Z
1787742000,0.225,2026-08-26T11:00:00.000Z
1787743800,0.211,2026-08-26T11:30:00.000Z
1787745600,0.308,2026-08-26T12:00:00.000Z
1787747400,0.206,2026-08-26T12:30:00.000Z
1787749200,0.213,2026-08-26T13:00:00.000Z
1787751000,0.216,2026-08-26T13:30:00.000Z
1787752800,0.233,2026-08-26T14:00:00.000Z
1787754600,0.218,2026-08-26T14:30:00.000Z
1787756400,0.221,2026-08-26T15:00:00.000Z
1787758200,0.217,2026-08-26T15:30:00.000Z
1787760000,0.211,2026-08-26T16:00:00.000Z
1787761800,0.655,2026-08-26T16:30:00.000Z
1787763600,0.186,2026-08-26T17:00:00.000Z
1787765400,0.247,2026-08-26T17:30:00.000Z
1787767200,0.263,2026-08-26T18:00:00.000Z
1787769000,0.404,2026-08-26T18:30:00.000Z
1787770800,0.858,2026-08-26T19:00:00.000Z
1787772600,0.568,2026-08-26T19:30:00.000Z
1787774400,0.486,2026-08-26T20:00:00.000Z
1787776200,0.295,2026-08-26T20:30:00.000Z
1787778000,0.266,2026-08-26T21:00:00.000Z
1787779800,0.207,2026-08-26T21:30:00.000Z
1787781600,0.191,2026-08-26T22:00:00.000Z
1787783400,0.239,2026-08-26T22:30:00.000Z
1787785200,0.227,2026-08-26T23:00:00.000Z
1787787000,0.231,2026-08-26T23:30:00.000Z
1787788800,0.219,2026-08-27T00:00:00.000Z
1787790600,0.205,2026-08-27T00:30:00.000Z
1787792400,0.217,2026-08-27T01:00:00.000Z
1787794200,0.187,2026-08-27T01:30:00.000Z
1787796000,0.167,2026-08-27T02:00:00.000Z
1787797800,0.187,2026-08-27T02:30:00.000Z
1787799600,0.166,2026-08-27T03:00:00.000Z
1787801400,0.218,2026-08-27T03:30:00.000Z
1787803200,0.251,2026-08-27T04:00:00.000Z
1787805000,0.852,2026-08-27T04:30:00.000Z
1787806800,0.236,2026-08-27T05:00:00.000Z
1787808600,0.477,2026-08-27T05:30:00.000Z
1787810400,0.923,2026-08-27T06:00:00.000Z
1787812200,1.111,2026-08-27T06:30:00.000Z
1787814000,1.267,2026-08-27T07:00:00.000Z
1787815800,1.056,2026-08-27T07:30:00.000Z
1787817600,0.590,2026-08-27T08:00:00.000Z
1787819400,0.577,2026-08-27T08:30:00.000Z
1787821200,0.629,2026-08-27T09:00:00.000Z
1787823000,0.607,2026-08-27T09:30:00.000Z
1787824800,0.623,2026-08-27T10:00:00.000Z
1787826600,0.616,2026-08-27T10:30:00.000Z
1787828400,0.569,2026-08-27T11:00:00.000Z
1787830200,0.600,2026-08-27T11:30:00.000Z
1787832000,0.567,2026-08-27T12:00:00.000Z
1787833800,0.660,2026-08-27T12:30:00.000Z
1787835600,0.628,2026-08-27T13:00:00.000Z
1787837400,0.624,2026-08-27T13:30:00.000Z
1787839200,0.660,2026-08-27T14:00:00.000Z
1787841000,0.626,2026-08-27T14:30:00.000Z
1787842800,0.645,2026-08-27T15:00:00.000Z
1787844600,0.628,2026-08-27T15:30:00.000Z
1787846400,2.638,2026-08-27T16:00:00.000Z
1787848200,0.822,2026-08-27T16:30:00.000Z
1787850000,0.951,2026-08-27T17:00:00.000Z
1787851800,0.678,2026-08-27T17:30:00.000Z
1787853600,0.729,2026-08-27T18:00:00.000Z
1787855400,0.684,2026-08-27T18:30:00.000Z
1787857200,0.757,2026-08-27T19:00:00.000Z
1787859000,0.361,2026-08-27T19:30:00.000Z
1787860800,0.610,2026-08-27T20:00:00.000Z
1787862600,0.292,2026-08-27T20:30:00.000Z
1787864400,0.320,2026-08-27T21:00:00.000Z
1787866200,0.300,2026-08-27T21:30:00.000Z
1787868000,0.234,2026-08-27T22:00:00.000Z
1787869800,0.216,2026-08-27T22:30:00.000Z
1787871600,0.246,2026-08-27T23:00:00.000Z
1787873400,0.208,2026-08-27T23:30:00.000Z
1787875200,0.246,2026-08-28T00:00:00.000Z
1787877000,0.226,2026-08-28T00:30:00.000Z
1787878800,0.166,2026-08-28T01:00:00.000Z
1787880600,0.163,2026-08-28T01:30:00.000Z
1787882400,0.139,2026-08-28T02:00:00.000Z
1787884200,0.150,2026-08-28T02:30:00.000Z
1787886000,0.208,2026-08-28T03:00:00.000Z
1787887800,0.168,2026-08-28T03:30:00.000Z
1787889600,0.173,2026-08-28T04:00:00.000Z
1787891400,0.440,2026-08-28T04:30:00.000Z
1787893200,0.371,2026-08-28T05:00:00.000Z
1787895000,0.922,2026-08-28T05:30:00.000Z
1787896800,0.875,2026-08-28T06:00:00.000Z
1787898600,0.911,2026-08-28T06:30:00.000Z
1787900400,0.837,2026-08-28T07:00:00.000Z
1787902200,0.969,2026-08-28T07:30:00.000Z
1787904000,0.173,2026-08-28T08:00:00.000Z
1787905800,0.237,2026-08-28T08:30:00.000Z
1787907600,0.226,2026-08-28T09:00:00.000Z
1787909400,0.204,2026-08-28T09:30:00.000Z
1787911200,0.240,2026-08-28T10:00:00.000Z
1787913000,0.171,2026-08-28T10:30:00.000Z
1787914800,0.207,2026-08-28T11:00:00.000Z
1787916600,0.221,2026-08-28T11:30:00.000Z
1787918400,0.216,2026-08-28T12:00:00.000Z
1787920200,0.234,2026-08-28T12:30:00.000Z
1787922000,0.317,2026-08-28T13:00:00.000Z
1787923800,0.221,2026-08-28T13:30:00.000Z
1787925600,0.250,2026-08-28T14:00:00.000Z
1787927400,0.228,2026-08-28T14:30:00.000Z
1787929200,0.239,2026-08-28T15:00:00.000Z
1787931000,0.241,2026-08-28T15:30:00.000Z
1787932800,0.220,2026-08-28T16:00:00.000Z
1787934600,0.256,2026-08-28T16:30:00.000Z
1787936400,1.651,2026-08-28T17:00:00.000Z
1787938200,0.829,2026-08-28T17:30:00.000Z
1787940000,0.589,2026-08-28T18:00:00.000Z
1787941800,0.438,2026-08-28T18:30:00.000Z
1787943600,0.271,2026-08-28T19:00:00.000Z
1787945400,0.225,2026-08-28T19:30:00.000Z
1787947200,0.224,2026-08-28T20:00:00.000Z
1787949000,0.227,2026-08-28T20:30:00.000Z
1787950800,0.231,2026-08-28T21:00:00.000Z
1787952600,0.270,2026-08-28T21:30:00.000Z
1787954400,0.222,2026-08-28T22:00:00.000Z
1787956200,0.270,2026-08-28T22:30:00.000Z
1787958000,0.272,2026-08-28T23:00:00.000Z
1787959800,0.227,2026-08-28T23:30:00.000Z
1787961600,0.323,2026-08-29T00:00:00.000Z
1787963400,0.595,2026-08-29T00:30:00.000Z
1787965200,0.645,2026-08-29T01:00:00.000Z
1787967000,0.642,2026-08-29T01:30:00.000Z
1787968800,0.651,2026-08-29T02:00:00.000Z
1787970600,0.650,2026-08-29T02:30:00.000Z
1787972400,0.591,2026-08-29T03:00:00.000Z
1787974200,0.562,2026-08-29T03:30:00.000Z
1787976000,0.574,2026-08-29T04:00:00.000Z
1787977800,0.537,2026-08-29T04:30:00.000Z
1787979600,0.533,2026-08-29T05:00:00.000Z
1787981400,0.565,2026-08-29T05:30:00.000Z
1787983200,0.566,2026-08-29T06:00:00.000Z
1787985000,0.567,2026-08-29T06:30:00.000Z
1787986800,1.018,2026-08-29T07:00:00.000Z
1787988600,0.630,2026-08-29T07:30:00.000Z
1787990400,0.485,2026-08-29T08:00:00.000Z
1787992200,0.629,2026-08-29T08:30:00.000Z
1787994000,1.348,2026-08-29T09:00:00.000Z
1787995800,0.858,2026-08-29T09:30:00.000Z
1787997600,0.329,2026-08-29T10:00:00.000Z
1787999400,1.043,2026-08-29T10:30:00.000Z
1788001200,1.375,2026-08-29T11:00:00.000Z
1788003000,1.039,2026-08-29T11:30:00.000Z
1788004800,0.570,2026-08-29T12:00:00.000Z
1788006600,0.650,2026-08-29T12:30:00.000Z
1788008400,0.785,2026-08-29T13:00:00.000Z
1788010200,0.831,2026-08-29T13:30:00.000Z
1788012000,0.606,2026-08-29T14:00:00.000Z
1788013800,0.956,2026-08-29T14:30:00.000Z
1788015600,1.046,2026-08-29T15:00:00.000Z
1788017400,0.648,2026-08-29T15:30:00.000Z
1788019200,1.162,2026-08-29T16:00:00.000Z
1788021000,0.836,2026-08-29T16:30:00.000Z
1788022800,0.834,2026-08-29T17:00:00.000Z
1788024600,1.699,2026-08-29T17:30:00.000Z
1788026400,0.426,2026-08-29T18:00:00.000Z
1788028200,0.481,2026-08-29T18:30:00.000Z
1788030000,0.863,2026-08-29T19:00:00.000Z
1788031800,0.822,2026-08-29T19:30:00.000Z
1788033600,0.871,2026-08-29T20:00:00.000Z
1788035400,0.773,2026-08-29T20:30:00.000Z
1788037200,0.746,2026-08-29T21:00:00.000Z
1788039000,0.736,2026-08-29T21:30:00.000Z
1788040800,0.685,2026-08-29T22:00:00.000Z
1788042600,0.719,2026-08-29T22:30:00.000Z
1788044400,0.714,2026-08-29T23:00:00.000Z
1788046200,0.754,2026-08-29T23:30:00.000Z
1788048000,0.806,2026-08-30T00:00:00.000Z
1788049800,0.745,2026-08-30T00:30:00.000Z
1788051600,0.685,2026-08-30T01:00:00.000Z
1788053400,0.664,2026-08-30T01:30:00.000Z
1788055200,0.567,2026-08-30T02:00:00.000Z
1788057000,0.588,2026-08-30T02:30:00.000Z
1788058800,0.608,2026-08-30T03:00:00.000Z
1788060600,0.609,2026-08-30T03:30:00.000Z
1788062400,0.623,2026-08-30T04:00:00.000Z
1788064200,0.643,2026-08-30T04:30:00.000Z
1788066000,0.644,2026-08-30T05:00:00.000Z
1788067800,0.660,2026-08-30T05:30:00.000Z
1788069600,0.945,2026-08-30T06:00:00.000Z
1788071400,0.737,2026-08-30T06:30:00.000Z
1788073200,0.894,2026-08-30T07:00:00.000Z
1788075000,0.870,2026-08-30T07:30:00.000Z
1788076800,0.965,2026-08-30T08:00:00.000Z
1788078600,1.287,2026-08-30T08:30:00.000Z
1788080400,0.943,2026-08-30T09:00:00.000Z
1788082200,0.920,2026-08-30T09:30:00.000Z
1788084000,0.905,2026-08-30T10:00:00.000Z
1788085800,0.928,2026-08-30T10:30:00.000Z
1788087600,1.323,2026-08-30T11:00:00.000Z
1788089400,1.141,2026-08-30T11:30:00.000Z
1788091200,1.446,2026-08-30T12:00:00.000Z
1788093000,1.268,2026-08-30T12:30:00.000Z
1788094800,0.422,2026-08-30T13:00:00.000Z
1788096600,0.748,2026-08-30T13:30:00.000Z
1788098400,0.309,2026-08-30T14:00:00.000Z
1788100200,0.323,2026-08-30T14:30:00.000Z
1788102000,0.428,2026-08-30T15:00:00.000Z
1788103800,0.533,2026-08-30T15:30:00.000Z
1788105600,0.643,2026-08-30T16:00:00.000Z
1788107400,0.846,2026-08-30T16:30:00.000Z
1788109200,0.321,2026-08-30T17:00:00.000Z
1788111000,0.295,2026-08-30T17:30:00.000Z
1788112800,0.314,2026-08-30T18:00:00.000Z
1788114600,0.287,2026-08-30T18:30:00.000Z
1788116400,0.253,2026-08-30T19:00:00.000Z
1788118200,0.271,2026-08-30T19:30:00.000Z
1788120000,0.234,2026-08-30T20:00:00.000Z
1788121800,0.232,2026-08-30T20:30:00.000Z
1788123600,0.319,2026-08-30T21:00:00.000Z
1788125400,0.263,2026-08-30T21:30:00.000Z
1788127200,0.225,2026-08-30T22:00:00.000Z
1788129000,0.233,2026-08-30T22:30:00.000Z
1788130800,0.198,2026-08-30T23:00:00.000Z
1788132600,0.182,2026-08-30T23:30:00.000Z
1788134400,0.167,2026-08-31T00:00:00.000Z
1788136200,0.110,2026-08-31T00:30:00.000Z
1788138000,0.116,2026-08-31T01:00:00.000Z
1788139800,0.160,2026-08-31T01:30:00.000Z
1788141600,0.170,2026-08-31T02:00:00.000Z
1788143400,0.174,2026-08-31T02:30:00.000Z
1788145200,0.182,2026-08-31T03:00:00.000Z
1788147000,0.191,2026-08-31T03:30:00.000Z
1788148800,0.184,2026-08-31T04:00:00.000Z
1788150600,0.494,2026-08-31T04:30:00.000Z
1788152400,0.581,2026-08-31T05:00:00.000Z
1788154200,0.730,2026-08-31T05:30:00.000Z
1788156000,1.338,2026-08-31T06:00:00.000Z
1788157800,1.335,2026-08-31T06:30:00.000Z
1788159600,1.341,2026-08-31T07:00:00.000Z
1788161400,1.038,2026-08-31T07:30:00.000Z
1788163200,0.459,2026-08-31T08:00:00.000Z
1788165000,0.510,2026-08-31T08:30:00.000Z
1788166800,0.225,2026-08-31T09:00:00.000Z
1788168600,0.204,2026-08-31T09:30:00.000Z
1788170400,0.163,2026-08-31T10:00:00.000Z
1788172200,0.185,2026-08-31T10:30:00.000Z
1788174000,0.174,2026-08-31T11:00:00.000Z
1788175800,0.176,2026-08-31T11:30:00.000Z
1788177600,0.218,2026-08-31T12:00:00.000Z
1788179400,0.194,2026-08-31T12:30:00.000Z
1788181200,0.168,2026-08-31T13:00:00.000Z
1788183000,0.343,2026-08-31T13:30:00.000Z
1788184800,0.211,2026-08-31T14:00:00.000Z
1788186600,0.254,2026-08-31T14:30:00.000Z
1788188400,1.158,2026-08-31T15:00:00.000Z
1788190200,0.249,2026-08-31T15:30:00.000Z
1788192000,0.317,2026-08-31T16:00:00.000Z
1788193800,0.320,2026-08-31T16:30:00.000Z
1788195600,0.450,2026-08-31T17:00:00.000Z
1788197400,0.330,2026-08-31T17:30:00.000Z
1788199200,0.386,2026-08-31T18:00:00.000Z
1788201000,0.346,2026-08-31T18:30:00.000Z
1788202800,0.272,2026-08-31T19:00:00.000Z
1788204600,0.456,2026-08-31T19:30:00.000Z
1788206400,0.644,2026-08-31T20:00:00.000Z
1788208200,0.662,2026-08-31T20:30:00.000Z
1788210000,0.684,2026-08-31T21:00:00.000Z
1788211800,0.655,2026-08-31T21:30:00.000Z
1788213600,0.652,2026-08-31T22:00:00.000Z
1788215400,0.682,2026-08-31T22:30:00.000Z
1788217200,0.648,2026-08-31T23:00:00.000Z
1788219000,0.601,2026-08-31T23:30:00.000Z
1788220800,0.614,2026-09-01T00:00:00.000Z
1788222600,0.575,2026-09-01T00:30:00.000Z
1788224400,0.605,2026-09-01T01:00:00.000Z
1788226200,0.665,2026-09-01T01:30:00.000Z
1788228000,0.623,2026-09-01T02:00:00.000Z
1788229800,0.608,2026-09-01T02:30:00.000Z
1788231600,0.636,2026-09-01T03:00:00.000Z
1788233400,0.593,2026-09-01T03:30:00.000Z
1788235200,0.543,2026-09-01T04:00:00.000Z
1788237000,0.779,2026-09-01T04:30:00.000Z
1788238800,0.566,2026-09-01T05:00:00.000Z
1788240600,0.546,2026-09-01T05:30:00.000Z
1788242400,0.712,2026-09-01T06:00:00.000Z
1788244200,0.864,2026-09-01T06:30:00.000Z
1788246000,1.625,2026-09-01T07:00:00.000Z
1788247800,0.644,2026-09-01T07:30:00.000Z
1788249600,0.154,2026-09-01T08:00:00.000Z
1788251400,0.136,2026-09-01T08:30:00.000Z
1788253200,0.144,2026-09-01T09:00:00.000Z
1788255000,0.212,2026-09-01T09:30:00.000Z
1788256800,0.184,2026-09-01T10:00:00.000Z
1788258600,0.186,2026-09-01T10:30:00.000Z
1788260400,0.257,2026-09-01T11:00:00.000Z
1788262200,0.228,2026-09-01T11:30:00.000Z
1788264000,0.277,2026-09-01T12:00:00.000Z
1788265800,0.243,2026-09-01T12:30:00.000Z
1788267600,0.208,2026-09-01T13:00:00.000Z
1788269400,0.259,2026-09-01T13:30:00.000Z
1788271200,0.182,2026-09-01T14:00:00.000Z
1788273000,0.165,2026-09-01T14:30:00.000Z
1788274800,0.224,2026-09-01T15:00:00.000Z
1788276600,0.220,2026-09-01T15:30:00.000Z
1788278400,0.459,2026-09-01T16:00:00.000Z
1788280200,2.548,2026-09-01T16:30:00.000Z
1788282000,0.666,2026-09-01T17:00:00.000Z
1788283800,0.657,2026-09-01T17:30:00.000Z
1788285600,0.728,2026-09-01T18:00:00.000Z
1788287400,0.938,2026-09-01T18:30:00.000Z
1788289200,0.774,2026-09-01T19:00:00.000Z
1788291000,0.684,2026-09-01T19:30:00.000Z
1788292800,0.698,2026-09-01T20:00:00.000Z
1788294600,0.988,2026-09-01T20:30:00.000Z
1788296400,0.914,2026-09-01T21:00:00.000Z
1788298200,0.643,2026-09-01T21:30:00.000Z
1788300000,1.046,2026-09-01T22:00:00.000Z
1788301800,0.274,2026-09-01T22:30:00.000Z
1788303600,0.211,2026-09-01T23:00:00.000Z
1788305400,0.214,2026-09-01T23:30:00.000Z
1788307200,0.192,2026-09-02T00:00:00.000Z
1788309000,0.246,2026-09-02T00:30:00.000Z
1788310800,0.252,2026-09-02T01:00:00.000Z
1788312600,0.241,2026-09-02T01:30:00.000Z
1788314400,0.262,2026-09-02T02:00:00.000Z
1788316200,0.208,2026-09-02T02:30:00.000Z
1788318000,0.206,2026-09-02T03:00:00.000Z
1788319800,0.152,2026-09-02T03:30:00.000Z
1788321600,0.126,2026-09-02T04:00:00.000Z
1788323400,0.409,2026-09-02T04:30:00.000Z
1788325200,0.195,2026-09-02T05:00:00.000Z
1788327000,0.159,2026-09-02T05:30:00.000Z
1788328800,0.400,2026-09-02T06:00:00.000Z
1788330600,0.939,2026-09-02T06:30:00.000Z
1788332400,1.451,2026-09-02T07:00:00.000Z
1788334200,0.688,2026-09-02T07:30:00.000Z
1788336000,0.546,2026-09-02T08:00:00.000Z
1788337800,0.579,2026-09-02T08:30:00.000Z
1788339600,0.623,2026-09-02T09:00:00.000Z
1788341400,0.613,2026-09-02T09:30:00.000Z
1788343200,0.665,2026-09-02T10:00:00.000Z
1788345000,0.636,2026-09-02T10:30:00.000Z
1788346800,0.586,2026-09-02T11:00:00.000Z
1788348600,0.606,2026-09-02T11:30:00.000Z
1788350400,0.656,2026-09-02T12:00:00.000Z
1788352200,0.609,2026-09-02T12:30:00.000Z
1788354000,0.589,2026-09-02T13:00:00.000Z
1788355800,0.657,2026-09-02T13:30:00.000Z
1788357600,0.577,2026-09-02T14:00:00.000Z
1788359400,0.594,2026-09-02T14:30:00.000Z
1788361200,0.616,2026-09-02T15:00:00.000Z
1788363000,0.589,2026-09-02T15:30:00.000Z
1788364800,3.174,2026-09-02T16:00:00.000Z
1788366600,1.449,2026-09-02T16:30:00.000Z
1788368400,1.157,2026-09-02T17:00:00.000Z
1788370200,1.467,2026-09-02T17:30:00.000Z
1788372000,0.781,2026-09-02T18:00:00.000Z
1788373800,0.962,2026-09-02T18:30:00.000Z
1788375600,0.702,2026-09-02T19:00:00.000Z
1788377400,0.747,2026-09-02T19:30:00.000Z
1788379200,0.670,2026-09-02T20:00:00.000Z
1788381000,0.706,2026-09-02T20:30:00.000Z
1788382800,0.699,2026-09-02T21:00:00.000Z
1788384600,0.613,2026-09-02T21:30:00.000Z
1788386400,0.221,2026-09-02T22:00:00.000Z
1788388200,0.166,2026-09-02T22:30:00.000Z
1788390000,0.187,2026-09-02T23:00:00.000Z
1788391800,0.200,2026-09-02T23:30:00.000Z
1788393600,0.158,2026-09-03T00:00:00.000Z
1788395400,0.182,2026-09-03T00:30:00.000Z
1788397200,0.197,2026-09-03T01:00:00.000Z
1788399000,0.150,2026-09-03T01:30:00.000Z
1788400800,0.174,2026-09-03T02:00:00.000Z
1788402600,0.216,2026-09-03T02:30:00.000Z
1788404400,0.190,2026-09-03T03:00:00.000Z
1788406200,0.174,2026-09-03T03:30:00.000Z
1788408000,0.187,2026-09-03T04:00:00.000Z
1788409800,0.326,2026-09-03T04:30:00.000Z
1788411600,0.237,2026-09-03T05:00:00.000Z
1788413400,0.323,2026-09-03T05:30:00.000Z
1788415200,0.674,2026-09-03T06:00:00.000Z
1788417000,0.937,2026-09-03T06:30:00.000Z
1788418800,1.630,2026-09-03T07:00:00.000Z
1788420600,0.473,2026-09-03T07:30:00.000Z
1788422400,0.197,2026-09-03T08:00:00.000Z
1788424200,0.155,2026-09-03T08:30:00.000Z
1788426000,0.134,2026-09-03T09:00:00.000Z
1788427800,0.150,2026-09-03T09:30:00.000Z
1788429600,0.184,2026-09-03T10:00:00.000Z
1788431400,0.204,2026-09-03T10:30:00.000Z
1788433200,0.251,2026-09-03T11:00:00.000Z
1788435000,0.614,2026-09-03T11:30:00.000Z
1788436800,0.234,2026-09-03T12:00:00.000Z
1788438600,0.140,2026-09-03T12:30:00.000Z
1788440400,0.724,2026-09-03T13:00:00.000Z
1788442200,0.843,2026-09-03T13:30:00.000Z
1788444000,0.239,2026-09-03T14:00:00.000Z
1788445800,0.233,2026-09-03T14:30:00.000Z
1788447600,0.285,2026-09-03T15:00:00.000Z
1788449400,0.289,2026-09-03T15:30:00.000Z
1788451200,1.878,2026-09-03T16:00:00.000Z
1788453000,0.784,2026-09-03T16:30:00.000Z
1788454800,0.661,2026-09-03T17:00:00.000Z
1788456600,0.452,2026-09-03T17:30:00.000Z
1788458400,0.313,2026-09-03T18:00:00.000Z
1788460200,0.349,2026-09-03T18:30:00.000Z
1788462000,0.362,2026-09-03T19:00:00.000Z
1788463800,0.354,2026-09-03T19:30:00.000Z
1788465600,1.153,2026-09-03T20:00:00.000Z
1788467400,0.888,2026-09-03T20:30:00.000Z
1788469200,0.289,2026-09-03T21:00:00.000Z
1788471000,0.260,2026-09-03T21:30:00.000Z
1788472800,0.249,2026-09-03T22:00:00.000Z
1788474600,0.262,2026-09-03T22:30:00.000Z
1788476400,0.237,2026-09-03T23:00:00.000Z
1788478200,0.249,2026-09-03T23:30:00.000Z
1788480000,0.217,2026-09-04T00:00:00.000Z
1788481800,0.160,2026-09-04T00:30:00.000Z
1788483600,0.178,2026-09-04T01:00:00.000Z
1788485400,0.157,2026-09-04T01:30:00.000Z
1788487200,0.133,2026-09-04T02:00:00.000Z
1788489000,0.146,2026-09-04T02:30:00.000Z
1788490800,0.150,2026-09-04T03:00:00.000Z
1788492600,0.435,2026-09-04T03:30:00.000Z
1788494400,0.592,2026-09-04T04:00:00.000Z
1788496200,0.709,2026-09-04T04:30:00.000Z
1788498000,0.602,2026-09-04T05:00:00.000Z
1788499800,0.568,2026-09-04T05:30:00.000Z
1788501600,0.585,2026-09-04T06:00:00.000Z
1788503400,0.728,2026-09-04T06:30:00.000Z
1788505200,1.253,2026-09-04T07:00:00.000Z
1788507000,0.348,2026-09-04T07:30:00.000Z
1788508800,0.229,2026-09-04T08:00:00.000Z
1788510600,0.186,2026-09-04T08:30:00.000Z
1788512400,0.258,2026-09-04T09:00:00.000Z
1788514200,0.206,2026-09-04T09:30:00.000Z
1788516000,0.232,2026-09-04T10:00:00.000Z
1788517800,0.235,2026-09-04T10:30:00.000Z
1788519600,0.224,2026-09-04T11:00:00.000Z
1788521400,0.253,2026-09-04T11:30:00.000Z
1788523200,0.188,2026-09-04T12:00:00.000Z
1788525000,0.282,2026-09-04T12:30:00.000Z
1788526800,0.365,2026-09-04T13:00:00.000Z
1788528600,0.245,2026-09-04T13:30:00.000Z
1788530400,0.254,2026-09-04T14:00:00.000Z
1788532200,0.232,2026-09-04T14:30:00.000Z
1788534000,0.258,2026-09-04T15:00:00.000Z
1788535800,1.125,2026-09-04T15:30:00.000Z
1788537600,0.763,2026-09-04T16:00:00.000Z
1788539400,1.372,2026-09-04T16:30:00.000Z
1788541200,0.716,2026-09-04T17:00:00.000Z
1788543000,1.297,2026-09-04T17:30:00.000Z
1788544800,1.014,2026-09-04T18:00:00.000Z
1788546600,1.284,2026-09-04T18:30:00.000Z
1788548400,0.460,2026-09-04T19:00:00.000Z
1788550200,0.695,2026-09-04T19:30:00.000Z
1788552000,0.314,2026-09-04T20:00:00.000Z
1788553800,0.246,2026-09-04T20:30:00.000Z
1788555600,0.636,2026-09-04T21:00:00.000Z
1788557400,0.624,2026-09-04T21:30:00.000Z
1788559200,0.625,2026-09-04T22:00:00.000Z
1788561000,0.643,2026-09-04T22:30:00.000Z
1788562800,0.573,2026-09-04T23:00:00.000Z
1788564600,0.589,2026-09-04T23:30:00.000Z
1788566400,0.550,2026-09-05T00:00:00.000Z
1788568200,0.567,2026-09-05T00:30:00.000Z
1788570000,0.525,2026-09-05T01:00:00.000Z
1788571800,0.555,2026-09-05T01:30:00.000Z
1788573600,0.321,2026-09-05T02:00:00.000Z
1788575400,0.139,2026-09-05T02:30:00.000Z
1788577200,0.192,2026-09-05T03:00:00.000Z
1788579000,0.168,2026-09-05T03:30:00.000Z
1788580800,0.152,2026-09-05T04:00:00.000Z
1788582600,0.180,2026-09-05T04:30:00.000Z
1788584400,0.148,2026-09-05T05:00:00.000Z
1788586200,0.184,2026-09-05T05:30:00.000Z
1788588000,0.666,2026-09-05T06:00:00.000Z
1788589800,0.910,2026-09-05T06:30:00.000Z
1788591600,1.236,2026-09-05T07:00:00.000Z
1788593400,0.734,2026-09-05T07:30:00.000Z
1788595200,0.420,2026-09-05T08:00:00.000Z
1788597000,0.216,2026-09-05T08:30:00.000Z
1788598800,0.180,2026-09-05T09:00:00.000Z
1788600600,0.192,2026-09-05T09:30:00.000Z
1788602400,0.636,2026-09-05T10:00:00.000Z
1788604200,0.438,2026-09-05T10:30:00.000Z
1788606000,0.587,2026-09-05T11:00:00.000Z
1788607800,0.162,2026-09-05T11:30:00.000Z
1788609600,0.137,2026-09-05T12:00:00.000Z
1788611400,0.179,2026-09-05T12:30:00.000Z
1788613200,0.191,2026-09-05T13:00:00.000Z
1788615000,0.191,2026-09-05T13:30:00.000Z
1788616800,0.193,2026-09-05T14:00:00.000Z
1788618600,0.141,2026-09-05T14:30:00.000Z
1788620400,0.193,2026-09-05T15:00:00.000Z
1788622200,0.365,2026-09-05T15:30:00.000Z
1788624000,0.437,2026-09-05T16:00:00.000Z
1788625800,0.217,2026-09-05T16:30:00.000Z
1788627600,0.474,2026-09-05T17:00:00.000Z
1788629400,0.579,2026-09-05T17:30:00.000Z
1788631200,0.331,2026-09-05T18:00:00.000Z
1788633000,0.503,2026-09-05T18:30:00.000Z
1788634800,0.671,2026-09-05T19:00:00.000Z
1788636600,1.853,2026-09-05T19:30:00.000Z
1788638400,0.678,2026-09-05T20:00:00.000Z
1788640200,0.574,2026-09-05T20:30:00.000Z
1788642000,0.585,2026-09-05T21:00:00.000Z
1788643800,0.553,2026-09-05T21:30:00.000Z
1788645600,0.551,2026-09-05T22:00:00.000Z
1788647400,0.633,2026-09-05T22:30:00.000Z
1788649200,0.606,2026-09-05T23:00:00.000Z
1788651000,0.622,2026-09-05T23:30:00.000Z
1788652800,0.611,2026-09-06T00:00:00.000Z
1788654600,0.605,2026-09-06T00:30:00.000Z
1788656400,0.616,2026-09-06T01:00:00.000Z
1788658200,0.534,2026-09-06T01:30:00.000Z
1788660000,0.562,2026-09-06T02:00:00.000Z
1788661800,0.610,2026-09-06T02:30:00.000Z
1788663600,0.536,2026-09-06T03:00:00.000Z
1788665400,0.609,2026-09-06T03:30:00.000Z
1788667200,0.629,2026-09-06T04:00:00.000Z
1788669000,0.591,2026-09-06T04:30:00.000Z
1788670800,0.609,2026-09-06T05:00:00.000Z
1788672600,0.193,2026-09-06T05:30:00.000Z
1788674400,0.118,2026-09-06T06:00:00.000Z
1788676200,0.212,2026-09-06T06:30:00.000Z
1788678000,0.798,2026-09-06T07:00:00.000Z
1788679800,0.205,2026-09-06T07:30:00.000Z
1788681600,0.714,2026-09-06T08:00:00.000Z
1788683400,0.335,2026-09-06T08:30:00.000Z
1788685200,0.649,2026-09-06T09:00:00.000Z
1788687000,0.323,2026-09-06T09:30:00.000Z
1788688800,0.838,2026-09-06T10:00:00.000Z
1788690600,0.879,2026-09-06T10:30:00.000Z
1788692400,1.002,2026-09-06T11:00:00.000Z
1788694200,0.642,2026-09-06T11:30:00.000Z
1788696000,0.603,2026-09-06T12:00:00.000Z
1788697800,0.605,2026-09-06T12:30:00.000Z
1788699600,0.632,2026-09-06T13:00:00.000Z
1788701400,0.679,2026-09-06T13:30:00.000Z
1788703200,0.650,2026-09-06T14:00:00.000Z
1788705000,0.691,2026-09-06T14:30:00.000Z
1788706800,0.475,2026-09-06T15:00:00.000Z
1788708600,0.288,2026-09-06T15:30:00.000Z
1788710400,0.352,2026-09-06T16:00:00.000Z
1788712200,0.355,2026-09-06T16:30:00.000Z
1788714000,0.758,2026-09-06T17:00:00.000Z
1788715800,1.513,2026-09-06T17:30:00.000Z
1788717600,0.263,2026-09-06T18:00:00.000Z
1788719400,0.326,2026-09-06T18:30:00.000Z
1788721200,0.284,2026-09-06T19:00:00.000Z
1788723000,0.308,2026-09-06T19:30:00.000Z
1788724800,0.298,2026-09-06T20:00:00.000Z
1788726600,0.281,2026-09-06T20:30:00.000Z
1788728400,0.239,2026-09-06T21:00:00.000Z
1788730200,0.209,2026-09-06T21:30:00.000Z
1788732000,0.172,2026-09-06T22:00:00.000Z
1788733800,0.203,2026-09-06T22:30:00.000Z
1788735600,0.210,2026-09-06T23:00:00.000Z
1788737400,0.186,2026-09-06T23:30:00.000Z
1788739200,0.241,2026-09-07T00:00:00.000Z
1788741000,0.222,2026-09-07T00:30:00.000Z
1788742800,0.207,2026-09-07T01:00:00.000Z
1788744600,0.198,2026-09-07T01:30:00.000Z
1788746400,0.163,2026-09-07T02:00:00.000Z
1788748200,0.197,2026-09-07T02:30:00.000Z
1788750000,0.156,2026-09-07T03:00:00.000Z
1788751800,0.203,2026-09-07T03:30:00.000Z
1788753600,0.216,2026-09-07T04:00:00.000Z
1788755400,0.657,2026-09-07T04:30:00.000Z
1788757200,0.499,2026-09-07T05:00:00.000Z
1788759000,0.566,2026-09-07T05:30:00.000Z
1788760800,0.621,2026-09-07T06:00:00.000Z
1788762600,0.348,2026-09-07T06:30:00.000Z
1788764400,0.545,2026-09-07T07:00:00.000Z
1788766200,0.475,2026-09-07T07:30:00.000Z
1788768000,0.195,2026-09-07T08:00:00.000Z
1788769800,0.227,2026-09-07T08:30:00.000Z
1788771600,0.208,2026-09-07T09:00:00.000Z
1788773400,0.291,2026-09-07T09:30:00.000Z
1788775200,0.304,2026-09-07T10:00:00.000Z
1788777000,0.190,2026-09-07T10:30:00.000Z
1788778800,0.236,2026-09-07T11:00:00.000Z
1788780600,0.183,2026-09-07T11:30:00.000Z
1788782400,0.169,2026-09-07T12:00:00.000Z
1788784200,0.249,2026-09-07T12:30:00.000Z
1788786000,0.206,2026-09-07T13:00:00.000Z
1788787800,0.264,2026-09-07T13:30:00.000Z
1788789600,0.219,2026-09-07T14:00:00.000Z
1788791400,0.250,2026-09-07T14:30:00.000Z
1788793200,0.218,2026-09-07T15:00:00.000Z
1788795000,0.414,2026-09-07T15:30:00.000Z
1788796800,2.208,2026-09-07T16:00:00.000Z
1788798600,0.425,2026-09-07T16:30:00.000Z
1788800400,0.792,2026-09-07T17:00:00.000Z
1788802200,0.416,2026-09-07T17:30:00.000Z
1788804000,0.697,2026-09-07T18:00:00.000Z
1788805800,0.284,2026-09-07T18:30:00.000Z
1788807600,0.445,2026-09-07T19:00:00.000Z
1788809400,0.648,2026-09-07T19:30:00.000Z
1788811200,0.672,2026-09-07T20:00:00.000Z
1788813000,0.616,2026-09-07T20:30:00.000Z
1788814800,0.673,2026-09-07T21:00:00.000Z
1788816600,0.637,2026-09-07T21:30:00.000Z
1788818400,0.720,2026-09-07T22:00:00.000Z
1788820200,0.697,2026-09-07T22:30:00.000Z
1788822000,0.705,2026-09-07T23:00:00.000Z
1788823800,0.705,2026-09-07T23:30:00.000Z
1788825600,0.654,2026-09-08T00:00:00.000Z
1788827400,0.625,2026-09-08T00:30:00.000Z
1788829200,0.578,2026-09-08T01:00:00.000Z
1788831000,0.533,2026-09-08T01:30:00.000Z
1788832800,0.588,2026-09-08T02:00:00.000Z
1788834600,0.572,2026-09-08T02:30:00.000Z
1788836400,0.586,2026-09-08T03:00:00.000Z
1788838200,0.629,2026-09-08T03:30:00.000Z
1788840000,0.657,2026-09-08T04:00:00.000Z
1788841800,0.718,2026-09-08T04:30:00.000Z
1788843600,0.613,2026-09-08T05:00:00.000Z
1788845400,0.613,2026-09-08T05:30:00.000Z
1788847200,0.633,2026-09-08T06:00:00.000Z
1788849000,0.743,2026-09-08T06:30:00.000Z
1788850800,1.010,2026-09-08T07:00:00.000Z
1788852600,0.530,2026-09-08T07:30:00.000Z
1788854400,0.267,2026-09-08T08:00:00.000Z
1788856200,0.263,2026-09-08T08:30:00.000Z
1788858000,0.176,2026-09-08T09:00:00.000Z
1788859800,0.175,2026-09-08T09:30:00.000Z
1788861600,0.193,2026-09-08T10:00:00.000Z
1788863400,0.164,2026-09-08T10:30:00.000Z
1788865200,0.247,2026-09-08T11:00:00.000Z
1788867000,0.185,2026-09-08T11:30:00.000Z
1788868800,0.150,2026-09-08T12:00:00.000Z
1788870600,0.125,2026-09-08T12:30:00.000Z
1788872400,0.236,2026-09-08T13:00:00.000Z
1788874200,0.204,2026-09-08T13:30:00.000Z
1788876000,0.197,2026-09-08T14:00:00.000Z
1788877800,0.256,2026-09-08T14:30:00.000Z
1788879600,0.211,2026-09-08T15:00:00.000Z
1788881400,2.065,2026-09-08T15:30:00.000Z
1788883200,0.601,2026-09-08T16:00:00.000Z
1788885000,0.599,2026-09-08T16:30:00.000Z
1788886800,0.985,2026-09-08T17:00:00.000Z
1788888600,0.746,2026-09-08T17:30:00.000Z
1788890400,0.742,2026-09-08T18:00:00.000Z
1788892200,0.918,2026-09-08T18:30:00.000Z
1788894000,0.714,2026-09-08T19:00:00.000Z
1788895800,1.363,2026-09-08T19:30:00.000Z
1788897600,1.329,2026-09-08T20:00:00.000Z
1788899400,1.296,2026-09-08T20:30:00.000Z
1788901200,0.620,2026-09-08T21:00:00.000Z
1788903000,0.264,2026-09-08T21:30:00.000Z
1788904800,0.233,2026-09-08T22:00:00.000Z
1788906600,0.225,2026-09-08T22:30:00.000Z
1788908400,0.275,2026-09-08T23:00:00.000Z
1788910200,0.257,2026-09-08T23:30:00.000Z
1788912000,0.230,2026-09-09T00:00:00.000Z
1788913800,0.209,2026-09-09T00:30:00.000Z
1788915600,0.219,2026-09-09T01:00:00.000Z
1788917400,0.226,2026-09-09T01:30:00.000Z
1788919200,0.125,2026-09-09T02:00:00.000Z
1788921000,0.113,2026-09-09T02:30:00.000Z
1788922800,0.139,2026-09-09T03:00:00.000Z
1788924600,0.136,2026-09-09T03:30:00.000Z
1788926400,0.153,2026-09-09T04:00:00.000Z
1788928200,0.366,2026-09-09T04:30:00.000Z
1788930000,0.367,2026-09-09T05:00:00.000Z
1788931800,0.854,2026-09-09T05:30:00.000Z
1788933600,0.919,2026-09-09T06:00:00.000Z
1788935400,1.184,2026-09-09T06:30:00.000Z
1788937200,0.980,2026-09-09T07:00:00.000Z
1788939000,1.024,2026-09-09T07:30:00.000Z
1788940800,0.234,2026-09-09T08:00:00.000Z
1788942600,0.175,2026-09-09T08:30:00.000Z
1788944400,0.140,2026-09-09T09:00:00.000Z
1788946200,0.211,2026-09-09T09:30:00.000Z
1788948000,0.182,2026-09-09T10:00:00.000Z
1788949800,0.143,2026-09-09T10:30:00.000Z
1788951600,0.177,2026-09-09T11:00:00.000Z
1788953400,0.162,2026-09-09T11:30:00.000Z
1788955200,0.168,2026-09-09T12:00:00.000Z
1788957000,0.212,2026-09-09T12:30:00.000Z
1788958800,0.132,2026-09-09T13:00:00.000Z
1788960600,0.121,2026-09-09T13:30:00.000Z
1788962400,0.141,2026-09-09T14:00:00.000Z
1788964200,0.158,2026-09-09T14:30:00.000Z
1788966000,0.219,2026-09-09T15:00:00.000Z
1788967800,0.651,2026-09-09T15:30:00.000Z
1788969600,0.841,2026-09-09T16:00:00.000Z
1788971400,0.640,2026-09-09T16:30:00.000Z
1788973200,0.602,2026-09-09T17:00:00.000Z
1788975000,0.480,2026-09-09T17:30:00.000Z
1788976800,0.659,2026-09-09T18:00:00.000Z
1788978600,0.646,2026-09-09T18:30:00.000Z
1788980400,0.804,2026-09-09T19:00:00.000Z
1788982200,0.906,2026-09-09T19:30:00.000Z
1788984000,0.902,2026-09-09T20:00:00.000Z
1788985800,0.901,2026-09-09T20:30:00.000Z
1788987600,0.901,2026-09-09T21:00:00.000Z
1788989400,0.644,2026-09-09T21:30:00.000Z
1788991200,0.634,2026-09-09T22:00:00.000Z
1788993000,0.383,2026-09-09T22:30:00.000Z
1788994800,0.254,2026-09-09T23:00:00.000Z
1788996600,0.215,2026-09-09T23:30:00.000Z
1788998400,0.211,2026-09-10T00:00:00.000Z
1789000200,0.191,2026-09-10T00:30:00.000Z
1789002000,0.177,2026-09-10T01:00:00.000Z
1789003800,0.225,2026-09-10T01:30:00.000Z
1789005600,0.197,2026-09-10T02:00:00.000Z
1789007400,0.194,2026-09-10T02:30:00.000Z
1789009200,0.200,2026-09-10T03:00:00.000Z
1789011000,0.357,2026-09-10T03:30:00.000Z
1789012800,0.226,2026-09-10T04:00:00.000Z
1789014600,0.188,2026-09-10T04:30:00.000Z
1789016400,0.150,2026-09-10T05:00:00.000Z
1789018200,0.127,2026-09-10T05:30:00.000Z
1789020000,0.174,2026-09-10T06:00:00.000Z
1789021800,1.120,2026-09-10T06:30:00.000Z
1789023600,1.199,2026-09-10T07:00:00.000Z
1789025400,1.137,2026-09-10T07:30:00.000Z
1789027200,0.303,2026-09-10T08:00:00.000Z
1789029000,0.222,2026-09-10T08:30:00.000Z
1789030800,0.260,2026-09-10T09:00:00.000Z
1789032600,0.225,2026-09-10T09:30:00.000Z
1789034400,0.186,2026-09-10T10:00:00.000Z
1789036200,0.179,2026-09-10T10:30:00.000Z
1789038000,0.180,2026-09-10T11:00:00.000Z
1789039800,0.223,2026-09-10T11:30:00.000Z
1789041600,0.228,2026-09-10T12:00:00.000Z
1789043400,0.243,2026-09-10T12:30:00.000Z
1789045200,0.226,2026-09-10T13:00:00.000Z
1789047000,0.222,2026-09-10T13:30:00.000Z
1789048800,0.236,2026-09-10T14:00:00.000Z
1789050600,0.204,2026-09-10T14:30:00.000Z
1789052400,0.201,2026-09-10T15:00:00.000Z
1789054200,0.298,2026-09-10T15:30:00.000Z
1789056000,0.650,2026-09-10T16:00:00.000Z
1789057800,0.317,2026-09-10T16:30:00.000Z
1789059600,0.372,2026-09-10T17:00:00.000Z
1789061400,0.733,2026-09-10T17:30:00.000Z
1789063200,0.333,2026-09-10T18:00:00.000Z
1789065000,0.326,2026-09-10T18:30:00.000Z
1789066800,0.331,2026-09-10T19:00:00.000Z
1789068600,0.313,2026-09-10T19:30:00.000Z
1789070400,0.648,2026-09-10T20:00:00.000Z
1789072200,0.446,2026-09-10T20:30:00.000Z
1789074000,0.269,2026-09-10T21:00:00.000Z
1789075800,0.234,2026-09-10T21:30:00.000Z
1789077600,0.270,2026-09-10T22:00:00.000Z
1789079400,0.205,2026-09-10T22:30:00.000Z
1789081200,0.184,2026-09-10T23:00:00.000Z
1789083000,0.162,2026-09-10T23:30:00.000Z
1789084800,0.195,2026-09-11T00:00:00.000Z
1789086600,0.220,2026-09-11T00:30:00.000Z
1789088400,0.197,2026-09-11T01:00:00.000Z
1789090200,0.194,2026-09-11T01:30:00.000Z
1789092000,0.223,2026-09-11T02:00:00.000Z
1789093800,0.190,2026-09-11T02:30:00.000Z
1789095600,0.224,2026-09-11T03:00:00.000Z
1789097400,0.417,2026-09-11T03:30:00.000Z
1789099200,0.215,2026-09-11T04:00:00.000Z
1789101000,0.180,2026-09-11T04:30:00.000Z
1789102800,0.190,2026-09-11T05:00:00.000Z
1789104600,0.210,2026-09-11T05:30:00.000Z
1789106400,0.750,2026-09-11T06:00:00.000Z
1789108200,0.616,2026-09-11T06:30:00.000Z
1789110000,1.037,2026-09-11T07:00:00.000Z
1789111800,0.642,2026-09-11T07:30:00.000Z
1789113600,0.681,2026-09-11T08:00:00.000Z
1789115400,0.671,2026-09-11T08:30:00.000Z
1789117200,0.639,2026-09-11T09:00:00.000Z
1789119000,0.692,2026-09-11T09:30:00.000Z
1789120800,0.665,2026-09-11T10:00:00.000Z
1789122600,0.635,2026-09-11T10:30:00.000Z
1789124400,0.658,2026-09-11T11:00:00.000Z
1789126200,0.786,2026-09-11T11:30:00.000Z
1789128000,0.576,2026-09-11T12:00:00.000Z
1789129800,0.609,2026-09-11T12:30:00.000Z
1789131600,0.598,2026-09-11T13:00:00.000Z
1789133400,0.629,2026-09-11T13:30:00.000Z
1789135200,0.634,2026-09-11T14:00:00.000Z
1789137000,0.625,2026-09-11T14:30:00.000Z
1789138800,1.170,2026-09-11T15:00:00.000Z
1789140600,1.078,2026-09-11T15:30:00.000Z
1789142400,1.177,2026-09-11T16:00:00.000Z
1789144200,2.555,2026-09-11T16:30:00.000Z
1789146000,1.500,2026-09-11T17:00:00.000Z
1789147800,1.014,2026-09-11T17:30:00.000Z
1789149600,0.314,2026-09-11T18:00:00.000Z
1789151400,0.813,2026-09-11T18:30:00.000Z
1789153200,0.483,2026-09-11T19:00:00.000Z
1789155000,0.566,2026-09-11T19:30:00.000Z
1789156800,0.249,2026-09-11T20:00:00.000Z
1789158600,0.234,2026-09-11T20:30:00.000Z
1789160400,0.242,2026-09-11T21:00:00.000Z
1789162200,0.205,2026-09-11T21:30:00.000Z
1789164000,0.573,2026-09-11T22:00:00.000Z
1789165800,0.649,2026-09-11T22:30:00.000Z
1789167600,0.668,2026-09-11T23:00:00.000Z
1789169400,0.642,2026-09-11T23:30:00.000Z
1789171200,0.629,2026-09-12T00:00:00.000Z
1789173000,0.639,2026-09-12T00:30:00.000Z
1789174800,0.608,2026-09-12T01:00:00.000Z
1789176600,0.595,2026-09-12T01:30:00.000Z
1789178400,0.589,2026-09-12T02:00:00.000Z
1789180200,0.249,2026-09-12T02:30:00.000Z
1789182000,0.207,2026-09-12T03:00:00.000Z
1789183800,0.210,2026-09-12T03:30:00.000Z
1789185600,0.225,2026-09-12T04:00:00.000Z
1789187400,0.236,2026-09-12T04:30:00.000Z
1789189200,0.179,2026-09-12T05:00:00.000Z
1789191000,0.194,2026-09-12T05:30:00.000Z
1789192800,0.180,2026-09-12T06:00:00.000Z
1789194600,0.342,2026-09-12T06:30:00.000Z
1789196400,1.836,2026-09-12T07:00:00.000Z
1789198200,0.904,2026-09-12T07:30:00.000Z
1789200000,0.199,2026-09-12T08:00:00.000Z
1789201800,0.195,2026-09-12T08:30:00.000Z
1789203600,0.562,2026-09-12T09:00:00.000Z
1789205400,0.406,2026-09-12T09:30:00.000Z
1789207200,0.244,2026-09-12T10:00:00.000Z
1789209000,0.342,2026-09-12T10:30:00.000Z
1789210800,0.420,2026-09-12T11:00:00.000Z
1789212600,0.400,2026-09-12T11:30:00.000Z
1789214400,0.996,2026-09-12T12:00:00.000Z
1789216200,0.551,2026-09-12T12:30:00.000Z
1789218000,0.408,2026-09-12T13:00:00.000Z
1789219800,1.491,2026-09-12T13:30:00.000Z
1789221600,0.491,2026-09-12T14:00:00.000Z
1789223400,0.502,2026-09-12T14:30:00.000Z
1789225200,0.363,2026-09-12T15:00:00.000Z
1789227000,0.446,2026-09-12T15:30:00.000Z
1789228800,0.354,2026-09-12T16:00:00.000Z
1789230600,0.631,2026-09-12T16:30:00.000Z
1789232400,0.426,2026-09-12T17:00:00.000Z
1789234200,0.357,2026-09-12T17:30:00.000Z
1789236000,0.458,2026-09-12T18:00:00.000Z
1789237800,0.420,2026-09-12T18:30:00.000Z
1789239600,0.430,2026-09-12T19:00:00.000Z
1789241400,0.418,2026-09-12T19:30:00.000Z
1789243200,0.446,2026-09-12T20:00:00.000Z
1789245000,0.440,2026-09-12T20:30:00.000Z
1789246800,0.406,2026-09-12T21:00:00.000Z
1789248600,0.457,2026-09-12T21:30:00.000Z
1789250400,0.389,2026-09-12T22:00:00.000Z
1789252200,0.302,2026-09-12T22:30:00.000Z
1789254000,0.225,2026-09-12T23:00:00.000Z
1789255800,0.229,2026-09-12T23:30:00.000Z
1789257600,0.205,2026-09-13T00:00:00.000Z
1789259400,0.200,2026-09-13T00:30:00.000Z
