epoch,kWh
1773756000,0.0
1773757800,0.0
1773759600,0.0
1773761400,0.0
1773763200,0.0
1773765000,0.0
1773766800,0.0
1773768600,0.0
1773770400,0.0
1773772200,0.0
1773774000,0.0
1773775800,0.0
1773777600,0.0
1773779400,0.0
1773781200,0.0
1773783000,0.0
1773784800,0.0
1773786600,0.0
1773788400,0.0
1773790200,0.0
1773792000,0.0
1773793800,0.0
1773795600,0.0
1773797400,0.0
1773799200,0.0
1773801000,0.0
1773802800,0.0
1773804600,0.0
1773806400,0.0
1773808200,0.0
1773810000,0.0
1773811800,0.0
1773813600,0.0
1773815400,0.0
1773817200,0.0
1773819000,0.0
1773820800,0.0
1773822600,0.0
1773824400,0.0
1773826200,0.0
1773828000,0.0
1773829800,0.0
1773831600,0.0
1773833400,0.0
1773835200,0.0
1773837000,0.0
1773838800,0.0
1773840600,0.0
1773842400,0.0
1773844200,0.0
1773846000,0.0
1773847800,0.0
1773849600,0.0
1773851400,0.0
1773853200,0.0
1773855000,0.0
1773856800,0.0
1773858600,0.0
1773860400,0.0
1773862200,0.0
1773864000,0.0
1773865800,0.0
1773867600,0.0
1773869400,0.0
1773871200,0.0
1773873000,0.0
1773874800,0.0
1773876600,0.0
1773878400,0.0
1773880200,0.0
1773882000,0.0
1773883800,0.0
1773885600,0.0
1773887400,0.0
1773889200,0.0
1773891000,0.0
1773892800,0.0
1773894600,0.0
1773896400,0.0
1773898200,0.0
1773900000,0.0
1773901800,0.0
1773903600,0.0
1773905400,0.0
1773907200,0.0
1773909000,0.0
1773910800,0.0
1773912600,0.0
1773914400,0.0
1773916200,0.0
1773918000,0.0
1773919800,0.0
1773921600,0.0
1773923400,0.0
1773925200,0.0
1773927000,0.0
1773928800,0.0
1773930600,0.0
1773932400,0.0
1773934200,0.0
1773936000,0.0
1773937800,0.0
1773939600,0.0
1773941400,0.0
1773943200,0.0
1773945000,0.0
1773946800,0.0
1773948600,0.0
1773950400,0.0
1773952200,0.0
1773954000,0.0
1773955800,0.0
1773957600,0.0
1773959400,0.0
1773961200,0.0
1773963000,0.0
1773964800,0.0
1773966600,0.0
1773968400,0.0
1773970200,0.0
1773972000,0.0
1773973800,0.0
1773975600,0.0
1773977400,0.0
1773979200,0.0
1773981000,0.0
1773982800,0.0
1773984600,0.0
1773986400,0.0
1773988200,0.0
1773990000,0.0
1773991800,0.0
1773993600,0.0
1773995400,0.0
1773997200,0.0
1773999000,0.0
1774000800,0.0
1774002600,0.0
1774004400,0.0
1774006200,0.0
1774008000,0.0
1774009800,0.0
1774011600,0.0
1774013400,0.0
1774015200,0.0
1774017000,0.0
1774018800,0.0
1774020600,0.0
1774022400,0.0
1774024200,0.0
1774026000,0.0
1774027800,0.0
1774029600,0.0
1774031400,0.0
1774033200,0.0
1774035000,0.0
1774036800,0.0
1774038600,0.0
1774040400,0.0
1774042200,0.0
1774044000,0.0
1774045800,0.0
1774047600,0.0
1774049400,0.0
1774051200,0.0
1774053000,0.0
1774054800,0.0
1774056600,0.0
1774058400,0.0
1774060200,0.0
1774062000,0.0
1774063800,0.0
1774065600,0.0
1774067400,0.0
1774069200,0.0
1774071000,0.0
1774072800,0.0
1774074600,0.0
1774076400,0.0
1774078200,0.0
1774080000,0.0
1774081800,0.0
1774083600,0.0
1774085400,0.0
1774087200,0.0
1774089000,0.0
1774090800,0.0
1774092600,0.0
1774094400,0.0
1774096200,0.0
1774098000,0.0
1774099800,0.0
1774101600,0.0
1774103400,0.0
1774105200,0.0
1774107000,0.0
1774108800,0.0
1774110600,0.0
1774112400,0.0
1774114200,0.0
1774116000,0.0
1774117800,0.0
1774119600,0.0
1774121400,0.0
1774123200,0.0
1774125000,0.0
1774126800,0.0
1774128600,0.0
1774130400,0.0
1774132200,0.0
1774134000,0.0
1774135800,0.0
1774137600,0.0
1774139400,0.0
1774141200,0.0
1774143000,0.0
1774144800,0.0
1774146600,0.0
1774148400,0.0
1774150200,0.0
1774152000,0.0
1774153800,0.0
1774155600,0.0
1774157400,0.0
1774159200,0.0
1774161000,0.0
1774162800,0.0
1774164600,0.0
1774166400,0.0
1774168200,0.0
1774170000,0.0
1774171800,0.0
1774173600,0.0
1774175400,0.0
1774177200,0.0
1774179000,0.0
1774180800,0.0
1774182600,0.0
1774184400,0.0
1774186200,0.0
1774188000,0.0
1774189800,0.0
1774191600,0.0
1774193400,0.0
1774195200,0.0
1774197000,0.0
1774198800,0.0
1774200600,0.0
1774202400,0.0
1774204200,0.0
1774206000,0.0
1774207800,0.0
1774209600,0.0
1774211400,0.0
1774213200,0.0
1774215000,0.0
1774216800,0.0
1774218600,0.0
1774220400,0.0
1774222200,0.0
1774224000,0.0
1774225800,0.0
1774227600,0.0
1774229400,0.0
1774231200,0.0
1774233000,0.0
1774234800,0.0
1774236600,0.0
1774238400,0.0
1774240200,0.0
1774242000,0.0
1774243800,0.0
1774245600,0.0
1774247400,0.0
1774249200,0.0
1774251000,0.0
1774252800,0.0
1774254600,0.0
1774256400,0.0
1774258200,0.0
1774260000,0.0
1774261800,0.0
1774263600,0.0
1774265400,0.0
1774267200,0.0
1774269000,0.0
1774270800,0.0
1774272600,0.0
1774274400,0.0
1774276200,0.0
1774278000,0.0
1774279800,0.0
1774281600,0.0
1774283400,0.0
1774285200,0.0
1774287000,0.0
1774288800,0.0
1774290600,0.0
1774292400,0.0
1774294200,0.0
1774296000,0.0
1774297800,0.0
1774299600,0.0
1774301400,0.0
1774303200,0.0
1774305000,0.0
1774306800,0.0
1774308600,0.0
1774310400,0.0
1774312200,0.0
1774314000,0.0
1774315800,0.0
1774317600,0.0
1774319400,0.0
1774321200,0.0
1774323000,0.0
1774324800,0.0
1774326600,0.0
1774328400,0.0
1774330200,0.0
1774332000,0.0
1774333800,0.0
1774335600,0.0
1774337400,0.0
1774339200,0.0
1774341000,0.0
1774342800,0.0
1774344600,0.0
1774346400,0.0
1774348200,0.0
1774350000,0.0
1774351800,0.0
1774353600,0.0
1774355400,0.0
1774357200,0.0
1774359000,0.0
1774360800,0.0
1774362600,0.0
1774364400,0.0
1774366200,0.0
1774368000,0.0
1774369800,0.0
1774371600,0.0
1774373400,0.0
1774375200,0.0
1774377000,0.0
1774378800,0.0
1774380600,0.0
1774382400,0.0
1774384200,0.0
1774386000,0.0
1774387800,0.0
1774389600,0.0
1774391400,0.0
1774393200,0.0
1774395000,0.0
1774396800,0.0
1774398600,0.0
1774400400,0.0
1774402200,0.0
1774404000,0.0
1774405800,0.0
1774407600,0.0
1774409400,0.0
1774411200,0.0
1774413000,0.0
1774414800,0.0
1774416600,0.0
1774418400,0.0
1774420200,0.0
1774422000,0.0
1774423800,0.0
1774425600,0.0
1774427400,0.0
1774429200,0.0
1774431000,0.0
1774432800,0.0
1774434600,0.0
1774436400,0.0
1774438200,0.0
1774440000,0.0
1774441800,0.0
1774443600,0.0
1774445400,0.0
1774447200,0.0
1774449000,0.0
1774450800,0.0
1774452600,0.0
1774454400,0.0
1774456200,0.0
1774458000,0.0
1774459800,0.0
1774461600,0.0
1774463400,0.0
1774465200,0.0
1774467000,0.0
1774468800,0.0
1774470600,0.0
1774472400,0.0
1774474200,0.0
1774476000,0.0
1774477800,0.0
1774479600,0.0
1774481400,0.0
1774483200,0.0
1774485000,0.0
1774486800,0.0
1774488600,0.0
1774490400,0.0
1774492200,0.0
1774494000,0.0
1774495800,0.0
1774497600,0.0
1774499400,0.0
1774501200,0.0
1774503000,0.0
1774504800,0.0
1774506600,0.0
1774508400,0.0
1774510200,0.0
1774512000,0.0
1774513800,0.0
1774515600,0.0
1774517400,0.0
1774519200,0.0
1774521000,0.0
1774522800,0.0
1774524600,0.0
1774526400,0.0
1774528200,0.0
1774530000,0.0
1774531800,0.0
1774533600,0.0
1774535400,0.0
1774537200,0.0
1774539000,0.0
1774540800,0.0
1774542600,0.0
1774544400,0.0
1774546200,0.0
1774548000,0.0
1774549800,0.0
1774551600,0.0
1774553400,0.0
1774555200,0.0
1774557000,0.0
1774558800,0.0
1774560600,0.0
1774562400,0.0
1774564200,0.0
1774566000,0.0
1774567800,0.0
1774569600,0.0
1774571400,0.0
1774573200,0.0
1774575000,0.0
1774576800,0.0
1774578600,0.0
1774580400,0.0
1774582200,0.0
1774584000,0.0
1774585800,0.0
1774587600,0.0
1774589400,0.0
1774591200,0.0
1774593000,0.0
1774594800,0.0
1774596600,0.0
1774598400,0.0
1774600200,0.0
1774602000,0.0
1774603800,0.0
1774605600,0.0
1774607400,0.0
1774609200,0.0
1774611000,0.0
1774612800,0.0
1774614600,0.0
1774616400,0.0
1774618200,0.0
1774620000,0.0
1774621800,0.0
1774623600,0.0
1774625400,0.0
1774627200,0.0
1774629000,0.0
1774630800,0.0
1774632600,0.0
1774634400,0.0
1774636200,0.0
1774638000,0.0
1774639800,0.0
1774641600,0.0
1774643400,0.0
1774645200,0.0
1774647000,0.0
1774648800,0.0
1774650600,0.0
1774652400,0.0
1774654200,0.0
1774656000,0.0
1774657800,0.0
1774659600,0.0
1774661400,0.0
1774663200,0.0
1774665000,0.0
1774666800,0.0
1774668600,0.0
1774670400,0.0
1774672200,0.0
1774674000,0.0
1774675800,0.0
1774677600,0.0
1774679400,0.0
1774681200,0.0
1774683000,0.0
1774684800,0.0
1774686600,0.0
1774688400,0.0
1774690200,0.0
1774692000,0.0
1774693800,0.0
1774695600,0.0
1774697400,0.0
1774699200,0.0
1774701000,0.0
1774702800,0.0
1774704600,0.0
1774706400,0.0
1774708200,0.0
1774710000,0.0
1774711800,0.0
1774713600,0.0
1774715400,0.0
1774717200,0.0
1774719000,0.0
1774720800,0.0
1774722600,0.0
1774724400,0.0
1774726200,0.0
1774728000,0.0
1774729800,0.0
1774731600,0.0
1774733400,0.0
1774735200,0.0
1774737000,0.0
1774738800,0.0
1774740600,0.0
1774742400,0.0
1774744200,0.0
1774746000,0.0
1774747800,0.0
1774749600,0.0
1774751400,0.0
1774753200,0.0
1774755000,0.0
1774756800,0.0
1774758600,0.0
1774760400,0.0
1774762200,0.0
1774764000,0.0
1774765800,0.0
1774767600,0.0
1774769400,0.0
1774771200,0.0
1774773000,0.0
1774774800,0.0
1774776600,0.0
1774778400,0.0
1774780200,0.0
1774782000,0.0
1774783800,0.0
1774785600,0.0
1774787400,0.0
1774789200,0.0
1774791000,0.0
1774792800,0.0
1774794600,0.0
1774796400,0.0
1774798200,0.0
1774800000,0.0
1774801800,0.0
1774803600,0.0
1774805400,0.0
1774807200,0.0
1774809000,0.0
1774810800,0.0
1774812600,0.0
1774814400,0.0
1774816200,0.0
1774818000,0.0
1774819800,0.0
1774821600,0.0
1774823400,0.0
1774825200,0.0
1774827000,0.0
1774828800,0.0
1774830600,0.0
1774832400,0.0
1774834200,0.0
1774836000,0.0
1774837800,0.0
1774839600,0.0
1774841400,0.0
1774843200,0.0
1774845000,0.0
1774846800,0.0
1774848600,0.0
1774850400,0.0
1774852200,0.0
1774854000,0.0
1774855800,0.0
1774857600,0.0
1774859400,0.0
1774861200,0.0
1774863000,0.0
1774864800,0.0
1774866600,0.0
1774868400,0.0
1774870200,0.0
1774872000,0.0
1774873800,0.0
1774875600,0.0
1774877400,0.0
1774879200,0.0
1774881000,0.0
1774882800,0.0
1774884600,0.0
1774886400,0.0
1774888200,0.0
1774890000,0.0
1774891800,0.0
1774893600,0.0
1774895400,0.0
1774897200,0.0
1774899000,0.0
1774900800,0.0
1774902600,0.0
1774904400,0.0
1774906200,0.0
1774908000,0.0
1774909800,0.0
1774911600,0.0
1774913400,0.0
1774915200,0.0
1774917000,0.0
1774918800,0.0
1774920600,0.0
1774922400,0.0
1774924200,0.0
1774926000,0.0
1774927800,0.0
1774929600,0.0
1774931400,0.0
1774933200,0.0
1774935000,0.0
1774936800,0.0
1774938600,0.0
1774940400,0.0
1774942200,0.0
1774944000,0.0
1774945800,0.0
1774947600,0.0
1774949400,0.0
1774951200,0.0
1774953000,0.0
1774954800,0.0
1774956600,0.0
1774958400,0.0
1774960200,0.0
1774962000,0.0
1774963800,0.0
1774965600,0.0
1774967400,0.0
1774969200,0.0
1774971000,0.0
1774972800,0.0
1774974600,0.0
1774976400,0.0
1774978200,0.0
1774980000,0.0
1774981800,0.0
1774983600,0.0
1774985400,0.0
1774987200,0.0
1774989000,0.0
1774990800,0.0
1774992600,0.0
1774994400,0.0
1774996200,0.0
1774998000,0.0
1774999800,0.0
1775001600,0.0
1775003400,0.0
1775005200,0.0
1775007000,0.0
1775008800,0.0
1775010600,0.0
1775012400,0.0
1775014200,0.0
1775016000,0.0
1775017800,0.0
1775019600,0.0
1775021400,0.0
1775023200,0.0
1775025000,0.0
1775026800,0.0
1775028600,0.0
1775030400,0.0
1775032200,0.0
1775034000,0.0
1775035800,0.0
1775037600,0.0
1775039400,0.0
1775041200,0.0
1775043000,0.0
1775044800,0.0
1775046600,0.0
1775048400,0.0
1775050200,0.0
1775052000,0.0
1775053800,0.0
1775055600,0.0
1775057400,0.0
1775059200,0.0
1775061000,0.0
1775062800,0.0
1775064600,0.0
1775066400,0.0
1775068200,0.0
1775070000,0.0
1775071800,0.0
1775073600,0.0
1775075400,0.0
1775077200,0.0
1775079000,0.0
1775080800,0.0
1775082600,0.0
1775084400,0.0
1775086200,0.0
1775088000,0.0
1775089800,0.0
1775091600,0.0
1775093400,0.0
1775095200,0.0
1775097000,0.0
1775098800,0.0
1775100600,0.0
1775102400,0.0
1775104200,0.0
1775106000,0.0
1775107800,0.0
1775109600,0.0
1775111400,0.0
1775113200,0.0
1775115000,0.0
1775116800,0.0
1775118600,0.0
1775120400,0.0
1775122200,0.0
1775124000,0.0
1775125800,0.0
1775127600,0.0
1775129400,0.0
1775131200,0.0
1775133000,0.0
1775134800,0.0
1775136600,0.0
1775138400,0.0
1775140200,0.0
1775142000,0.0
1775143800,0.0
1775145600,0.0
1775147400,0.0
1775149200,0.0
1775151000,0.0
1775152800,0.0
1775154600,0.0
1775156400,0.0
1775158200,0.0
1775160000,0.0
1775161800,0.0
1775163600,0.0
1775165400,0.0
1775167200,0.0
1775169000,0.0
1775170800,0.0
1775172600,0.0
1775174400,0.0
1775176200,0.0
1775178000,0.0
1775179800,0.0
1775181600,0.0
1775183400,0.0
1775185200,0.0
1775187000,0.0
1775188800,0.0
1775190600,0.0
1775192400,0.0
1775194200,0.0
1775196000,0.0
1775197800,0.0
1775199600,0.0
1775201400,0.0
1775203200,0.0
1775205000,0.0
1775206800,0.0
1775208600,0.0
1775210400,0.0
1775212200,0.0
1775214000,0.0
1775215800,0.0
1775217600,0.0
1775219400,0.0
1775221200,0.0
1775223000,0.0
1775224800,0.0
1775226600,0.0
1775228400,0.0
1775230200,0.0
1775232000,0.0
1775233800,0.0
1775235600,0.0
1775237400,0.0
1775239200,0.0
1775241000,0.0
1775242800,0.0
1775244600,0.0
1775246400,0.0
1775248200,0.0
1775250000,0.0
1775251800,0.0
1775253600,0.0
1775255400,0.0
1775257200,0.0
1775259000,0.0
1775260800,0.0
1775262600,0.0
1775264400,0.0
1775266200,0.0
1775268000,0.0
1775269800,0.0
1775271600,0.0
1775273400,0.0
1775275200,0.0
1775277000,0.0
1775278800,0.0
1775280600,0.0
1775282400,0.0
1775284200,0.0
1775286000,0.0
1775287800,0.0
1775289600,0.0
1775291400,0.0
1775293200,0.0
1775295000,0.0
1775296800,0.0
1775298600,0.0
1775300400,0.0
1775302200,0.0
1775304000,0.0
1775305800,0.0
1775307600,0.0
1775309400,0.0
1775311200,0.0
1775313000,0.0
1775314800,0.0
1775316600,0.0
1775318400,0.0
1775320200,0.0
1775322000,0.0
1775323800,0.0
1775325600,0.0
1775327400,0.0
1775329200,0.0
1775331000,0.0
1775332800,0.0
1775334600,0.0
1775336400,0.0
1775338200,0.0
1775340000,0.0
1775341800,0.0
1775343600,0.0
1775345400,0.0
1775347200,0.0
1775349000,0.0
1775350800,0.0
1775352600,0.0
1775354400,0.0
1775356200,0.0
1775358000,0.0
1775359800,0.0
1775361600,0.0
1775363400,0.0
1775365200,0.0
1775367000,0.0
1775368800,0.0
1775370600,0.0
1775372400,0.0
1775374200,0.0
1775376000,0.0
1775377800,0.0
1775379600,0.0
1775381400,0.0
1775383200,0.0
1775385000,0.0
1775386800,0.0
1775388600,0.0
1775390400,0.0
1775392200,0.0
1775394000,0.0
1775395800,0.0
1775397600,0.0
1775399400,0.0
1775401200,0.0
1775403000,0.0
1775404800,0.0
1775406600,0.0
1775408400,0.0
1775410200,0.0
1775412000,0.0
1775413800,0.0
1775415600,0.0
1775417400,0.0
1775419200,0.0
1775421000,0.0
1775422800,0.0
1775424600,0.0
1775426400,0.0
1775428200,0.0
1775430000,0.0
1775431800,0.0
1775433600,0.0
1775435400,0.0
1775437200,0.0
1775439000,0.0
1775440800,0.0
1775442600,0.0
1775444400,0.0
1775446200,0.0
1775448000,0.0
1775449800,0.0
1775451600,0.0
1775453400,0.0
1775455200,0.0
1775457000,0.0
1775458800,0.0
1775460600,0.0
1775462400,0.0
1775464200,0.0
1775466000,0.0
1775467800,0.0
1775469600,0.0
1775471400,0.0
1775473200,0.0
1775475000,0.0
1775476800,0.0
1775478600,0.0
1775480400,0.0
1775482200,0.0
1775484000,0.0
1775485800,0.0
1775487600,0.0
1775489400,0.0
1775491200,0.0
1775493000,0.0
1775494800,0.0
1775496600,0.0
1775498400,0.0
1775500200,0.0
1775502000,0.0
1775503800,0.0
1775505600,0.0
1775507400,0.0
1775509200,0.0
1775511000,0.0
1775512800,0.0
1775514600,0.0
1775516400,0.0
1775518200,0.0
1775520000,0.0
1775521800,0.0
1775523600,0.0
1775525400,0.0
1775527200,0.0
1775529000,0.0
1775530800,0.0
1775532600,0.0
1775534400,0.0
1775536200,0.0
1775538000,0.0
1775539800,0.0
1775541600,0.0
1775543400,0.0
1775545200,0.0
1775547000,0.0
1775548800,0.0
1775550600,0.0
1775552400,0.0
1775554200,0.0
1775556000,0.0
1775557800,0.0
1775559600,0.0
1775561400,0.0
1775563200,0.0
1775565000,0.0
1775566800,0.0
1775568600,0.0
1775570400,0.0
1775572200,0.0
1775574000,0.0
1775575800,0.0
1775577600,0.0
1775579400,0.0
1775581200,0.0
1775583000,0.0
1775584800,0.0
1775586600,0.0
1775588400,0.0
1775590200,0.0
1775592000,0.0
1775593800,0.0
1775595600,0.0
1775597400,0.0
1775599200,0.0
1775601000,0.0
1775602800,0.0
1775604600,0.0
1775606400,0.0
1775608200,0.0
1775610000,0.0
1775611800,0.0
1775613600,0.0
1775615400,0.0
1775617200,0.0
1775619000,0.0
1775620800,0.0
1775622600,0.0
1775624400,0.0
1775626200,0.0
1775628000,0.0
1775629800,0.0
1775631600,0.0
1775633400,0.0
1775635200,0.0
1775637000,0.0
1775638800,0.0
1775640600,0.0
1775642400,0.0
1775644200,0.0
1775646000,0.0
1775647800,0.0
1775649600,0.0
1775651400,0.0
1775653200,0.0
1775655000,0.0
1775656800,0.0
1775658600,0.0
1775660400,0.0
1775662200,0.0
1775664000,0.0
1775665800,0.0
1775667600,0.0
1775669400,0.0
1775671200,0.0
1775673000,0.0
1775674800,0.0
1775676600,0.0
1775678400,0.0
1775680200,0.0
1775682000,0.0
1775683800,0.0
1775685600,0.0
1775687400,0.0
1775689200,0.0
1775691000,0.0
1775692800,0.0
1775694600,0.0
1775696400,0.0
1775698200,0.0
1775700000,0.0
1775701800,0.0
1775703600,0.0
1775705400,0.0
1775707200,0.0
1775709000,0.0
1775710800,0.0
1775712600,0.0
1775714400,0.0
1775716200,0.0
1775718000,0.0
1775719800,0.0
1775721600,0.0
1775723400,0.0
1775725200,0.0
1775727000,0.0
1775728800,0.0
1775730600,0.0
1775732400,0.0
1775734200,0.0
1775736000,0.0
1775737800,0.0
1775739600,0.0
1775741400,0.0
1775743200,0.0
1775745000,0.0
1775746800,0.0
1775748600,0.0
1775750400,0.0
1775752200,0.0
1775754000,0.0
1775755800,0.0
1775757600,0.0
1775759400,0.0
1775761200,0.0
1775763000,0.0
1775764800,0.0
1775766600,0.0
1775768400,0.0
1775770200,0.0
1775772000,0.0
1775773800,0.0
1775775600,0.0
1775777400,0.0
1775779200,0.0
1775781000,0.0
1775782800,0.0
1775784600,0.0
1775786400,0.0
1775788200,0.0
1775790000,0.0
1775791800,0.0
1775793600,0.0
1775795400,0.0
1775797200,0.0
1775799000,0.0
1775800800,0.0
1775802600,0.0
1775804400,0.0
1775806200,0.0
1775808000,0.0
1775809800,0.0
1775811600,0.0
1775813400,0.0
1775815200,0.0
1775817000,0.0
1775818800,0.0
1775820600,0.0
1775822400,0.0
1775824200,0.0
1775826000,0.0
1775827800,0.0
1775829600,0.0
1775831400,0.0
1775833200,0.0
1775835000,0.0
1775836800,0.0
1775838600,0.0
1775840400,0.0
1775842200,0.0
1775844000,0.0
1775845800,0.0
1775847600,0.0
1775849400,0.0
1775851200,0.0
1775853000,0.0
1775854800,0.0
1775856600,0.0
1775858400,0.0
1775860200,0.0
1775862000,0.0
1775863800,0.0
1775865600,0.0
1775867400,0.0
1775869200,0.0
1775871000,0.0
1775872800,0.0
1775874600,0.0
1775876400,0.0
1775878200,0.0
1775880000,0.0
1775881800,0.0
1775883600,0.0
1775885400,0.0
1775887200,0.0
1775889000,0.0
1775890800,0.0
1775892600,0.0
1775894400,0.0
1775896200,0.0
1775898000,0.0
1775899800,0.0
1775901600,0.0
1775903400,0.0
1775905200,0.0
1775907000,0.0
1775908800,0.0
1775910600,0.0
1775912400,0.0
1775914200,0.0
1775916000,0.0
1775917800,0.0
1775919600,0.0
1775921400,0.0
1775923200,0.0
1775925000,0.0
1775926800,0.0
1775928600,0.0
1775930400,0.0
1775932200,0.0
1775934000,0.0
1775935800,0.0
1775937600,0.0
1775939400,0.0
1775941200,0.0
1775943000,0.0
1775944800,0.0
1775946600,0.0
1775948400,0.0
1775950200,0.0
1775952000,0.0
1775953800,0.0
1775955600,0.0
1775957400,0.0
1775959200,0.0
1775961000,0.0
1775962800,0.0
1775964600,0.0
1775966400,0.0
1775968200,0.0
1775970000,0.0
1775971800,0.0
1775973600,0.0
1775975400,0.0
1775977200,0.0
1775979000,0.0
1775980800,0.0
1775982600,0.0
1775984400,0.0
1775986200,0.0
1775988000,0.0
1775989800,0.0
1775991600,0.0
1775993400,0.0
1775995200,0.0
1775997000,0.0
1775998800,0.0
1776000600,0.0
1776002400,0.0
1776004200,0.0
1776006000,0.0
1776007800,0.0
1776009600,0.0
1776011400,0.0
1776013200,0.0
1776015000,0.0
1776016800,0.0
1776018600,0.0
1776020400,0.0
1776022200,0.0
1776024000,0.0
1776025800,0.0
1776027600,0.0
1776029400,0.0
1776031200,0.0
1776033000,0.0
1776034800,0.0
1776036600,0.0
1776038400,0.0
1776040200,0.0
1776042000,0.0
1776043800,0.0
1776045600,0.0
1776047400,0.0
1776049200,0.0
1776051000,0.0
1776052800,0.0
1776054600,0.0
1776056400,0.0
1776058200,0.0
1776060000,0.0
1776061800,0.0
1776063600,0.0
1776065400,0.0
1776067200,0.0
1776069000,0.0
1776070800,0.0
1776072600,0.0
1776074400,0.0
1776076200,0.0
1776078000,0.0
1776079800,0.0
1776081600,0.0
1776083400,0.0
1776085200,0.0
1776087000,0.0
1776088800,0.0
1776090600,0.0
1776092400,0.0
1776094200,0.0
1776096000,0.0
1776097800,0.0
1776099600,0.0
1776101400,0.0
1776103200,0.0
1776105000,0.0
1776106800,0.0
1776108600,0.0
1776110400,0.0
1776112200,0.0
1776114000,0.0
1776115800,0.0
1776117600,0.0
1776119400,0.0
1776121200,0.0
1776123000,0.0
1776124800,0.0
1776126600,0.0
1776128400,0.0
1776130200,0.0
1776132000,0.0
1776133800,0.0
1776135600,0.0
1776137400,0.0
1776139200,0.0
1776141000,0.0
1776142800,0.0
1776144600,0.0
1776146400,0.0
1776148200,0.0
1776150000,0.0
1776151800,0.0
1776153600,0.0
1776155400,0.0
1776157200,0.0
1776159000,0.0
1776160800,0.0
1776162600,0.0
1776164400,0.0
1776166200,0.0
1776168000,0.0
1776169800,0.0
1776171600,0.0
1776173400,0.0
1776175200,0.0
1776177000,0.0
1776178800,0.0
1776180600,0.0
1776182400,0.0
1776184200,0.0
1776186000,0.0
1776187800,0.0
1776189600,0.0
1776191400,0.0
1776193200,0.0
1776195000,0.0
1776196800,0.0
1776198600,0.0
1776200400,0.0
1776202200,0.0
1776204000,0.0
1776205800,0.0
1776207600,0.0
1776209400,0.0
1776211200,0.0
1776213000,0.0
1776214800,0.0
1776216600,0.0
1776218400,0.0
1776220200,0.0
1776222000,0.0
1776223800,0.0
1776225600,0.0
1776227400,0.0
1776229200,0.0
1776231000,0.0
1776232800,0.0
1776234600,0.0
1776236400,0.0
1776238200,0.0
1776240000,0.0
1776241800,0.0
1776243600,0.0
1776245400,0.0
1776247200,0.0
1776249000,0.0
1776250800,0.0
1776252600,0.0
1776254400,0.0
1776256200,0.0
1776258000,0.0
1776259800,0.0
1776261600,0.0
1776263400,0.0
1776265200,0.0
1776267000,0.0
1776268800,0.0
1776270600,0.0
1776272400,0.0
1776274200,0.0
1776276000,0.0
1776277800,0.0
1776279600,0.0
1776281400,0.0
1776283200,0.0
1776285000,0.0
1776286800,0.0
1776288600,0.0
1776290400,0.0
1776292200,0.0
1776294000,0.0
1776295800,0.0
1776297600,0.0
1776299400,0.0
1776301200,0.0
1776303000,0.0
1776304800,0.0
1776306600,0.0
1776308400,0.0
1776310200,0.0
1776312000,0.0
1776313800,0.0
1776315600,0.0
1776317400,0.0
1776319200,0.0
1776321000,0.0
1776322800,0.0
1776324600,0.0
1776326400,0.0
1776328200,0.0
1776330000,0.0
1776331800,0.0
1776333600,0.0
1776335400,0.0
1776337200,0.0
1776339000,0.0
1776340800,0.0
1776342600,0.0
1776344400,0.0
1776346200,0.0
1776348000,0.0
1776349800,0.0
1776351600,0.0
1776353400,0.0
1776355200,0.0
1776357000,0.0
1776358800,0.0
1776360600,0.0
1776362400,0.0
1776364200,0.0
1776366000,0.0
1776367800,0.0
1776369600,0.0
1776371400,0.0
1776373200,0.0
1776375000,0.0
1776376800,0.0
1776378600,0.0
1776380400,0.0
1776382200,0.0
1776384000,0.0
1776385800,0.0
1776387600,0.0
1776389400,0.0
1776391200,0.0
1776393000,0.0
1776394800,0.0
1776396600,0.0
1776398400,0.0
1776400200,0.0
1776402000,0.0
1776403800,0.0
1776405600,0.0
1776407400,0.0
1776409200,0.0
1776411000,0.0
1776412800,0.0
1776414600,0.0
1776416400,0.0
1776418200,0.0
1776420000,0.0
1776421800,0.0
1776423600,0.0
1776425400,0.0
1776427200,0.0
1776429000,0.0
1776430800,0.0
1776432600,0.0
1776434400,0.0
1776436200,0.0
1776438000,0.0
1776439800,0.0
1776441600,0.0
1776443400,0.0
1776445200,0.0
1776447000,0.0
1776448800,0.0
1776450600,0.0
1776452400,0.0
1776454200,0.0
1776456000,0.0
1776457800,0.0
1776459600,0.0
1776461400,0.0
1776463200,0.0
1776465000,0.0
1776466800,0.0
1776468600,0.0
1776470400,0.0
1776472200,0.0
1776474000,0.0
1776475800,0.0
1776477600,0.0
1776479400,0.0
1776481200,0.0
1776483000,0.0
1776484800,0.0
1776486600,0.0
1776488400,0.0
1776490200,0.0
1776492000,0.0
1776493800,0.0
1776495600,0.0
1776497400,0.0
1776499200,0.0
1776501000,0.0
1776502800,0.0
1776504600,0.0
1776506400,0.0
1776508200,0.0
1776510000,0.0
1776511800,0.0
1776513600,0.0
1776515400,0.0
1776517200,0.0
1776519000,0.0
1776520800,0.0
1776522600,0.0
1776524400,0.0
1776526200,0.0
1776528000,0.0
1776529800,0.0
1776531600,0.0
1776533400,0.0
1776535200,0.0
1776537000,0.0
1776538800,0.0
1776540600,0.0
1776542400,0.0
1776544200,0.0
1776546000,0.0
1776547800,0.0
1776549600,0.0
1776551400,0.0
1776553200,0.0
1776555000,0.0
1776556800,0.0
1776558600,0.0
1776560400,0.0
1776562200,0.0
1776564000,0.0
1776565800,0.0
1776567600,0.0
1776569400,0.0
1776571200,0.0
1776573000,0.0
1776574800,0.0
1776576600,0.0
1776578400,0.0
1776580200,0.0
1776582000,0.0
1776583800,0.0
1776585600,0.0
1776587400,0.0
1776589200,0.0
1776591000,0.0
1776592800,0.0
1776594600,0.0
1776596400,0.0
1776598200,0.0
1776600000,0.0
1776601800,0.0
1776603600,0.0
1776605400,0.0
1776607200,0.0
1776609000,0.0
1776610800,0.0
1776612600,0.0
1776614400,0.0
1776616200,0.0
1776618000,0.0
1776619800,0.0
1776621600,0.0
1776623400,0.0
1776625200,0.0
1776627000,0.0
1776628800,0.0
1776630600,0.0
1776632400,0.0
1776634200,0.0
1776636000,0.0
1776637800,0.0
1776639600,0.0
1776641400,0.0
1776643200,0.0
1776645000,0.0
1776646800,0.0
1776648600,0.0
1776650400,0.0
1776652200,0.0
1776654000,0.0
1776655800,0.0
1776657600,0.0
1776659400,0.0
1776661200,0.0
1776663000,0.0
1776664800,0.0
1776666600,0.0
1776668400,0.0
1776670200,0.0
1776672000,0.0
1776673800,0.0
1776675600,0.0
1776677400,0.0
1776679200,0.0
1776681000,0.0
1776682800,0.0
1776684600,0.0
1776686400,0.0
1776688200,0.0
1776690000,0.0
1776691800,0.0
1776693600,0.0
1776695400,0.0
1776697200,0.0
1776699000,0.0
1776700800,0.0
1776702600,0.0
1776704400,0.0
1776706200,0.0
1776708000,0.0
1776709800,0.0
1776711600,0.0
1776713400,0.0
1776715200,0.0
1776717000,0.0
1776718800,0.0
1776720600,0.0
1776722400,0.0
1776724200,0.0
1776726000,0.0
1776727800,0.0
1776729600,0.0
1776731400,0.0
1776733200,0.0
1776735000,0.0
1776736800,0.0
1776738600,0.0
1776740400,0.0
1776742200,0.0
1776744000,0.0
1776745800,0.0
1776747600,0.0
1776749400,0.0
1776751200,0.0
1776753000,0.0
1776754800,0.0
1776756600,0.0
1776758400,0.0
1776760200,0.0
1776762000,0.0
1776763800,0.0
1776765600,0.0
1776767400,0.0
1776769200,0.0
1776771000,0.0
1776772800,0.0
1776774600,0.0
1776776400,0.0
1776778200,0.0
1776780000,0.0
1776781800,0.0
1776783600,0.0
1776785400,0.0
1776787200,0.0
1776789000,0.0
1776790800,0.0
1776792600,0.0
1776794400,0.0
1776796200,0.0
1776798000,0.0
1776799800,0.0
1776801600,0.0
1776803400,0.0
1776805200,0.0
1776807000,0.0
1776808800,0.0
1776810600,0.234
1776812400,0.545
1776814200,0.204
1776816000,0.204
1776817800,0.182
1776819600,0.119
1776821400,0.136
1776823200,0.084
1776825000,0.134
1776826800,0.143
1776828600,0.139
1776830400,0.152
1776832200,0.14
1776834000,0.231
1776835800,0.789
1776837600,0.587
1776839400,0.801
1776841200,0.672
1776843000,0.188
1776844800,0.064
1776846600,0.059
1776848400,0.045
1776850200,0.103
1776852000,0.089
1776853800,0.507
1776855600,0.099
1776857400,0.089
1776859200,0.068
1776861000,0.761
1776862800,0.047
1776864600,0.041
1776866400,0.029
1776868200,0.028
1776870000,0.028
1776871800,0.294
1776873600,0.085
1776875400,0.097
1776877200,0.132
1776879000,0.48
1776880800,0.608
1776882600,0.601
1776884400,0.263
1776886200,0.105
1776888000,0.532
1776889800,0.186
1776891600,0.514
1776893400,0.166
1776895200,0.137
1776897000,0.098
1776898800,0.15
1776900600,0.096
1776902400,0.127
1776904200,0.079
1776906000,0.073
1776907800,0.073
1776909600,0.07
1776911400,0.07
1776913200,0.069
1776915000,0.068
1776916800,0.07
1776918600,0.055
1776920400,0.134
1776922200,0.082
1776924000,0.048
1776925800,0.025
1776927600,0.043
1776929400,0.04
1776931200,0.041
1776933000,0.041
1776934800,0.041
1776936600,0.042
1776938400,0.027
1776940200,0.41
1776942000,0.083
1776943800,0.09
1776945600,0.079
1776947400,0.04
1776949200,0.041
1776951000,0.041
1776952800,0.028
1776954600,0.028
1776956400,0.1
1776958200,0.786
1776960000,0.137
1776961800,0.098
1776963600,0.12
1776965400,0.321
1776967200,0.126
1776969000,0.101
1776970800,0.106
1776972600,0.141
1776974400,0.17
1776976200,0.22
1776978000,0.502
1776979800,0.202
1776981600,0.207
1776983400,0.1
1776985200,0.084
1776987000,0.078
1776988800,0.078
1776990600,0.078
1776992400,0.079
1776994200,0.079
1776996000,0.081
1776997800,0.078
1776999600,0.079
1777001400,0.078
1777003200,0.078
1777005000,0.057
1777006800,0.039
1777008600,0.038
1777010400,0.035
1777012200,0.12
1777014000,0.062
1777015800,0.055
1777017600,0.052
1777019400,0.049
1777021200,0.307
1777023000,0.068
1777024800,0.056
1777026600,0.042
1777028400,1.219
1777030200,0.319
1777032000,0.255
1777033800,0.196
1777035600,0.091
1777037400,0.094
1777039200,0.076
1777041000,0.178
1777042800,1.098
1777044600,1.21
1777046400,0.838
1777048200,0.162
1777050000,0.074
1777051800,0.064
1777053600,0.057
1777055400,0.056
1777057200,0.055
1777059000,0.087
1777060800,1.066
1777062600,0.737
1777064400,0.301
1777066200,0.627
1777068000,0.268
1777069800,0.124
1777071600,0.113
1777073400,0.128
1777075200,0.113
1777077000,0.071
1777078800,0.155
1777080600,0.068
1777082400,0.071
1777084200,0.158
1777086000,0.069
1777087800,0.162
1777089600,0.193
1777091400,0.183
1777093200,0.233
1777095000,0.235
1777096800,0.178
1777098600,0.183
1777100400,0.183
1777102200,0.187
1777104000,0.16
1777105800,0.16
1777107600,0.446
1777109400,0.35
1777111200,0.103
1777113000,0.12
1777114800,0.452
1777116600,0.15
1777118400,0.14
1777120200,1.007
1777122000,0.569
1777123800,0.143
1777125600,0.133
1777127400,0.13
1777129200,0.14
1777131000,0.673
1777132800,0.62
1777134600,0.175
1777136400,0.217
1777138200,0.157
1777140000,0.148
1777141800,0.141
1777143600,0.145
1777145400,0.208
1777147200,0.334
1777149000,0.245
1777150800,0.237
1777152600,0.212
1777154400,0.182
1777156200,0.112
1777158000,0.144
1777159800,0.183
1777161600,0.185
1777163400,0.184
1777165200,0.185
1777167000,0.189
1777168800,0.191
1777170600,0.191
1777172400,0.171
1777174200,0.148
1777176000,0.16
1777177800,0.149
1777179600,0.131
1777181400,0.147
1777183200,0.154
1777185000,0.173
1777186800,0.156
1777188600,0.167
1777190400,0.156
1777192200,0.156
1777194000,0.156
1777195800,0.511
1777197600,0.213
1777199400,1.6
1777201200,0.499
1777203000,0.168
1777204800,0.484
1777206600,0.434
1777208400,0.622
1777210200,0.316
1777212000,0.142
1777213800,0.185
1777215600,0.245
1777217400,0.117
1777219200,0.189
1777221000,0.234
1777222800,0.218
1777224600,0.152
1777226400,0.12
1777228200,0.061
1777230000,0.181
1777231800,0.106
1777233600,0.095
1777235400,0.085
1777237200,0.084
1777239000,0.139
1777240800,0.529
1777242600,0.087
1777244400,0.075
1777246200,0.073
1777248000,0.073
1777249800,0.073
1777251600,0.079
1777253400,0.075
1777255200,0.074
1777257000,0.072
1777258800,0.073
1777260600,0.074
1777262400,0.074
1777264200,0.055
1777266000,0.033
1777267800,0.031
1777269600,0.043
1777271400,0.032
1777273200,0.047
1777275000,0.044
1777276800,0.044
1777278600,0.063
1777280400,0.078
1777282200,0.134
1777284000,0.106
1777285800,0.43
1777287600,0.252
1777289400,0.168
1777291200,0.109
1777293000,0.12
1777294800,0.562
1777296600,0.131
1777298400,0.08
1777300200,0.065
1777302000,0.035
1777303800,0.032
1777305600,0.029
1777307400,0.728
1777309200,0.766
1777311000,0.052
1777312800,0.04
1777314600,0.687
1777316400,1.001
1777318200,0.384
1777320000,0.506
1777321800,0.568
1777323600,0.19
1777325400,0.196
1777327200,0.313
1777329000,0.097
1777330800,0.282
1777332600,0.177
1777334400,0.079
1777336200,0.08
1777338000,0.09
1777339800,0.08
1777341600,0.077
1777343400,0.078
1777345200,0.075
1777347000,0.075
1777348800,0.074
1777350600,0.074
1777352400,0.135
1777354200,0.054
1777356000,0.034
1777357800,0.028
1777359600,0.045
1777361400,0.044
1777363200,0.186
1777365000,0.079
1777366800,0.047
1777368600,0.12
1777370400,0.031
1777372200,0.027
1777374000,0.37
1777375800,0.277
1777377600,0.089
1777379400,0.129
1777381200,0.12
1777383000,0.116
1777384800,0.266
1777386600,0.799
1777388400,0.099
1777390200,0.087
1777392000,0.159
1777393800,0.151
1777395600,0.254
1777397400,0.21
1777399200,0.756
1777401000,1.228
1777402800,0.055
1777404600,0.085
1777406400,0.104
1777408200,1.484
1777410000,0.142
1777411800,0.144
1777413600,0.139
1777415400,0.136
1777417200,0.121
1777419000,0.083
1777420800,0.085
1777422600,0.08
1777424400,0.079
1777426200,0.078
1777428000,0.077
1777429800,0.077
1777431600,0.078
1777433400,0.077
1777435200,0.077
1777437000,0.047
1777438800,0.124
1777440600,0.059
1777442400,0.03
1777444200,0.024
1777446000,0.049
1777447800,0.044
1777449600,0.041
1777451400,0.041
1777453200,0.041
1777455000,0.047
1777456800,0.648
1777458600,0.373
1777460400,0.063
1777462200,0.039
1777464000,0.024
1777465800,0.04
1777467600,0.04
1777469400,0.044
1777471200,1.104
1777473000,0.714
1777474800,0.059
1777476600,0.051
1777478400,0.055
1777480200,0.725
1777482000,0.124
1777483800,0.083
1777485600,0.057
1777487400,0.056
1777489200,0.053
1777491000,0.584
1777492800,0.297
1777494600,0.147
1777496400,0.436
1777498200,1.252
1777500000,0.155
1777501800,0.142
1777503600,0.333
1777505400,0.655
1777507200,0.659
1777509000,0.535
1777510800,0.372
1777512600,0.315
1777514400,0.356
1777516200,0.331
1777518000,0.322
1777519800,0.314
1777521600,0.355
1777523400,0.34
1777525200,0.311
1777527000,0.096
1777528800,0.045
1777530600,0.091
1777532400,0.05
1777534200,0.051
1777536000,0.054
1777537800,0.065
1777539600,0.065
1777541400,0.064
1777543200,0.05
1777545000,0.049
1777546800,0.507
1777548600,0.406
1777550400,0.13
1777552200,0.134
1777554000,0.114
1777555800,0.057
1777557600,0.251
1777559400,0.132
1777561200,0.137
1777563000,0.185
1777564800,0.54
1777566600,0.073
1777568400,0.473
1777570200,0.247
1777572000,0.401
1777573800,0.215
1777575600,0.285
1777577400,0.708
1777579200,0.121
1777581000,0.091
1777582800,0.767
1777584600,0.131
1777586400,0.555
1777588200,0.155
1777590000,0.141
1777591800,0.15
1777593600,0.133
1777595400,0.086
1777597200,0.081
1777599000,0.083
1777600800,0.08
1777602600,0.083
1777604400,0.081
1777606200,0.08
1777608000,0.078
1777609800,0.042
1777611600,0.058
1777613400,0.049
1777615200,0.043
1777617000,0.044
1777618800,0.117
1777620600,0.051
1777622400,0.048
1777624200,0.064
1777626000,0.098
1777627800,0.087
1777629600,0.107
1777631400,0.669
1777633200,0.213
1777635000,0.119
1777636800,0.108
1777638600,0.104
1777640400,0.1
1777642200,0.115
1777644000,0.139
1777645800,0.305
1777647600,0.123
1777649400,0.134
1777651200,0.143
1777653000,0.1
1777654800,0.134
1777656600,0.076
1777658400,0.041
1777660200,0.132
1777662000,0.069
1777663800,0.087
1777665600,0.082
1777667400,0.23
1777669200,0.293
1777671000,0.333
1777672800,0.134
1777674600,0.11
1777676400,0.068
1777678200,0.069
1777680000,0.068
1777681800,0.068
1777683600,0.067
1777685400,0.068
1777687200,0.067
1777689000,0.068
1777690800,0.068
1777692600,0.067
1777694400,0.061
1777696200,0.038
1777698000,0.221
1777699800,1.007
1777701600,0.205
1777703400,0.253
1777705200,0.308
1777707000,0.463
1777708800,0.472
1777710600,0.299
1777712400,0.751
1777714200,0.969
1777716000,0.839
1777717800,1.74
1777719600,1.066
1777721400,0.828
1777723200,0.181
1777725000,0.147
1777726800,0.22
1777728600,0.136
1777730400,0.13
1777732200,0.138
1777734000,0.149
1777735800,0.155
1777737600,0.117
1777739400,0.16
1777741200,0.422
1777743000,0.795
1777744800,0.637
1777746600,0.642
1777748400,0.685
1777750200,1.054
1777752000,0.569
1777753800,0.351
1777755600,0.418
1777757400,0.404
1777759200,0.292
1777761000,0.118
1777762800,0.118
1777764600,0.118
1777766400,0.118
1777768200,0.123
1777770000,0.122
1777771800,0.121
1777773600,0.117
1777775400,0.117
1777777200,0.116
1777779000,0.116
1777780800,0.116
1777782600,0.089
1777784400,0.08
1777786200,0.098
1777788000,0.765
1777789800,0.352
1777791600,0.074
1777793400,0.093
1777795200,0.26
1777797000,0.229
1777798800,0.197
1777800600,0.148
1777802400,0.108
1777804200,0.226
1777806000,0.386
1777807800,0.114
1777809600,0.068
1777811400,0.058
1777813200,0.08
1777815000,0.079
1777816800,0.08
1777818600,0.074
1777820400,0.156
1777822200,0.185
1777824000,0.08
1777825800,0.069
1777827600,0.362
1777829400,0.091
1777831200,0.084
1777833000,0.078
1777834800,0.155
1777836600,0.125
1777838400,0.247
1777840200,0.877
1777842000,0.819
1777843800,0.99
1777845600,0.524
1777847400,0.241
1777849200,0.151
1777851000,0.142
1777852800,0.393
1777854600,0.368
1777856400,0.1
1777858200,0.108
1777860000,0.108
1777861800,0.107
1777863600,0.11
1777865400,0.111
1777867200,0.107
1777869000,0.101
1777870800,0.09
1777872600,0.069
1777874400,0.07
1777876200,0.12
1777878000,0.411
1777879800,0.893
1777881600,0.072
1777883400,0.056
1777885200,0.099
1777887000,0.073
1777888800,0.101
1777890600,0.287
1777892400,0.234
1777894200,0.128
1777896000,0.446
1777897800,0.524
1777899600,0.51
1777901400,0.524
1777903200,0.97
1777905000,1.58
1777906800,1.009
1777908600,0.186
1777910400,0.172
1777912200,0.153
1777914000,0.149
1777915800,0.141
1777917600,0.172
1777919400,0.199
1777921200,0.19
1777923000,0.978
1777924800,0.869
1777926600,0.245
1777928400,0.253
1777930200,0.163
1777932000,0.162
1777933800,0.515
1777935600,0.242
1777937400,0.267
1777939200,0.638
1777941000,0.216
1777942800,0.11
1777944600,0.225
1777946400,0.132
1777948200,0.205
1777950000,0.224
1777951800,0.105
1777953600,0.213
1777955400,0.191
1777957200,0.082
1777959000,0.178
1777960800,0.198
1777962600,0.076
1777964400,0.242
1777966200,0.203
1777968000,0.124
1777969800,0.188
1777971600,0.054
1777973400,0.171
1777975200,0.86
1777977000,1.733
1777978800,1.368
1777980600,0.185
1777982400,0.287
1777984200,0.196
1777986000,0.237
1777987800,0.23
1777989600,0.139
1777991400,0.402
1777993200,0.27
1777995000,0.405
1777996800,1.055
1777998600,0.382
1778000400,0.199
1778002200,0.194
1778004000,0.037
1778005800,0.16
1778007600,0.232
1778009400,0.203
1778011200,0.505
1778013000,1.214
1778014800,0.208
1778016600,0.232
1778018400,0.313
1778020200,0.895
1778022000,0.347
1778023800,0.608
1778025600,0.155
1778027400,0.135
1778029200,0.124
1778031000,0.13
1778032800,0.071
1778034600,0.081
1778036400,0.1
1778038200,0.098
1778040000,0.098
1778041800,0.062
1778043600,0.058
1778045400,0.058
1778047200,0.071
1778049000,0.064
1778050800,0.227
1778052600,0.227
1778054400,0.098
1778056200,0.212
1778058000,0.215
1778059800,1.213
1778061600,0.956
1778063400,0.568
1778065200,2.14
1778067000,1.346
1778068800,0.593
1778070600,1.193
1778072400,0.164
1778074200,0.138
1778076000,0.165
1778077800,0.135
1778079600,0.151
1778081400,0.225
1778083200,0.134
1778085000,0.124
1778086800,1.479
1778088600,0.632
1778090400,0.199
1778092200,0.204
1778094000,0.285
1778095800,0.187
1778097600,0.171
1778099400,0.167
1778101200,0.134
1778103000,0.13
1778104800,0.107
1778106600,0.11
1778108400,0.118
1778110200,0.11
1778112000,0.111
1778113800,0.102
1778115600,0.101
1778117400,0.107
1778119200,0.101
1778121000,0.099
1778122800,0.099
1778124600,0.099
1778126400,0.097
1778128200,0.06
1778130000,0.06
1778131800,0.06
1778133600,0.07
1778135400,0.13
1778137200,0.097
1778139000,0.074
1778140800,0.067
1778142600,0.046
1778144400,0.045
1778146200,0.103
1778148000,0.152
1778149800,0.161
1778151600,0.177
1778153400,0.194
1778155200,0.192
1778157000,0.206
1778158800,0.216
1778160600,0.428
1778162400,0.119
1778164200,0.308
1778166000,0.132
1778167800,0.099
1778169600,0.1
1778171400,0.177
1778173200,0.153
1778175000,0.143
1778176800,0.327
1778178600,0.171
1778180400,0.426
1778182200,0.295
1778184000,0.19
1778185800,0.224
1778187600,0.248
1778189400,0.161
1778191200,0.163
1778193000,0.178
1778194800,0.163
1778196600,0.142
1778198400,0.14
1778200200,0.22
1778202000,0.208
1778203800,0.205
1778205600,0.184
1778207400,0.171
1778209200,0.171
1778211000,0.171
1778212800,0.184
1778214600,0.162
1778216400,0.436
1778218200,1.188
1778220000,0.155
1778221800,0.114
1778223600,0.158
1778225400,0.175
1778227200,0.366
1778229000,0.188
1778230800,0.863
1778232600,1.814
1778234400,1.062
1778236200,0.189
1778238000,0.301
1778239800,0.391
1778241600,0.577
1778243400,0.669
1778245200,0.351
1778247000,0.303
1778248800,0.441
1778250600,1.283
1778252400,0.988
1778254200,0.41
1778256000,0.212
1778257800,0.132
1778259600,0.128
1778261400,0.202
1778263200,0.128
1778265000,0.992
1778266800,1.844
1778268600,2.024
1778270400,0.741
1778272200,0.695
1778274000,0.462
1778275800,0.357
1778277600,1.412
1778279400,0.752
1778281200,0.178
1778283000,0.194
1778284800,0.125
1778286600,0.106
1778288400,0.088
1778290200,0.073
1778292000,0.105
1778293800,0.2
1778295600,0.1
1778297400,0.069
1778299200,0.168
1778301000,0.063
1778302800,0.239
1778304600,0.14
1778306400,0.161
1778308200,0.057
1778310000,0.172
1778311800,0.068
1778313600,0.059
1778315400,0.076
1778317200,0.068
1778319000,0.049
1778320800,0.084
1778322600,0.265
1778324400,0.547
1778326200,0.719
1778328000,0.266
1778329800,0.319
1778331600,0.121
1778333400,0.221
1778335200,0.103
1778337000,0.196
1778338800,0.224
1778340600,0.947
1778342400,0.516
1778344200,0.114
1778346000,0.066
1778347800,0.13
1778349600,0.121
1778351400,0.144
1778353200,0.279
1778355000,0.205
1778356800,0.514
1778358600,0.329
1778360400,0.208
1778362200,0.234
1778364000,0.342
1778365800,0.239
1778367600,0.363
1778369400,0.511
1778371200,0.171
1778373000,0.253
1778374800,0.204
1778376600,0.336
1778378400,0.24
1778380200,0.254
1778382000,0.23
1778383800,0.198
1778385600,0.29
1778387400,0.182
1778389200,0.269
1778391000,0.236
1778392800,0.279
1778394600,0.197
1778396400,0.245
1778398200,0.164
1778400000,0.262
1778401800,0.181
1778403600,0.424
1778405400,0.816
1778407200,0.508
1778409000,0.774
1778410800,0.16
1778412600,0.265
1778414400,0.304
1778416200,0.157
1778418000,0.165
1778419800,0.17
1778421600,0.196
1778423400,0.291
1778425200,0.457
1778427000,0.098
1778428800,0.229
1778430600,0.127
1778432400,0.215
1778434200,0.112
1778436000,0.147
1778437800,0.207
1778439600,0.182
1778441400,0.193
1778443200,0.255
1778445000,0.241
1778446800,0.207
1778448600,0.264
1778450400,0.209
1778452200,0.367
1778454000,0.187
1778455800,0.23
1778457600,0.21
1778459400,0.377
1778461200,0.206
1778463000,0.302
1778464800,0.245
1778466600,0.297
1778468400,0.204
1778470200,0.3
1778472000,0.185
1778473800,0.266
1778475600,0.255
1778477400,0.214
1778479200,0.263
1778481000,0.139
1778482800,0.263
1778484600,0.171
1778486400,0.256
1778488200,0.255
1778490000,0.318
1778491800,0.252
1778493600,1.116
1778495400,0.611
1778497200,0.303
1778499000,0.304
1778500800,0.605
1778502600,0.29
1778504400,0.15
1778506200,0.624
1778508000,0.97
1778509800,0.913
1778511600,0.534
1778513400,0.323
1778515200,0.35
1778517000,0.276
1778518800,0.078
1778520600,0.078
1778522400,0.104
1778524200,0.576
1778526000,1.37
1778527800,1.261
1778529600,0.238
1778531400,0.314
1778533200,0.426
1778535000,0.54
1778536800,0.693
1778538600,0.79
1778540400,0.167
1778542200,0.124
1778544000,0.119
1778545800,0.103
1778547600,0.084
1778549400,0.087
1778551200,0.086
1778553000,0.088
1778554800,0.116
1778556600,0.119
1778558400,0.102
1778560200,0.06
1778562000,0.089
1778563800,0.073
1778565600,0.088
1778567400,0.049
1778569200,0.063
1778571000,0.081
1778572800,0.291
1778574600,0.232
1778576400,0.496
1778578200,1.218
1778580000,0.599
1778581800,1.0
1778583600,0.739
1778585400,0.156
1778587200,0.161
1778589000,0.168
1778590800,0.193
1778592600,0.121
1778594400,0.154
1778596200,1.05
1778598000,0.352
1778599800,0.654
1778601600,0.859
1778603400,1.043
1778605200,0.328
1778607000,0.204
1778608800,0.191
1778610600,0.198
1778612400,0.222
1778614200,0.257
1778616000,0.239
1778617800,0.578
1778619600,0.813
1778621400,0.577
1778623200,0.974
1778625000,0.786
1778626800,0.942
1778628600,1.298
1778630400,0.401
1778632200,0.349
1778634000,0.376
1778635800,0.327
1778637600,0.341
1778639400,0.341
1778641200,0.312
1778643000,0.142
1778644800,0.276
1778646600,0.148
1778648400,0.285
1778650200,0.34
1778652000,0.187
1778653800,0.185
1778655600,0.273
1778657400,0.088
1778659200,0.075
1778661000,0.049
1778662800,0.041
1778664600,0.069
1778666400,0.339
1778668200,0.098
1778670000,0.291
1778671800,0.138
1778673600,0.155
1778675400,0.155
1778677200,0.174
1778679000,0.244
1778680800,0.167
1778682600,0.11
1778684400,0.297
1778686200,0.531
1778688000,0.268
1778689800,0.201
1778691600,0.452
1778693400,0.524
1778695200,0.504
1778697000,0.19
1778698800,0.545
1778700600,0.428
1778702400,0.227
1778704200,0.389
1778706000,0.248
1778707800,0.222
1778709600,0.149
1778711400,0.117
1778713200,0.23
1778715000,0.09
1778716800,0.079
1778718600,0.092
1778720400,0.112
1778722200,0.112
1778724000,0.083
1778725800,0.078
1778727600,0.093
1778729400,0.113
1778731200,0.089
1778733000,0.041
1778734800,0.063
1778736600,0.1
1778738400,0.087
1778740200,0.044
1778742000,0.069
1778743800,0.166
1778745600,0.19
1778747400,0.092
1778749200,0.069
1778751000,0.058
1778752800,0.06
1778754600,0.073
1778756400,0.081
1778758200,0.962
1778760000,0.998
1778761800,1.239
1778763600,0.941
1778765400,0.353
1778767200,0.18
1778769000,0.121
1778770800,0.104
1778772600,0.121
1778774400,0.154
1778776200,0.17
1778778000,0.171
1778779800,0.18
1778781600,0.62
1778783400,0.324
1778785200,0.206
1778787000,0.252
1778788800,0.467
1778790600,0.366
1778792400,0.431
1778794200,0.894
1778796000,0.635
1778797800,0.173
1778799600,0.157
1778801400,0.126
1778803200,0.157
1778805000,0.16
1778806800,0.153
1778808600,0.126
1778810400,0.129
1778812200,0.161
1778814000,0.161
1778815800,0.146
1778817600,0.117
1778819400,0.103
1778821200,0.145
1778823000,0.131
1778824800,0.103
1778826600,0.181
1778828400,0.148
1778830200,0.08
1778832000,0.059
1778833800,0.113
1778835600,0.228
1778837400,1.504
1778839200,0.473
1778841000,0.613
1778842800,0.998
1778844600,0.522
1778846400,0.19
1778848200,0.16
1778850000,1.573
1778851800,1.919
1778853600,0.639
1778855400,0.181
1778857200,0.428
1778859000,2.216
1778860800,1.826
1778862600,0.901
1778864400,0.436
1778866200,0.255
1778868000,0.735
1778869800,0.808
1778871600,0.343
1778873400,0.698
1778875200,1.137
1778877000,0.229
1778878800,0.452
1778880600,0.841
1778882400,2.568
1778884200,1.685
1778886000,0.466
1778887800,0.768
1778889600,0.244
1778891400,0.254
1778893200,0.242
1778895000,0.269
1778896800,0.12
1778898600,0.109
1778900400,0.11
1778902200,0.11
1778904000,0.084
1778905800,0.223
1778907600,0.091
1778909400,0.174
1778911200,0.151
1778913000,0.061
1778914800,0.181
1778916600,0.185
1778918400,0.069
1778920200,0.157
1778922000,0.569
1778923800,0.848
1778925600,1.084
1778927400,2.827
1778929200,2.121
1778931000,0.743
1778932800,0.396
1778934600,0.39
1778936400,0.722
1778938200,0.271
1778940000,0.57
1778941800,1.621
1778943600,1.102
1778945400,1.229
1778947200,0.819
1778949000,0.245
1778950800,0.333
1778952600,0.297
1778954400,0.204
1778956200,1.008
1778958000,1.169
1778959800,0.979
1778961600,1.008
1778963400,0.584
1778965200,0.303
1778967000,1.493
1778968800,0.835
1778970600,0.934
1778972400,1.105
1778974200,0.241
1778976000,0.146
1778977800,0.219
1778979600,0.22
1778981400,0.165
1778983200,0.157
1778985000,0.22
1778986800,0.196
1778988600,0.07
1778990400,0.17
1778992200,0.156
1778994000,0.184
1778995800,0.173
1778997600,0.201
1778999400,0.183
1779001200,0.047
1779003000,0.279
1779004800,0.154
1779006600,0.401
1779008400,0.466
1779010200,0.219
1779012000,0.186
1779013800,1.882
1779015600,0.932
1779017400,0.802
1779019200,0.829
1779021000,0.553
1779022800,0.851
1779024600,0.305
1779026400,0.516
1779028200,0.177
1779030000,0.513
1779031800,0.29
1779033600,0.215
1779035400,0.491
1779037200,0.771
1779039000,0.738
1779040800,0.756
1779042600,0.239
1779044400,0.158
1779046200,0.297
1779048000,0.29
1779049800,0.323
1779051600,0.182
1779053400,0.258
1779055200,0.768
1779057000,1.423
1779058800,1.596
1779060600,1.238
1779062400,0.415
1779064200,0.388
1779066000,0.318
1779067800,0.3
1779069600,0.367
1779071400,0.419
1779073200,0.378
1779075000,0.235
1779076800,0.077
1779078600,0.063
1779080400,0.063
1779082200,0.051
1779084000,0.092
1779085800,0.093
1779087600,0.087
1779089400,0.135
1779091200,0.114
1779093000,0.11
1779094800,0.108
1779096600,0.159
1779098400,0.353
1779100200,1.35
1779102000,0.603
1779103800,0.1
1779105600,0.076
1779107400,0.071
1779109200,0.551
1779111000,0.587
1779112800,0.756
1779114600,0.429
1779116400,0.118
1779118200,0.069
1779120000,0.082
1779121800,0.068
1779123600,0.118
1779125400,0.094
1779127200,0.102
1779129000,0.135
1779130800,0.167
1779132600,0.204
1779134400,0.449
1779136200,0.191
1779138000,0.196
1779139800,0.59
1779141600,0.42
1779143400,0.216
1779145200,0.208
1779147000,0.2
1779148800,0.176
1779150600,0.231
1779152400,0.177
1779154200,0.794
1779156000,0.175
1779157800,0.169
1779159600,1.27
1779161400,0.724
1779163200,0.302
1779165000,0.238
1779166800,0.204
1779168600,0.573
1779170400,0.494
1779172200,0.66
1779174000,0.212
1779175800,0.134
1779177600,0.114
1779179400,0.129
1779181200,0.152
1779183000,0.108
1779184800,0.291
1779186600,0.576
1779188400,0.3
1779190200,0.131
1779192000,0.667
1779193800,0.477
1779195600,0.067
1779197400,0.065
1779199200,0.512
1779201000,0.063
1779202800,0.07
1779204600,0.33
1779206400,0.303
1779208200,0.162
1779210000,0.111
1779211800,0.095
1779213600,0.092
1779215400,0.09
1779217200,0.115
1779219000,0.159
1779220800,0.217
1779222600,0.241
1779224400,0.202
1779226200,0.221
1779228000,0.247
1779229800,0.215
1779231600,0.224
1779233400,0.233
1779235200,0.344
1779237000,0.267
1779238800,0.237
1779240600,0.238
1779242400,0.251
1779244200,0.169
1779246000,0.146
1779247800,0.137
1779249600,0.103
1779251400,0.098
1779253200,0.126
1779255000,0.148
1779256800,0.147
1779258600,0.138
1779260400,0.131
1779262200,0.105
1779264000,0.102
1779265800,0.1
1779267600,0.676
1779269400,0.132
1779271200,0.13
1779273000,0.348
1779274800,0.75
1779276600,0.119
1779278400,0.206
1779280200,0.357
1779282000,1.852
1779283800,0.879
1779285600,0.122
1779287400,0.12
1779289200,0.409
1779291000,1.189
1779292800,1.009
1779294600,0.218
1779296400,0.547
1779298200,0.564
1779300000,0.125
1779301800,0.084
1779303600,0.096
1779305400,0.474
1779307200,0.703
1779309000,0.724
1779310800,0.288
1779312600,0.144
1779314400,0.519
1779316200,0.315
1779318000,0.111
1779319800,0.084
1779321600,0.095
1779323400,0.116
1779325200,0.114
1779327000,0.115
1779328800,0.114
1779330600,0.112
1779332400,0.082
1779334200,0.083
1779336000,0.058
1779337800,0.077
1779339600,0.094
1779341400,0.081
1779343200,0.076
1779345000,0.046
1779346800,0.043
1779348600,0.057
1779350400,0.213
1779352200,0.164
1779354000,0.149
1779355800,0.131
1779357600,0.141
1779359400,0.125
1779361200,0.096
1779363000,0.096
1779364800,0.123
1779366600,1.014
1779368400,0.609
1779370200,0.234
1779372000,0.734
1779373800,0.949
1779375600,1.349
1779377400,1.084
1779379200,0.658
1779381000,0.344
1779382800,0.304
1779384600,0.549
1779386400,1.678
1779388200,0.834
1779390000,0.704
1779391800,0.421
1779393600,0.735
1779395400,0.449
1779397200,0.248
1779399000,0.24
1779400800,0.236
1779402600,0.547
1779404400,0.241
1779406200,0.167
1779408000,0.17
1779409800,0.166
1779411600,0.168
1779413400,0.167
1779415200,0.159
1779417000,0.135
1779418800,0.151
1779420600,0.165
1779422400,0.132
1779424200,0.139
1779426000,0.148
1779427800,0.111
1779429600,0.095
1779431400,0.169
1779433200,0.169
1779435000,0.139
1779436800,0.136
1779438600,0.089
1779440400,0.119
1779442200,0.102
1779444000,0.089
1779445800,0.119
1779447600,0.311
1779449400,0.532
1779451200,0.114
1779453000,0.093
1779454800,0.096
1779456600,0.111
1779458400,0.079
1779460200,0.089
1779462000,0.113
1779463800,0.305
1779465600,0.237
1779467400,0.206
1779469200,0.119
1779471000,0.114
1779472800,0.123
1779474600,0.333
1779476400,0.189
1779478200,0.768
1779480000,0.698
1779481800,0.321
1779483600,0.376
1779485400,0.427
1779487200,0.341
1779489000,0.207
1779490800,0.257
1779492600,0.12
1779494400,0.122
1779496200,0.089
1779498000,0.1
1779499800,0.119
1779501600,0.084
1779503400,0.092
1779505200,0.118
1779507000,0.094
1779508800,0.068
1779510600,0.077
1779512400,0.087
1779514200,0.052
1779516000,0.06
1779517800,0.078
1779519600,0.045
1779521400,0.157
1779523200,0.138
1779525000,0.099
1779526800,0.506
1779528600,0.377
1779530400,0.186
1779532200,0.087
1779534000,0.117
1779535800,0.246
1779537600,0.083
1779539400,0.057
1779541200,0.409
1779543000,1.155
1779544800,2.09
1779546600,1.108
1779548400,0.651
1779550200,0.323
1779552000,0.859
1779553800,0.933
1779555600,0.133
1779557400,0.105
1779559200,0.142
1779561000,0.119
1779562800,0.139
1779564600,0.159
1779566400,0.135
1779568200,0.166
1779570000,0.177
1779571800,0.147
1779573600,0.322
1779575400,0.185
1779577200,0.334
1779579000,0.762
1779580800,0.411
1779582600,0.11
1779584400,0.085
1779586200,0.088
1779588000,0.106
1779589800,0.074
1779591600,0.1
1779593400,0.096
1779595200,0.04
1779597000,0.073
1779598800,0.072
1779600600,0.038
1779602400,0.068
1779604200,0.088
1779606000,0.089
1779607800,0.071
1779609600,0.028
1779611400,0.039
1779613200,0.054
1779615000,0.024
1779616800,0.34
1779618600,0.561
1779620400,0.149
1779622200,0.351
1779624000,0.852
1779625800,1.236
1779627600,0.101
1779629400,0.106
1779631200,0.108
1779633000,0.095
1779634800,0.625
1779636600,0.828
1779638400,0.527
1779640200,0.068
1779642000,0.066
1779643800,0.04
1779645600,0.154
1779647400,0.08
1779649200,0.054
1779651000,0.092
1779652800,0.27
1779654600,0.202
1779656400,0.336
1779658200,0.505
1779660000,0.311
1779661800,0.305
1779663600,0.126
1779665400,0.119
1779667200,0.118
1779669000,0.115
1779670800,0.116
1779672600,0.114
1779674400,0.115
1779676200,0.114
1779678000,0.114
1779679800,0.112
1779681600,0.076
1779683400,0.075
1779685200,0.092
1779687000,0.081
1779688800,0.079
1779690600,0.078
1779692400,0.159
1779694200,0.476
1779696000,0.769
1779697800,0.227
1779699600,0.077
1779701400,0.613
1779703200,0.211
1779705000,0.528
1779706800,0.765
1779708600,0.117
1779710400,0.061
1779712200,0.061
1779714000,0.061
1779715800,0.062
1779717600,0.373
1779719400,0.223
1779721200,0.128
1779723000,0.126
1779724800,0.988
1779726600,0.554
1779728400,0.207
1779730200,0.242
1779732000,1.184
1779733800,0.831
1779735600,0.505
1779737400,0.528
1779739200,1.284
1779741000,0.589
1779742800,0.231
1779744600,0.319
1779746400,0.274
1779748200,0.254
1779750000,0.2
1779751800,0.152
1779753600,0.145
1779755400,0.139
1779757200,0.13
1779759000,0.127
1779760800,0.126
1779762600,0.119
1779764400,0.094
1779766200,0.084
1779768000,0.052
1779769800,0.101
1779771600,0.079
1779773400,0.086
1779775200,0.072
1779777000,0.07
1779778800,0.077
1779780600,0.146
1779782400,0.093
1779784200,0.147
1779786000,0.121
1779787800,0.12
1779789600,0.127
1779791400,0.128
1779793200,0.122
1779795000,0.135
1779796800,0.169
1779798600,0.437
1779800400,0.162
1779802200,0.283
1779804000,0.319
1779805800,0.16
1779807600,0.162
1779809400,0.163
1779811200,0.723
1779813000,0.408
1779814800,0.306
1779816600,0.266
1779818400,0.18
1779820200,0.149
1779822000,0.147
1779823800,0.119
1779825600,0.286
1779827400,0.473
1779829200,0.245
1779831000,0.218
1779832800,0.342
1779834600,0.268
1779836400,0.222
1779838200,0.218
1779840000,0.217
1779841800,0.221
1779843600,0.212
1779845400,0.168
1779847200,0.165
1779849000,0.159
1779850800,0.147
1779852600,0.139
1779854400,0.099
1779856200,0.086
1779858000,0.094
1779859800,0.093
1779861600,0.091
1779863400,0.091
1779865200,0.093
1779867000,0.14
1779868800,0.32
1779870600,0.293
1779872400,0.152
1779874200,0.143
1779876000,0.169
1779877800,0.153
1779879600,0.151
1779881400,0.137
1779883200,0.122
1779885000,0.137
1779886800,0.102
1779888600,0.097
1779890400,0.081
1779892200,0.637
1779894000,1.172
1779895800,0.717
1779897600,0.686
1779899400,0.256
1779901200,0.201
1779903000,0.258
1779904800,0.198
1779906600,0.219
1779908400,0.177
1779910200,0.195
1779912000,0.23
1779913800,0.212
1779915600,0.21
1779917400,0.21
1779919200,0.263
1779921000,1.2
1779922800,0.542
1779924600,0.145
1779926400,0.228
1779928200,0.232
1779930000,0.262
1779931800,0.212
1779933600,0.184
1779935400,0.182
1779937200,0.181
1779939000,0.163
1779940800,0.111
1779942600,0.111
1779944400,0.07
1779946200,0.132
1779948000,0.069
1779949800,0.066
1779951600,0.089
1779953400,0.119
1779955200,0.137
1779957000,0.1
1779958800,0.093
1779960600,0.08
1779962400,0.081
1779964200,0.08
1779966000,0.182
1779967800,0.101
1779969600,0.098
1779971400,0.094
1779973200,0.081
1779975000,0.083
1779976800,0.112
1779978600,0.137
1779980400,0.153
1779982200,0.153
1779984000,0.159
1779985800,0.188
1779987600,0.228
1779989400,0.166
1779991200,0.171
1779993000,0.224
1779994800,0.241
1779996600,0.293
1779998400,0.789
1780000200,0.672
1780002000,0.222
1780003800,0.21
1780005600,0.193
1780007400,0.197
1780009200,0.175
1780011000,0.148
1780012800,0.118
1780014600,0.089
1780016400,0.087
1780018200,0.088
1780020000,0.091
1780021800,0.094
1780023600,0.11
1780025400,0.1
1780027200,0.076
1780029000,0.085
1780030800,0.1
1780032600,0.086
1780034400,0.149
1780036200,0.087
1780038000,0.085
1780039800,0.085
1780041600,0.08
1780043400,0.164
1780045200,0.09
1780047000,0.096
1780048800,0.092
1780050600,0.754
1780052400,0.424
1780054200,0.299
1780056000,0.227
1780057800,0.54
1780059600,0.793
1780061400,0.386
1780063200,0.249
1780065000,0.207
1780066800,1.067
1780068600,0.747
1780070400,0.212
1780072200,0.204
1780074000,0.343
1780075800,0.253
1780077600,0.139
1780079400,0.126
1780081200,0.147
1780083000,0.4
1780084800,0.879
1780086600,0.411
1780088400,0.353
1780090200,0.62
1780092000,0.293
1780093800,0.273
1780095600,0.264
1780097400,0.252
1780099200,0.246
1780101000,0.492
1780102800,0.194
1780104600,0.19
1780106400,0.188
1780108200,0.19
1780110000,0.189
1780111800,0.177
1780113600,0.15
1780115400,0.151
1780117200,0.158
1780119000,0.144
1780120800,0.061
1780122600,0.054
1780124400,0.055
1780126200,0.055
1780128000,0.055
1780129800,0.705
1780131600,0.593
1780133400,0.242
1780135200,0.151
1780137000,0.353
1780138800,0.385
1780140600,0.155
1780142400,0.13
1780144200,0.133
1780146000,0.202
1780147800,0.129
1780149600,0.135
1780151400,0.136
1780153200,0.134
1780155000,0.135
1780156800,0.158
1780158600,0.151
1780160400,0.506
1780162200,0.345
1780164000,0.15
1780165800,0.136
1780167600,0.127
1780169400,0.136
1780171200,0.171
1780173000,0.185
1780174800,0.186
1780176600,0.19
1780178400,0.255
1780180200,0.234
1780182000,0.236
1780183800,0.218
1780185600,0.214
1780187400,0.212
1780189200,0.213
1780191000,0.213
1780192800,0.2
1780194600,0.212
1780196400,0.237
1780198200,0.218
1780200000,0.207
1780201800,0.206
1780203600,0.206
1780205400,0.247
1780207200,0.251
1780209000,0.212
1780210800,0.199
1780212600,0.192
1780214400,0.19
1780216200,0.193
1780218000,0.194
1780219800,0.193
1780221600,0.227
1780223400,0.25
1780225200,0.292
1780227000,0.227
1780228800,0.189
1780230600,0.163
1780232400,0.163
1780234200,0.165
1780236000,0.183
1780237800,0.161
1780239600,0.161
1780241400,0.175
1780243200,0.187
1780245000,0.184
1780246800,0.184
1780248600,0.252
1780250400,0.437
1780252200,0.158
1780254000,0.341
1780255800,0.186
1780257600,0.199
1780259400,0.186
1780261200,0.192
1780263000,0.893
1780264800,0.203
1780266600,0.134
1780268400,0.115
1780270200,0.089
1780272000,0.106
1780273800,0.127
1780275600,0.128
1780277400,0.148
1780279200,0.292
1780281000,0.215
1780282800,1.064
1780284600,0.872
1780286400,0.134
1780288200,0.133
1780290000,0.132
1780291800,0.132
1780293600,0.131
1780295400,0.114
1780297200,0.08
1780299000,0.109
1780300800,0.08
1780302600,0.046
1780304400,0.081
1780306200,1.381
1780308000,0.34
1780309800,0.098
1780311600,0.098
1780313400,0.268
1780315200,0.146
1780317000,0.116
1780318800,0.194
1780320600,0.135
1780322400,0.134
1780324200,0.15
1780326000,0.222
1780327800,0.525
1780329600,0.753
1780331400,0.161
1780333200,0.209
1780335000,0.16
1780336800,0.152
1780338600,0.494
1780340400,1.033
1780342200,0.47
1780344000,0.291
1780345800,0.287
1780347600,0.252
1780349400,0.253
1780351200,0.249
1780353000,0.263
1780354800,0.22
1780356600,0.622
1780358400,0.428
1780360200,0.853
1780362000,0.225
1780363800,0.155
1780365600,0.155
1780367400,0.153
1780369200,0.161
1780371000,0.16
1780372800,0.147
1780374600,0.117
1780376400,0.132
1780378200,0.097
1780380000,0.061
1780381800,0.06
1780383600,0.12
1780385400,0.163
1780387200,0.087
1780389000,0.128
1780390800,0.056
1780392600,0.058
1780394400,0.056
1780396200,0.055
1780398000,0.081
1780399800,0.097
1780401600,0.094
1780403400,0.098
1780405200,0.095
1780407000,0.097
1780408800,0.655
1780410600,0.1
1780412400,0.107
1780414200,0.192
1780416000,0.147
1780417800,0.141
1780419600,0.14
1780421400,0.132
1780423200,0.112
1780425000,0.101
1780426800,0.113
1780428600,0.118
1780430400,0.126
1780432200,0.147
1780434000,0.739
1780435800,0.673
1780437600,1.117
1780439400,0.206
1780441200,0.256
1780443000,0.175
1780444800,0.174
1780446600,0.173
1780448400,0.171
1780450200,0.172
1780452000,0.173
1780453800,0.178
1780455600,0.178
1780457400,0.164
1780459200,0.135
1780461000,0.138
1780462800,0.167
1780464600,0.302
1780466400,0.093
1780468200,0.122
1780470000,0.127
1780471800,0.065
1780473600,0.046
1780475400,0.066
1780477200,0.076
1780479000,0.074
1780480800,0.073
1780482600,0.083
1780484400,0.072
1780486200,0.073
1780488000,0.075
1780489800,0.087
1780491600,0.124
1780493400,0.127
1780495200,0.118
1780497000,0.12
1780498800,0.564
1780500600,0.736
1780502400,0.193
1780504200,0.19
1780506000,0.593
1780507800,0.771
1780509600,0.138
1780511400,0.13
1780513200,0.131
1780515000,0.128
1780516800,0.098
1780518600,0.113
1780520400,0.2
1780522200,0.161
1780524000,0.136
1780525800,0.317
1780527600,0.228
1780529400,0.139
1780531200,0.779
1780533000,0.737
1780534800,0.137
1780536600,0.138
1780538400,0.139
1780540200,0.137
1780542000,0.161
1780543800,0.164
1780545600,0.127
1780547400,0.091
1780549200,0.095
1780551000,0.156
1780552800,0.095
1780554600,0.121
1780556400,0.062
1780558200,0.059
1780560000,0.06
1780561800,0.059
1780563600,0.038
1780565400,0.028
1780567200,0.029
1780569000,0.029
1780570800,0.029
1780572600,0.029
1780574400,0.029
1780576200,0.037
1780578000,0.048
1780579800,0.066
1780581600,0.065
1780583400,0.066
1780585200,0.097
1780587000,0.229
1780588800,0.855
1780590600,0.553
1780592400,0.219
1780594200,0.445
1780596000,0.279
1780597800,0.304
1780599600,0.36
1780601400,0.355
1780603200,0.359
1780605000,0.324
1780606800,0.11
1780608600,0.453
1780610400,0.087
1780612200,0.072
1780614000,0.2
1780615800,0.157
1780617600,0.698
1780619400,0.525
1780621200,0.148
1780623000,0.135
1780624800,0.167
1780626600,0.148
1780628400,0.133
1780630200,0.142
1780632000,0.121
1780633800,0.093
1780635600,0.112
1780637400,0.214
1780639200,0.079
1780641000,0.058
1780642800,0.065
1780644600,0.143
1780646400,0.048
1780648200,0.101
1780650000,0.408
1780651800,0.191
1780653600,0.249
1780655400,0.149
1780657200,0.21
1780659000,0.273
1780660800,0.223
1780662600,0.087
1780664400,0.204
1780666200,0.19
1780668000,0.089
1780669800,0.142
1780671600,0.203
1780673400,0.208
1780675200,0.308
1780677000,0.194
1780678800,0.286
1780680600,0.18
1780682400,0.106
1780684200,0.181
1780686000,0.185
1780687800,0.329
1780689600,0.239
1780691400,0.25
1780693200,0.148
1780695000,0.203
1780696800,0.327
1780698600,0.44
1780700400,0.351
1780702200,0.338
1780704000,0.273
1780705800,0.373
1780707600,0.558
1780709400,0.748
1780711200,0.336
1780713000,0.331
1780714800,0.332
1780716600,0.341
1780718400,0.335
1780720200,0.343
1780722000,0.387
1780723800,0.313
1780725600,0.197
1780727400,0.194
1780729200,0.163
1780731000,0.126
1780732800,0.12
1780734600,0.133
1780736400,0.464
1780738200,0.627
1780740000,0.629
1780741800,0.205
1780743600,0.129
1780745400,0.118
1780747200,0.657
1780749000,0.125
1780750800,0.127
1780752600,0.118
1780754400,0.685
1780756200,0.287
1780758000,0.119
1780759800,0.148
1780761600,0.337
1780763400,0.159
1780765200,0.149
1780767000,0.097
1780768800,0.088
1780770600,0.088
1780772400,0.224
1780774200,0.389
1780776000,1.282
1780777800,0.536
1780779600,0.759
1780781400,0.701
1780783200,0.388
1780785000,0.381
1780786800,0.311
1780788600,0.294
1780790400,0.341
1780792200,0.349
1780794000,0.361
1780795800,0.348
1780797600,0.624
1780799400,1.289
1780801200,0.721
1780803000,0.286
1780804800,0.188
1780806600,0.187
1780808400,0.186
1780810200,0.184
1780812000,0.159
1780813800,0.193
1780815600,0.213
1780817400,0.572
1780819200,0.717
1780821000,0.832
1780822800,0.542
1780824600,0.705
1780826400,0.763
1780828200,0.525
1780830000,1.143
1780831800,1.66
1780833600,1.005
1780835400,0.71
1780837200,0.394
1780839000,0.162
1780840800,0.062
1780842600,0.113
1780844400,0.07
1780846200,0.061
1780848000,0.061
1780849800,0.072
1780851600,0.063
1780853400,0.103
1780855200,0.237
1780857000,0.152
1780858800,0.127
1780860600,0.231
1780862400,1.006
1780864200,0.772
1780866000,0.584
1780867800,1.213
1780869600,0.319
1780871400,0.349
1780873200,0.45
1780875000,0.76
1780876800,0.618
1780878600,0.199
1780880400,0.199
1780882200,0.198
1780884000,0.206
1780885800,0.227
1780887600,0.317
1780889400,0.226
1780891200,0.224
1780893000,0.62
1780894800,0.219
1780896600,0.213
1780898400,0.282
1780900200,0.287
1780902000,0.21
1780903800,0.283
1780905600,0.245
1780907400,0.266
1780909200,0.163
1780911000,0.259
1780912800,0.803
1780914600,0.754
1780916400,1.261
1780918200,1.051
1780920000,0.386
1780921800,1.495
1780923600,0.964
1780925400,0.204
1780927200,0.191
1780929000,0.193
1780930800,0.189
1780932600,0.267
1780934400,0.192
1780936200,0.357
1780938000,0.202
1780939800,0.159
1780941600,0.163
1780943400,0.182
1780945200,0.155
1780947000,0.134
1780948800,0.209
1780950600,0.234
1780952400,0.212
1780954200,0.228
1780956000,0.277
1780957800,0.224
1780959600,0.192
1780961400,0.349
1780963200,0.207
1780965000,0.19
1780966800,0.198
1780968600,0.217
1780970400,0.191
1780972200,0.184
1780974000,0.19
1780975800,0.195
1780977600,0.16
1780979400,0.145
1780981200,0.163
1780983000,0.186
1780984800,0.193
1780986600,0.222
1780988400,0.596
1780990200,0.259
1780992000,0.187
1780993800,0.22
1780995600,0.166
1780997400,0.172
1780999200,0.146
1781001000,0.606
1781002800,0.358
1781004600,0.227
1781006400,0.179
1781008200,0.23
1781010000,0.18
1781011800,0.216
1781013600,0.477
1781015400,0.45
1781017200,0.555
1781019000,0.662
1781020800,0.667
1781022600,1.025
1781024400,0.365
1781026200,0.374
1781028000,0.411
1781029800,0.95
1781031600,0.911
1781033400,0.287
1781035200,0.427
1781037000,0.432
1781038800,0.391
1781040600,0.374
1781042400,0.951
1781044200,0.328
1781046000,0.299
1781047800,0.215
1781049600,0.241
1781051400,0.209
1781053200,0.214
1781055000,0.234
1781056800,0.218
1781058600,1.138
1781060400,0.869
1781062200,0.203
1781064000,0.159
1781065800,0.332
1781067600,0.291
1781069400,0.186
1781071200,0.171
1781073000,0.189
1781074800,0.167
1781076600,0.405
1781078400,0.239
1781080200,0.181
1781082000,0.142
1781083800,0.151
1781085600,0.176
1781087400,0.144
1781089200,0.146
1781091000,0.744
1781092800,0.769
1781094600,0.301
1781096400,0.173
1781098200,0.163
1781100000,0.139
1781101800,0.167
1781103600,0.163
1781105400,0.44
1781107200,1.242
1781109000,0.229
1781110800,0.176
1781112600,0.184
1781114400,0.224
1781116200,0.182
1781118000,0.192
1781119800,0.284
1781121600,0.477
1781123400,1.421
1781125200,0.421
1781127000,0.289
1781128800,0.188
1781130600,0.645
1781132400,0.821
1781134200,0.205
1781136000,0.167
1781137800,0.183
1781139600,0.161
1781141400,0.142
1781143200,0.132
1781145000,0.162
1781146800,0.16
1781148600,0.122
1781150400,0.091
1781152200,0.183
1781154000,0.446
1781155800,0.076
1781157600,0.057
1781159400,0.081
1781161200,0.068
1781163000,0.045
1781164800,0.117
1781166600,0.066
1781168400,0.037
1781170200,0.041
1781172000,0.07
1781173800,0.052
1781175600,0.038
1781177400,0.062
1781179200,0.079
1781181000,0.056
1781182800,0.062
1781184600,1.196
1781186400,0.52
1781188200,0.955
1781190000,0.139
1781191800,0.385
1781193600,0.706
1781195400,0.625
1781197200,0.364
1781199000,0.113
1781200800,0.09
1781202600,0.062
1781204400,0.535
1781206200,0.287
1781208000,0.102
1781209800,0.303
1781211600,0.392
1781213400,0.26
1781215200,0.254
1781217000,0.245
1781218800,0.225
1781220600,0.265
1781222400,0.265
1781224200,0.275
1781226000,0.293
1781227800,0.297
1781229600,0.267
1781231400,0.272
1781233200,0.314
1781235000,0.14
1781236800,0.131
1781238600,0.31
1781240400,0.14
1781242200,0.114
1781244000,0.109
1781245800,0.135
1781247600,0.157
1781249400,0.139
1781251200,0.155
1781253000,0.183
1781254800,0.156
1781256600,0.113
1781258400,0.092
1781260200,0.08
1781262000,0.105
1781263800,0.121
1781265600,0.084
1781267400,0.093
1781269200,0.121
1781271000,0.123
1781272800,0.097
1781274600,0.103
1781276400,0.077
1781278200,0.159
1781280000,0.423
1781281800,0.083
1781283600,0.143
1781285400,0.097
1781287200,0.081
1781289000,0.393
1781290800,0.106
1781292600,0.12
1781294400,0.172
1781296200,0.129
1781298000,0.162
1781299800,0.15
1781301600,0.12
1781303400,0.146
1781305200,0.132
1781307000,0.117
1781308800,0.111
1781310600,0.087
1781312400,0.068
1781314200,0.084
1781316000,0.101
1781317800,0.069
1781319600,0.068
1781321400,0.084
1781323200,0.049
1781325000,0.028
1781326800,0.05
1781328600,0.067
1781330400,0.037
1781332200,0.062
1781334000,0.059
1781335800,0.038
1781337600,0.029
1781339400,0.187
1781341200,0.116
1781343000,0.114
1781344800,0.024
1781346600,0.052
1781348400,0.061
1781350200,0.038
1781352000,0.038
1781353800,0.056
1781355600,0.047
1781357400,0.068
1781359200,0.102
1781361000,0.205
1781362800,0.237
1781364600,0.113
1781366400,0.268
1781368200,0.108
1781370000,0.215
1781371800,0.204
1781373600,0.949
1781375400,0.346
1781377200,0.139
1781379000,0.123
1781380800,0.158
1781382600,0.18
1781384400,0.255
1781386200,0.183
1781388000,0.149
1781389800,0.166
1781391600,0.105
1781393400,0.078
1781395200,0.107
1781397000,0.129
1781398800,0.199
1781400600,0.211
1781402400,0.183
1781404200,0.18
1781406000,0.213
1781407800,0.172
1781409600,0.14
1781411400,0.164
1781413200,0.17
1781415000,0.149
1781416800,0.197
1781418600,0.236
1781420400,0.209
1781422200,0.135
1781424000,0.165
1781425800,0.145
1781427600,0.195
1781429400,0.965
1781431200,0.38
1781433000,0.289
1781434800,0.297
1781436600,0.316
1781438400,0.144
1781440200,0.132
1781442000,0.16
1781443800,0.145
1781445600,0.132
1781447400,0.158
1781449200,0.148
1781451000,0.131
1781452800,0.182
1781454600,0.094
1781456400,0.306
1781458200,0.116
1781460000,0.087
1781461800,0.089
1781463600,0.119
1781465400,1.038
1781467200,1.791
1781469000,1.243
1781470800,0.443
1781472600,0.271
1781474400,0.14
1781476200,0.17
1781478000,0.167
1781479800,0.202
1781481600,0.421
1781483400,0.284
1781485200,0.228
1781487000,0.195
1781488800,0.172
1781490600,0.158
1781492400,0.156
1781494200,0.128
1781496000,0.115
1781497800,0.114
1781499600,0.133
1781501400,0.118
1781503200,0.123
1781505000,0.879
1781506800,0.384
1781508600,0.067
1781510400,0.041
1781512200,0.026
1781514000,0.045
1781515800,0.543
1781517600,0.05
1781519400,0.056
1781521200,0.118
1781523000,0.769
1781524800,0.24
1781526600,0.113
1781528400,0.112
1781530200,0.117
1781532000,0.202
1781533800,0.17
1781535600,0.534
1781537400,0.475
1781539200,0.714
1781541000,0.132
1781542800,0.131
1781544600,0.114
1781546400,0.127
1781548200,0.153
1781550000,0.139
1781551800,0.138
1781553600,0.161
1781555400,0.171
1781557200,0.171
1781559000,0.166
1781560800,0.33
1781562600,0.849
1781564400,0.688
1781566200,0.203
1781568000,0.235
1781569800,1.068
1781571600,0.885
1781573400,0.173
1781575200,0.173
1781577000,0.164
1781578800,0.36
1781580600,0.494
1781582400,0.13
1781584200,0.133
1781586000,0.107
1781587800,0.132
1781589600,0.812
1781591400,0.33
1781593200,0.111
1781595000,0.091
1781596800,0.052
1781598600,0.111
1781600400,0.105
1781602200,0.127
1781604000,0.113
1781605800,0.08
1781607600,0.154
1781609400,0.108
1781611200,0.124
1781613000,0.072
1781614800,0.068
1781616600,0.203
1781618400,0.236
1781620200,0.253
1781622000,0.642
1781623800,0.199
1781625600,0.08
1781627400,0.062
1781629200,0.055
1781631000,0.055
1781632800,0.033
1781634600,0.023
1781636400,0.023
1781638200,0.091
1781640000,0.379
1781641800,0.189
1781643600,0.173
1781645400,0.174
1781647200,0.172
1781649000,0.14
1781650800,1.071
1781652600,0.546
1781654400,0.257
1781656200,0.162
1781658000,0.213
1781659800,0.154
1781661600,0.141
1781663400,0.123
1781665200,0.123
1781667000,0.123
1781668800,0.13
1781670600,0.118
1781672400,0.137
1781674200,0.136
1781676000,0.093
1781677800,0.136
1781679600,0.054
1781681400,0.08
1781683200,0.065
1781685000,0.057
1781686800,0.154
1781688600,0.306
1781690400,0.074
1781692200,0.086
1781694000,0.089
1781695800,0.086
1781697600,0.115
1781699400,0.12
1781701200,0.121
1781703000,0.12
1781704800,0.101
1781706600,0.084
1781708400,0.066
1781710200,0.072
1781712000,0.069
1781713800,0.083
1781715600,0.375
1781717400,0.162
1781719200,0.135
1781721000,0.13
1781722800,0.126
1781724600,0.562
1781726400,0.341
1781728200,0.167
1781730000,0.171
1781731800,0.175
1781733600,0.168
1781735400,0.156
1781737200,0.136
1781739000,0.134
1781740800,0.081
1781742600,0.109
1781744400,0.114
1781746200,0.112
1781748000,0.111
1781749800,0.099
1781751600,0.078
1781753400,0.072
1781755200,0.039
1781757000,0.043
1781758800,0.173
1781760600,0.092
1781762400,0.072
1781764200,0.113
1781766000,0.065
1781767800,0.217
1781769600,0.11
1781771400,0.052
1781773200,0.056
1781775000,0.055
1781776800,0.047
1781778600,0.023
1781780400,0.023
1781782200,0.024
1781784000,0.027
1781785800,0.113
1781787600,0.442
1781789400,0.06
1781791200,0.054
1781793000,0.025
1781794800,0.034
1781796600,0.087
1781798400,0.192
1781800200,0.137
1781802000,0.624
1781803800,0.142
1781805600,0.127
1781807400,0.135
1781809200,0.114
1781811000,0.137
1781812800,0.095
1781814600,0.114
1781816400,0.113
1781818200,0.098
1781820000,0.132
1781821800,0.168
1781823600,0.171
1781825400,0.179
1781827200,0.18
1781829000,0.173
1781830800,0.172
1781832600,0.129
1781834400,0.124
1781836200,0.124
1781838000,0.14
1781839800,0.143
1781841600,0.118
1781843400,0.117
1781845200,0.083
1781847000,0.035
1781848800,0.035
1781850600,0.034
1781852400,0.058
1781854200,0.068
1781856000,0.067
1781857800,0.461
1781859600,0.372
1781861400,0.234
1781863200,0.149
1781865000,0.29
1781866800,0.308
1781868600,0.129
1781870400,0.119
1781872200,0.117
1781874000,0.116
1781875800,0.111
1781877600,0.063
1781879400,0.073
1781881200,0.166
1781883000,0.089
1781884800,0.116
1781886600,0.127
1781888400,0.137
1781890200,0.259
1781892000,0.119
1781893800,0.075
1781895600,0.065
1781897400,0.213
1781899200,0.181
1781901000,0.153
1781902800,0.161
1781904600,0.188
1781906400,0.227
1781908200,0.158
1781910000,0.181
1781911800,0.332
1781913600,0.225
1781915400,0.212
1781917200,0.177
1781919000,0.154
1781920800,0.137
1781922600,0.121
1781924400,0.12
1781926200,0.104
1781928000,0.092
1781929800,0.1
1781931600,0.116
1781933400,0.125
1781935200,0.068
1781937000,0.064
1781938800,0.064
1781940600,0.137
1781942400,0.104
1781944200,0.097
1781946000,0.074
1781947800,0.454
1781949600,0.491
1781951400,0.727
1781953200,0.667
1781955000,0.741
1781956800,0.187
1781958600,0.068
1781960400,0.071
1781962200,0.067
1781964000,0.265
1781965800,0.129
1781967600,0.107
1781969400,0.104
1781971200,0.125
1781973000,0.084
1781974800,0.142
1781976600,0.117
1781978400,0.155
1781980200,0.18
1781982000,0.425
1781983800,0.178
1781985600,0.154
1781987400,0.141
1781989200,0.104
1781991000,0.175
1781992800,0.165
1781994600,0.168
1781996400,0.185
1781998200,0.19
1782000000,0.167
1782001800,0.162
1782003600,0.145
1782005400,0.132
1782007200,0.129
1782009000,0.129
1782010800,0.138
1782012600,0.156
1782014400,0.141
1782016200,0.141
1782018000,0.139
1782019800,0.086
1782021600,0.053
1782023400,0.052
1782025200,0.062
1782027000,0.063
1782028800,0.072
1782030600,0.086
1782032400,0.379
1782034200,1.173
1782036000,0.151
1782037800,0.134
1782039600,0.089
1782041400,0.062
1782043200,0.052
1782045000,0.043
1782046800,0.088
1782048600,0.187
1782050400,0.136
1782052200,0.136
1782054000,0.135
1782055800,0.133
1782057600,0.136
1782059400,0.137
1782061200,0.133
1782063000,0.312
1782064800,0.174
1782066600,0.123
1782068400,0.098
1782070200,0.086
1782072000,0.088
1782073800,0.117
1782075600,0.369
1782077400,0.257
1782079200,0.477
1782081000,0.372
1782082800,0.277
1782084600,0.225
1782086400,0.185
1782088200,0.182
1782090000,0.183
1782091800,0.186
1782093600,0.184
1782095400,0.181
1782097200,0.179
1782099000,0.162
1782100800,0.135
1782102600,0.135
1782104400,0.14
1782106200,0.427
1782108000,0.516
1782109800,0.162
1782111600,0.108
1782113400,0.103
1782115200,0.104
1782117000,0.105
1782118800,0.298
1782120600,0.104
1782122400,0.253
1782124200,0.375
1782126000,0.136
1782127800,0.14
1782129600,0.462
1782131400,0.302
1782133200,0.689
1782135000,0.761
1782136800,1.599
1782138600,1.015
1782140400,0.808
1782142200,1.688
1782144000,0.81
1782145800,0.702
1782147600,0.39
1782149400,0.156
1782151200,0.54
1782153000,0.156
1782154800,0.186
1782156600,0.198
1782158400,0.192
1782160200,0.187
1782162000,0.2
1782163800,0.216
1782165600,0.196
1782167400,0.175
1782169200,0.163
1782171000,0.161
1782172800,0.162
1782174600,0.413
1782176400,0.969
1782178200,0.593
1782180000,0.226
1782181800,0.181
1782183600,0.178
1782185400,0.169
1782187200,0.134
1782189000,0.121
1782190800,0.069
1782192600,0.045
1782194400,0.08
1782196200,0.161
1782198000,0.104
1782199800,0.079
1782201600,0.075
1782203400,0.076
1782205200,0.16
1782207000,0.081
1782208800,0.08
1782210600,0.078
1782212400,0.739
1782214200,0.129
1782216000,0.079
1782217800,0.045
1782219600,0.064
1782221400,0.082
1782223200,0.076
1782225000,0.077
1782226800,0.077
1782228600,0.119
1782230400,0.12
1782232200,0.245
1782234000,0.137
1782235800,0.133
1782237600,0.214
1782239400,0.285
1782241200,0.161
1782243000,0.101
1782244800,0.102
1782246600,0.157
1782248400,0.213
1782250200,0.217
1782252000,0.219
1782253800,0.247
1782255600,0.235
1782257400,0.244
1782259200,0.216
1782261000,0.175
1782262800,0.208
1782264600,0.172
1782266400,0.239
1782268200,0.248
1782270000,0.245
1782271800,0.227
1782273600,0.205
1782275400,0.205
1782277200,0.277
1782279000,0.224
1782280800,0.203
1782282600,0.4
1782284400,0.892
1782286200,0.412
1782288000,0.214
1782289800,0.203
1782291600,0.202
1782293400,0.46
1782295200,0.224
1782297000,0.322
1782298800,0.244
1782300600,0.23
1782302400,0.217
1782304200,0.218
1782306000,0.216
1782307800,0.217
1782309600,0.217
1782311400,0.453
1782313200,0.22
1782315000,0.095
1782316800,0.099
1782318600,0.098
1782320400,0.102
1782322200,0.118
1782324000,0.385
1782325800,0.163
1782327600,0.144
1782329400,0.133
1782331200,0.128
1782333000,0.152
1782334800,0.148
1782336600,0.151
1782338400,0.573
1782340200,0.159
1782342000,0.174
1782343800,0.244
1782345600,0.386
1782347400,0.214
1782349200,0.158
1782351000,0.156
1782352800,0.151
1782354600,0.152
1782356400,0.15
1782358200,0.133
1782360000,0.109
1782361800,0.106
1782363600,0.125
1782365400,0.103
1782367200,0.105
1782369000,0.156
1782370800,0.126
1782372600,0.092
1782374400,0.089
1782376200,0.09
1782378000,0.095
1782379800,0.102
1782381600,0.519
1782383400,0.303
1782385200,0.563
1782387000,0.121
1782388800,0.113
1782390600,0.113
1782392400,0.11
1782394200,0.116
1782396000,0.115
1782397800,0.115
1782399600,0.121
1782401400,0.117
1782403200,0.129
1782405000,0.597
1782406800,0.772
1782408600,0.183
1782410400,0.173
1782412200,0.124
1782414000,0.124
1782415800,0.544
1782417600,0.22
1782419400,0.887
1782421200,0.349
1782423000,0.186
1782424800,0.184
1782426600,0.177
1782428400,0.212
1782430200,0.169
1782432000,0.169
1782433800,0.182
1782435600,0.186
1782437400,0.173
1782439200,0.172
1782441000,0.173
1782442800,0.168
1782444600,0.137
1782446400,0.114
1782448200,0.116
1782450000,0.182
1782451800,0.154
1782453600,0.115
1782455400,0.114
1782457200,0.101
1782459000,0.096
1782460800,0.101
1782462600,0.109
1782464400,0.103
1782466200,0.119
1782468000,0.124
1782469800,0.364
1782471600,0.297
1782473400,0.205
1782475200,0.153
1782477000,0.098
1782478800,0.101
1782480600,0.099
1782482400,0.094
1782484200,0.096
1782486000,0.1
1782487800,0.099
1782489600,0.099
1782491400,0.664
1782493200,0.533
1782495000,0.099
1782496800,0.116
1782498600,0.119
1782500400,0.179
1782502200,0.253
1782504000,0.134
1782505800,0.167
1782507600,0.719
1782509400,0.733
1782511200,0.395
1782513000,0.236
1782514800,0.235
1782516600,0.229
1782518400,0.231
1782520200,0.227
1782522000,0.298
1782523800,0.271
1782525600,0.24
1782527400,0.229
1782529200,0.227
1782531000,0.224
1782532800,0.192
1782534600,0.19
1782536400,0.189
1782538200,0.188
1782540000,0.305
1782541800,0.306
1782543600,0.201
1782545400,0.227
1782547200,0.139
1782549000,0.137
1782550800,0.144
1782552600,0.194
1782554400,0.205
1782556200,0.125
1782558000,0.144
1782559800,0.137
1782561600,0.123
1782563400,0.125
1782565200,0.123
1782567000,0.123
1782568800,0.132
1782570600,0.137
1782572400,0.136
1782574200,0.142
1782576000,0.191
1782577800,0.979
1782579600,0.33
1782581400,0.139
1782583200,0.14
1782585000,0.139
1782586800,0.139
1782588600,0.943
1782590400,0.544
1782592200,0.507
1782594000,0.225
1782595800,0.219
1782597600,0.203
1782599400,0.191
1782601200,0.202
1782603000,0.217
1782604800,0.321
1782606600,0.242
1782608400,0.233
1782610200,0.227
1782612000,0.225
1782613800,0.224
1782615600,0.21
1782617400,0.194
1782619200,0.177
1782621000,0.179
1782622800,0.196
1782624600,0.256
1782626400,0.205
1782628200,0.173
1782630000,0.17
1782631800,0.146
1782633600,0.103
1782635400,0.104
1782637200,0.1
1782639000,0.142
1782640800,0.102
1782642600,0.1
1782644400,0.104
1782646200,0.117
1782648000,0.114
1782649800,0.113
1782651600,0.107
1782653400,0.083
1782655200,0.072
1782657000,0.127
1782658800,0.147
1782660600,0.123
1782662400,0.121
1782664200,0.125
1782666000,0.701
1782667800,1.005
1782669600,0.189
1782671400,0.163
1782673200,0.178
1782675000,0.147
1782676800,0.165
1782678600,0.254
1782680400,0.366
1782682200,0.304
1782684000,0.268
1782685800,0.194
1782687600,0.19
1782689400,0.189
1782691200,0.191
1782693000,0.185
1782694800,0.183
1782696600,0.19
1782698400,0.187
1782700200,0.131
1782702000,0.126
1782703800,0.111
1782705600,0.137
1782707400,0.082
1782709200,0.09
1782711000,0.073
1782712800,0.061
1782714600,0.063
1782716400,0.479
1782718200,0.6
1782720000,0.137
1782721800,0.104
1782723600,0.51
1782725400,0.603
1782727200,0.255
1782729000,0.398
1782730800,0.602
1782732600,0.116
1782734400,0.141
1782736200,0.552
1782738000,1.403
1782739800,1.109
1782741600,1.036
1782743400,0.806
1782745200,0.292
1782747000,0.251
1782748800,0.797
1782750600,0.773
1782752400,0.167
1782754200,0.156
1782756000,0.458
1782757800,1.145
1782759600,0.428
1782761400,0.191
1782763200,0.211
1782765000,0.25
1782766800,0.291
1782768600,0.215
1782770400,0.18
1782772200,0.189
1782774000,0.18
1782775800,0.175
1782777600,0.47
1782779400,1.014
1782781200,0.178
1782783000,0.178
1782784800,0.177
1782786600,0.176
1782788400,0.177
1782790200,0.164
1782792000,0.137
1782793800,0.095
1782795600,0.075
1782797400,0.047
1782799200,0.04
1782801000,0.174
1782802800,0.089
1782804600,0.106
1782806400,0.239
1782808200,0.177
1782810000,0.114
1782811800,0.346
1782813600,0.104
1782815400,0.101
1782817200,0.095
1782819000,0.164
1782820800,0.177
1782822600,0.311
1782824400,0.171
1782826200,0.148
1782828000,0.436
1782829800,0.395
1782831600,0.211
1782833400,0.13
1782835200,0.145
1782837000,0.131
1782838800,0.134
1782840600,0.131
1782842400,0.231
1782844200,0.254
1782846000,0.913
1782847800,0.745
1782849600,0.622
1782851400,0.233
1782853200,0.611
1782855000,1.121
1782856800,0.754
1782858600,0.203
1782860400,0.236
1782862200,0.213
1782864000,0.173
1782865800,0.173
1782867600,0.19
1782869400,0.189
1782871200,0.19
1782873000,0.191
1782874800,0.192
1782876600,0.184
1782878400,0.127
1782880200,0.129
1782882000,0.135
1782883800,0.133
1782885600,0.122
1782887400,0.119
1782889200,0.113
1782891000,0.062
1782892800,0.873
1782894600,0.601
1782896400,0.476
1782898200,0.71
1782900000,0.563
1782901800,1.109
1782903600,0.648
1782905400,0.328
1782907200,0.175
1782909000,0.153
1782910800,0.401
1782912600,1.391
1782914400,0.977
1782916200,0.498
1782918000,0.119
1782919800,0.436
1782921600,0.244
1782923400,0.187
1782925200,0.158
1782927000,0.129
1782928800,0.13
1782930600,0.359
1782932400,1.036
1782934200,0.677
1782936000,0.678
1782937800,0.582
1782939600,0.374
1782941400,0.234
1782943200,0.251
1782945000,0.549
1782946800,0.701
1782948600,0.366
1782950400,0.379
1782952200,0.728
1782954000,0.386
1782955800,0.189
1782957600,0.19
1782959400,0.188
1782961200,0.175
1782963000,0.172
1782964800,0.191
1782966600,0.147
1782968400,0.176
1782970200,0.205
1782972000,0.124
1782973800,0.179
1782975600,0.128
1782977400,0.097
1782979200,0.804
1782981000,0.093
1782982800,0.094
1782984600,0.13
1782986400,0.133
1782988200,0.141
1782990000,0.201
1782991800,0.155
1782993600,0.136
1782995400,0.124
1782997200,0.184
1782999000,0.138
1783000800,0.135
1783002600,0.133
1783004400,0.147
1783006200,0.386
1783008000,0.148
1783009800,0.142
1783011600,0.161
1783013400,0.104
1783015200,0.099
1783017000,0.178
1783018800,0.171
1783020600,0.214
1783022400,0.167
1783024200,0.21
1783026000,0.207
1783027800,0.197
1783029600,0.196
1783031400,0.19
1783033200,0.189
1783035000,0.188
1783036800,0.189
1783038600,0.196
1783040400,0.194
1783042200,0.191
1783044000,0.192
1783045800,0.192
1783047600,0.189
1783049400,0.162
1783051200,0.149
1783053000,0.148
1783054800,0.142
1783056600,0.099
1783058400,0.097
1783060200,0.156
1783062000,0.149
1783063800,0.105
1783065600,0.076
1783067400,0.076
1783069200,0.164
1783071000,0.29
1783072800,0.152
1783074600,0.156
1783076400,0.12
1783078200,0.09
1783080000,0.083
1783081800,0.133
1783083600,0.149
1783085400,0.127
1783087200,0.091
1783089000,0.095
1783090800,0.097
1783092600,0.292
1783094400,0.097
1783096200,0.123
1783098000,0.123
1783099800,0.127
1783101600,0.118
1783103400,0.119
1783105200,0.347
1783107000,0.236
1783108800,0.131
1783110600,0.17
1783112400,0.394
1783114200,0.671
1783116000,0.258
1783117800,0.191
1783119600,0.171
1783121400,0.165
1783123200,0.163
1783125000,0.163
1783126800,0.167
1783128600,0.165
1783130400,0.166
1783132200,0.165
1783134000,0.162
1783135800,0.151
1783137600,0.121
1783139400,0.149
1783141200,0.243
1783143000,0.123
1783144800,0.069
1783146600,0.067
1783148400,0.076
1783150200,0.073
1783152000,0.401
1783153800,0.248
1783155600,0.077
1783157400,0.152
1783159200,0.059
1783161000,0.038
1783162800,0.378
1783164600,0.305
1783166400,0.037
1783168200,0.043
1783170000,0.054
1783171800,0.064
1783173600,0.05
1783175400,0.066
1783177200,0.071
1783179000,0.172
1783180800,0.091
1783182600,0.075
1783184400,0.077
1783186200,0.179
1783188000,0.2
1783189800,0.439
1783191600,0.138
1783193400,0.101
1783195200,0.098
1783197000,0.106
1783198800,0.107
1783200600,0.733
1783202400,0.385
1783204200,0.123
1783206000,0.223
1783207800,0.26
1783209600,0.561
1783211400,1.324
1783213200,0.382
1783215000,0.192
1783216800,0.181
1783218600,0.18
1783220400,0.18
1783222200,0.178
1783224000,0.144
1783225800,0.14
1783227600,0.183
1783229400,0.185
1783231200,0.121
1783233000,0.097
1783234800,0.133
1783236600,0.08
1783238400,0.077
1783240200,0.144
1783242000,0.971
1783243800,0.233
1783245600,0.113
1783247400,0.109
1783249200,0.126
1783251000,0.114
1783252800,0.115
1783254600,0.112
1783256400,0.112
1783258200,0.084
1783260000,0.489
1783261800,0.072
1783263600,0.069
1783265400,0.058
1783267200,0.054
1783269000,0.053
1783270800,0.054
1783272600,0.053
1783274400,0.054
1783276200,0.055
1783278000,0.102
1783279800,0.507
1783281600,0.1
1783283400,0.122
1783285200,0.174
1783287000,0.183
1783288800,0.193
1783290600,0.251
1783292400,0.191
1783294200,0.183
1783296000,0.171
1783297800,0.179
1783299600,0.162
1783301400,0.161
1783303200,0.171
1783305000,0.171
1783306800,0.135
1783308600,0.097
1783310400,0.064
1783312200,0.037
1783314000,0.051
1783315800,0.042
1783317600,0.034
1783319400,0.032
1783321200,0.033
1783323000,0.136
1783324800,0.493
1783326600,0.207
1783328400,0.12
1783330200,0.268
1783332000,0.119
1783333800,0.128
1783335600,0.136
1783337400,0.168
1783339200,0.09
1783341000,0.72
1783342800,0.842
1783344600,0.284
1783346400,0.284
1783348200,0.221
1783350000,0.137
1783351800,1.213
1783353600,0.691
1783355400,0.177
1783357200,0.659
1783359000,0.395
1783360800,0.155
1783362600,0.15
1783364400,0.155
1783366200,0.164
1783368000,0.189
1783369800,0.194
1783371600,0.196
1783373400,0.201
1783375200,0.204
1783377000,0.2
1783378800,0.204
1783380600,0.482
1783382400,0.491
1783384200,0.201
1783386000,0.178
1783387800,0.177
1783389600,0.174
1783391400,0.169
1783393200,0.171
1783395000,0.169
1783396800,0.132
1783398600,0.129
1783400400,0.146
1783402200,0.138
1783404000,0.13
1783405800,0.214
1783407600,0.17
1783409400,0.189
1783411200,0.46
1783413000,0.131
1783414800,0.127
1783416600,0.766
1783418400,0.455
1783420200,0.475
1783422000,0.146
1783423800,0.261
1783425600,0.133
1783427400,0.551
1783429200,1.95
1783431000,1.943
1783432800,0.679
1783434600,0.701
1783436400,1.003
1783438200,0.332
1783440000,0.197
1783441800,0.167
1783443600,0.14
1783445400,0.147
1783447200,0.231
1783449000,0.14
1783450800,0.138
1783452600,0.14
1783454400,0.085
1783456200,0.109
1783458000,0.144
1783459800,0.295
1783461600,0.176
1783463400,0.188
1783465200,0.181
1783467000,0.177
1783468800,0.178
1783470600,0.177
1783472400,0.182
1783474200,0.189
1783476000,0.182
1783477800,0.183
1783479600,0.182
1783481400,0.171
1783483200,0.141
1783485000,0.143
1783486800,0.144
1783488600,0.149
1783490400,0.146
1783492200,0.142
1783494000,0.163
1783495800,0.448
1783497600,0.3
1783499400,0.142
1783501200,0.139
1783503000,0.141
1783504800,0.305
1783506600,0.167
1783508400,0.186
1783510200,0.555
1783512000,0.187
1783513800,0.185
1783515600,0.157
1783517400,1.007
1783519200,0.669
1783521000,0.661
1783522800,0.628
1783524600,0.263
1783526400,0.243
1783528200,0.158
1783530000,0.363
1783531800,0.151
1783533600,0.148
1783535400,0.152
1783537200,0.147
1783539000,0.144
1783540800,0.152
1783542600,0.272
1783544400,0.209
1783546200,0.21
1783548000,0.193
1783549800,0.242
1783551600,0.194
1783553400,0.176
1783555200,0.173
1783557000,0.172
1783558800,0.17
1783560600,0.17
1783562400,0.17
1783564200,0.171
1783566000,0.174
1783567800,0.168
1783569600,0.135
1783571400,0.14
1783573200,0.169
1783575000,0.127
1783576800,0.122
1783578600,0.202
1783580400,0.132
1783582200,0.11
1783584000,0.211
1783585800,0.113
1783587600,0.157
1783589400,0.117
1783591200,0.117
1783593000,0.117
1783594800,0.117
1783596600,0.117
1783598400,0.183
1783600200,0.39
1783602000,0.214
1783603800,0.161
1783605600,0.274
1783607400,0.158
1783609200,0.129
1783611000,0.128
1783612800,0.147
1783614600,0.526
1783616400,0.583
1783618200,0.308
1783620000,0.136
1783621800,0.149
1783623600,0.109
1783625400,0.1
1783627200,0.098
1783629000,0.126
1783630800,0.136
1783632600,0.559
1783634400,0.375
1783636200,0.147
1783638000,0.217
1783639800,0.211
1783641600,0.211
1783643400,0.21
1783645200,0.21
1783647000,0.209
1783648800,0.208
1783650600,0.212
1783652400,0.21
1783654200,0.199
1783656000,0.168
1783657800,0.167
1783659600,0.243
1783661400,0.194
1783663200,0.166
1783665000,0.151
1783666800,0.169
1783668600,0.153
1783670400,0.148
1783672200,0.145
1783674000,0.164
1783675800,0.73
1783677600,0.936
1783679400,0.18
1783681200,0.201
1783683000,0.569
1783684800,0.525
1783686600,0.277
1783688400,0.31
1783690200,0.676
1783692000,0.446
1783693800,0.193
1783695600,0.146
1783697400,0.311
1783699200,0.505
1783701000,0.144
1783702800,0.094
1783704600,0.181
1783706400,0.097
1783708200,0.1
1783710000,0.097
1783711800,0.108
1783713600,0.106
1783715400,0.147
1783717200,0.148
1783719000,0.146
1783720800,0.208
1783722600,0.315
1783724400,0.216
1783726200,0.216
1783728000,0.214
1783729800,0.203
1783731600,0.204
1783733400,0.203
1783735200,0.201
1783737000,0.166
1783738800,0.138
1783740600,0.135
1783742400,0.104
1783744200,0.108
1783746000,0.123
1783747800,0.102
1783749600,0.101
1783751400,0.194
1783753200,0.115
1783755000,0.103
1783756800,0.114
1783758600,0.1
1783760400,0.143
1783762200,0.218
1783764000,0.372
1783765800,0.253
1783767600,0.154
1783769400,0.146
1783771200,0.138
1783773000,0.138
1783774800,0.137
1783776600,0.138
1783778400,0.136
1783780200,0.137
1783782000,0.137
1783783800,0.137
1783785600,0.138
1783787400,0.137
1783789200,0.134
1783791000,0.136
1783792800,0.142
1783794600,0.257
1783796400,0.255
1783798200,0.147
1783800000,0.162
1783801800,0.19
1783803600,0.188
1783805400,0.193
1783807200,0.185
1783809000,0.205
1783810800,0.247
1783812600,0.233
1783814400,0.217
1783816200,0.209
1783818000,0.211
1783819800,0.212
1783821600,0.211
1783823400,0.207
1783825200,0.207
1783827000,0.205
1783828800,0.193
1783830600,0.162
1783832400,0.163
1783834200,0.189
1783836000,0.163
1783837800,0.103
1783839600,0.093
1783841400,0.092
1783843200,0.087
1783845000,0.221
1783846800,0.131
1783848600,0.088
1783850400,0.084
1783852200,0.091
1783854000,0.092
1783855800,0.089
1783857600,0.088
1783859400,0.487
1783861200,2.027
1783863000,1.501
1783864800,0.17
1783866600,0.149
1783868400,0.135
1783870200,0.132
1783872000,0.132
1783873800,0.129
1783875600,0.127
1783877400,0.134
1783879200,0.223
1783881000,0.249
1783882800,0.178
1783884600,0.306
1783886400,0.175
1783888200,0.245
1783890000,0.186
1783891800,0.177
1783893600,0.176
1783895400,0.187
1783897200,0.199
1783899000,0.198
1783900800,0.198
1783902600,0.196
1783904400,0.192
1783906200,0.192
1783908000,0.185
1783909800,0.183
1783911600,0.181
1783913400,0.128
1783915200,0.117
1783917000,0.088
1783918800,0.088
1783920600,0.073
1783922400,0.079
1783924200,0.074
1783926000,0.078
1783927800,0.163
1783929600,0.079
1783931400,0.099
1783933200,0.069
1783935000,0.102
1783936800,0.119
1783938600,0.265
1783940400,0.117
1783942200,0.168
1783944000,0.151
1783945800,0.122
1783947600,0.287
1783949400,0.754
1783951200,0.149
1783953000,0.15
1783954800,0.132
1783956600,0.112
1783958400,0.118
1783960200,0.116
1783962000,0.129
1783963800,0.22
1783965600,0.505
1783967400,1.08
1783969200,0.403
1783971000,0.115
1783972800,0.113
1783974600,0.141
1783976400,0.159
1783978200,0.17
1783980000,0.188
1783981800,0.183
1783983600,0.486
1783985400,0.377
1783987200,0.493
1783989000,0.252
1783990800,0.203
1783992600,0.2
1783994400,0.2
1783996200,0.198
1783998000,0.322
1783999800,0.922
1784001600,0.324
1784003400,0.105
1784005200,0.105
1784007000,0.075
1784008800,0.059
1784010600,0.068
1784012400,0.061
1784014200,0.06
1784016000,0.062
1784017800,0.062
1784019600,0.063
1784021400,0.241
1784023200,0.226
1784025000,0.16
1784026800,0.311
1784028600,0.48
1784030400,0.126
1784032200,0.084
1784034000,0.136
1784035800,0.109
1784037600,0.11
1784039400,0.113
1784041200,0.112
1784043000,0.098
1784044800,0.1
1784046600,0.096
1784048400,0.098
1784050200,0.493
1784052000,1.019
1784053800,0.639
1784055600,0.409
1784057400,0.448
1784059200,0.144
1784061000,0.363
1784062800,0.412
1784064600,0.476
1784066400,1.049
1784068200,0.929
1784070000,0.328
1784071800,0.497
1784073600,0.923
1784075400,0.49
1784077200,0.751
1784079000,0.306
1784080800,0.188
1784082600,0.181
1784084400,0.156
1784086200,0.124
1784088000,0.106
1784089800,0.09
1784091600,0.104
1784093400,0.328
1784095200,0.858
1784097000,0.206
1784098800,0.143
1784100600,0.167
1784102400,0.2
1784104200,0.129
1784106000,0.234
1784107800,0.118
1784109600,0.111
1784111400,0.11
1784113200,0.13
1784115000,0.118
1784116800,0.21
1784118600,0.187
1784120400,0.134
1784122200,0.133
1784124000,0.132
1784125800,0.154
1784127600,0.535
1784129400,0.162
1784131200,0.154
1784133000,0.125
1784134800,0.117
1784136600,1.134
1784138400,0.864
1784140200,0.302
1784142000,0.141
1784143800,0.142
1784145600,0.184
1784147400,0.223
1784149200,0.2
1784151000,0.181
1784152800,0.186
1784154600,0.181
1784156400,0.176
1784158200,0.179
1784160000,0.267
1784161800,0.366
1784163600,0.23
1784165400,0.219
1784167200,0.172
1784169000,0.169
1784170800,0.166
1784172600,0.167
1784174400,0.138
1784176200,0.11
1784178000,0.128
1784179800,0.113
1784181600,0.321
1784183400,0.55
1784185200,0.14
1784187000,0.095
1784188800,0.2
1784190600,0.095
1784192400,0.153
1784194200,0.247
1784196000,0.098
1784197800,0.252
1784199600,0.228
1784201400,0.154
1784203200,0.071
1784205000,0.322
1784206800,0.775
1784208600,0.612
1784210400,0.104
1784212200,0.174
1784214000,0.108
1784215800,0.224
1784217600,0.567
1784219400,0.563
1784221200,0.135
1784223000,0.271
1784224800,0.108
1784226600,0.108
1784228400,0.102
1784230200,0.1
1784232000,0.118
1784233800,0.155
1784235600,0.15
1784237400,0.164
1784239200,0.158
1784241000,0.149
1784242800,0.153
1784244600,0.146
1784246400,0.184
1784248200,0.452
1784250000,0.879
1784251800,0.192
1784253600,0.18
1784255400,0.18
1784257200,0.178
1784259000,0.178
1784260800,0.155
1784262600,0.137
1784264400,0.154
1784266200,0.15
1784268000,0.099
1784269800,0.078
1784271600,0.143
1784273400,0.127
1784275200,0.069
1784277000,0.06
1784278800,0.065
1784280600,0.126
1784282400,0.063
1784284200,0.194
1784286000,0.233
1784287800,0.079
1784289600,0.106
1784291400,0.104
1784293200,0.108
1784295000,0.147
1784296800,0.115
1784298600,0.115
1784300400,0.115
1784302200,0.115
1784304000,0.131
1784305800,0.12
1784307600,0.115
1784309400,0.114
1784311200,0.114
1784313000,0.115
1784314800,0.115
1784316600,0.113
1784318400,0.174
1784320200,0.174
1784322000,0.178
1784323800,0.173
1784325600,0.169
1784327400,0.17
1784329200,0.167
1784331000,0.308
1784332800,0.22
1784334600,0.181
1784336400,0.181
1784338200,0.18
1784340000,0.18
1784341800,0.181
1784343600,0.18
1784345400,0.178
1784347200,0.152
1784349000,0.144
1784350800,0.125
1784352600,0.121
1784354400,0.121
1784356200,0.121
1784358000,0.105
1784359800,0.103
1784361600,0.102
1784363400,0.118
1784365200,0.11
1784367000,0.103
1784368800,0.164
1784370600,0.802
1784372400,0.181
1784374200,0.107
1784376000,0.172
1784377800,0.118
1784379600,0.125
1784381400,1.144
1784383200,0.705
1784385000,0.147
1784386800,0.135
1784388600,0.133
1784390400,0.148
1784392200,0.147
1784394000,0.109
1784395800,0.077
1784397600,0.076
1784399400,0.077
1784401200,0.078
1784403000,0.076
1784404800,0.099
1784406600,0.116
1784408400,0.136
1784410200,0.158
1784412000,0.194
1784413800,0.195
1784415600,0.228
1784417400,0.16
1784419200,0.151
1784421000,0.147
1784422800,0.144
1784424600,0.147
1784426400,0.148
1784428200,0.147
1784430000,0.143
1784431800,0.145
1784433600,0.076
1784435400,0.054
1784437200,0.071
1784439000,0.067
1784440800,0.055
1784442600,0.054
1784444400,0.095
1784446200,0.029
1784448000,0.021
1784449800,0.048
1784451600,0.102
1784453400,0.376
1784455200,0.028
1784457000,0.027
1784458800,0.04
1784460600,0.029
1784462400,0.029
1784464200,0.021
1784466000,0.022
1784467800,0.364
1784469600,0.535
1784471400,0.089
1784473200,0.099
1784475000,0.1
1784476800,0.098
1784478600,0.097
1784480400,0.093
1784482200,0.106
1784484000,0.309
1784485800,0.111
1784487600,0.11
1784489400,0.109
1784491200,0.131
1784493000,0.148
1784494800,0.146
1784496600,0.234
1784498400,0.189
1784500200,0.169
1784502000,0.18
1784503800,0.198
1784505600,0.128
1784507400,0.093
1784509200,0.093
1784511000,0.093
1784512800,0.094
1784514600,0.094
1784516400,0.094
1784518200,0.094
1784520000,0.07
1784521800,0.055
1784523600,0.07
1784525400,0.065
1784527200,0.053
1784529000,0.052
1784530800,0.055
1784532600,0.054
1784534400,0.052
1784536200,0.067
1784538000,0.089
1784539800,0.065
1784541600,0.065
1784543400,0.062
1784545200,0.063
1784547000,0.066
1784548800,0.062
1784550600,0.388
1784552400,0.132
1784554200,0.513
1784556000,1.46
1784557800,0.696
1784559600,0.329
1784561400,0.19
1784563200,0.142
1784565000,0.134
1784566800,0.127
1784568600,0.129
1784570400,0.129
1784572200,0.104
1784574000,0.058
1784575800,0.058
1784577600,0.071
1784579400,0.101
1784581200,0.1
1784583000,0.112
1784584800,0.104
1784586600,0.1
1784588400,0.099
1784590200,0.099
1784592000,0.098
1784593800,0.129
1784595600,0.151
1784597400,0.152
1784599200,0.152
1784601000,0.152
1784602800,0.151
1784604600,0.152
1784606400,0.137
1784608200,0.115
1784610000,0.094
1784611800,0.065
1784613600,0.057
1784615400,0.057
1784617200,0.139
1784619000,0.086
1784620800,0.071
1784622600,0.058
1784624400,0.054
1784626200,0.072
1784628000,0.291
1784629800,0.083
1784631600,0.089
1784633400,0.203
1784635200,0.11
1784637000,0.1
1784638800,0.12
1784640600,0.104
1784642400,0.106
1784644200,0.69
1784646000,1.161
1784647800,1.177
1784649600,0.91
1784651400,0.215
1784653200,0.218
1784655000,0.117
1784656800,0.107
1784658600,0.107
1784660400,0.678
1784662200,0.119
1784664000,0.189
1784665800,0.151
1784667600,0.153
1784669400,0.221
1784671200,0.163
1784673000,0.228
1784674800,0.171
1784676600,0.156
1784678400,0.158
1784680200,0.24
1784682000,0.165
1784683800,0.156
1784685600,0.155
1784687400,0.153
1784689200,0.153
1784691000,0.151
1784692800,0.095
1784694600,0.054
1784696400,0.07
1784698200,0.068
1784700000,0.056
1784701800,0.053
1784703600,0.053
1784705400,0.058
1784707200,0.059
1784709000,0.062
1784710800,0.06
1784712600,0.077
1784714400,0.077
1784716200,0.228
1784718000,1.185
1784719800,0.816
1784721600,0.576
1784723400,0.15
1784725200,0.896
1784727000,1.569
1784728800,0.409
1784730600,0.627
1784732400,0.251
1784734200,0.133
1784736000,0.115
1784737800,0.247
1784739600,0.387
1784741400,0.114
1784743200,0.115
1784745000,0.491
1784746800,0.28
1784748600,0.325
1784750400,0.821
1784752200,0.712
1784754000,0.154
1784755800,0.167
1784757600,0.18
1784759400,0.18
1784761200,0.165
1784763000,0.164
1784764800,0.162
1784766600,0.145
1784768400,0.129
1784770200,0.134
1784772000,0.221
1784773800,0.138
1784775600,0.136
1784777400,0.134
1784779200,0.127
1784781000,0.098
1784782800,0.114
1784784600,0.113
1784786400,0.117
1784788200,0.092
1784790000,0.087
1784791800,0.087
1784793600,0.146
1784795400,0.145
1784797200,0.134
1784799000,0.124
1784800800,0.128
1784802600,0.261
1784804400,0.344
1784806200,0.154
1784808000,0.309
1784809800,0.137
1784811600,0.118
1784813400,0.115
1784815200,0.452
1784817000,0.168
1784818800,0.138
1784820600,0.135
1784822400,0.135
1784824200,0.133
1784826000,0.141
1784827800,0.182
1784829600,1.311
1784831400,0.187
1784833200,0.141
1784835000,0.136
1784836800,0.144
1784838600,0.177
1784840400,0.18
1784842200,0.271
1784844000,0.195
1784845800,0.181
1784847600,0.167
1784849400,0.226
1784851200,0.469
1784853000,0.226
1784854800,0.213
1784856600,0.159
1784858400,0.157
1784860200,0.157
1784862000,0.156
1784863800,0.156
1784865600,0.122
1784867400,0.12
1784869200,0.215
1784871000,0.141
1784872800,0.124
1784874600,0.121
1784876400,0.122
1784878200,0.12
1784880000,0.116
1784881800,0.12
1784883600,0.124
1784885400,0.942
1784887200,0.895
1784889000,0.195
1784890800,0.12
1784892600,0.115
1784894400,0.572
1784896200,0.116
1784898000,0.116
1784899800,0.115
1784901600,0.116
1784903400,0.115
1784905200,0.115
1784907000,0.116
1784908800,0.131
1784910600,0.125
1784912400,0.116
1784914200,0.12
1784916000,0.303
1784917800,0.12
1784919600,0.134
1784921400,0.126
1784923200,0.149
1784925000,0.164
1784926800,0.157
1784928600,0.174
1784930400,0.167
1784932200,0.165
1784934000,0.163
1784935800,0.161
1784937600,0.184
1784939400,0.239
1784941200,0.159
1784943000,0.157
1784944800,0.155
1784946600,0.155
1784948400,0.135
1784950200,0.123
1784952000,0.102
1784953800,0.084
1784955600,0.172
1784957400,0.105
1784959200,0.09
1784961000,0.084
1784962800,0.091
1784964600,0.091
1784966400,0.164
1784968200,0.26
1784970000,0.11
1784971800,0.136
1784973600,0.129
1784975400,0.123
1784977200,0.124
1784979000,0.122
1784980800,0.119
1784982600,0.118
1784984400,0.37
1784986200,0.137
1784988000,0.194
1784989800,0.223
1784991600,0.635
1784993400,0.169
1784995200,0.146
1784997000,0.122
1784998800,0.28
1785000600,0.422
1785002400,0.13
1785004200,0.12
1785006000,0.157
1785007800,0.18
1785009600,0.155
1785011400,0.173
1785013200,0.342
1785015000,0.272
1785016800,0.167
1785018600,0.267
1785020400,0.154
1785022200,0.155
1785024000,0.154
1785025800,0.159
1785027600,0.16
1785029400,0.159
1785031200,0.158
1785033000,0.157
1785034800,0.157
1785036600,0.155
1785038400,0.155
1785040200,0.14
1785042000,0.117
1785043800,0.118
1785045600,0.116
1785047400,0.171
1785049200,0.203
1785051000,0.131
1785052800,0.114
1785054600,0.115
1785056400,0.13
1785058200,0.119
1785060000,0.248
1785061800,0.16
1785063600,0.135
1785065400,0.123
1785067200,0.117
1785069000,0.115
1785070800,0.116
1785072600,0.113
1785074400,0.104
1785076200,0.084
1785078000,0.084
1785079800,0.083
1785081600,0.084
1785083400,0.083
1785085200,0.084
1785087000,0.083
1785088800,0.084
1785090600,0.084
1785092400,0.09
1785094200,0.373
1785096000,0.185
1785097800,0.174
1785099600,0.17
1785101400,0.167
1785103200,0.159
1785105000,0.16
1785106800,0.159
1785108600,0.162
1785110400,0.167
1785112200,0.162
1785114000,0.161
1785115800,0.16
1785117600,0.159
1785119400,0.154
1785121200,0.137
1785123000,0.138
1785124800,0.126
1785126600,0.099
1785128400,0.099
1785130200,0.098
1785132000,0.098
1785133800,0.099
1785135600,0.105
1785137400,0.174
1785139200,0.28
1785141000,0.124
1785142800,0.107
1785144600,0.101
1785146400,0.12
1785148200,0.102
1785150000,0.097
1785151800,0.151
1785153600,0.363
1785155400,0.135
1785157200,0.536
1785159000,0.385
1785160800,0.273
1785162600,0.197
1785164400,0.108
1785166200,0.654
1785168000,0.759
1785169800,0.191
1785171600,0.129
1785173400,0.201
1785175200,0.111
1785177000,0.112
1785178800,0.11
1785180600,0.12
1785182400,0.149
1785184200,0.152
1785186000,0.147
1785187800,0.153
1785189600,0.171
1785191400,0.157
1785193200,0.139
1785195000,0.11
1785196800,0.11
1785198600,0.113
1785200400,0.857
1785202200,0.577
1785204000,0.158
1785205800,0.146
1785207600,0.118
1785209400,0.116
1785211200,0.107
1785213000,0.078
1785214800,0.127
1785216600,0.689
1785218400,0.409
1785220200,0.173
1785222000,0.135
1785223800,0.066
1785225600,0.059
1785227400,0.054
1785229200,0.073
1785231000,0.075
1785232800,0.116
1785234600,0.111
1785236400,0.115
1785238200,0.424
1785240000,0.266
1785241800,0.147
1785243600,0.096
1785245400,0.097
1785247200,0.158
1785249000,0.141
1785250800,0.207
1785252600,0.119
1785254400,0.135
1785256200,0.132
1785258000,0.11
1785259800,0.108
1785261600,0.34
1785263400,0.52
1785265200,0.159
1785267000,0.169
1785268800,0.294
1785270600,0.246
1785272400,1.386
1785274200,1.672
1785276000,1.737
1785277800,0.615
1785279600,0.785
1785281400,0.312
1785283200,0.203
1785285000,0.209
1785286800,0.255
1785288600,0.185
1785290400,0.189
1785292200,0.185
1785294000,0.184
1785295800,0.182
1785297600,0.279
1785299400,0.229
1785301200,0.129
1785303000,0.151
1785304800,0.091
1785306600,0.121
1785308400,0.111
1785310200,0.154
1785312000,0.179
1785313800,0.143
1785315600,0.125
1785317400,0.121
1785319200,0.124
1785321000,0.125
1785322800,0.126
1785324600,0.242
1785326400,0.135
1785328200,0.142
1785330000,0.14
1785331800,0.135
1785333600,0.13
1785335400,0.131
1785337200,0.129
1785339000,0.128
1785340800,0.13
1785342600,0.189
1785344400,0.148
1785346200,0.254
1785348000,0.132
1785349800,0.138
1785351600,0.139
1785353400,0.146
1785355200,0.364
1785357000,0.204
1785358800,0.203
1785360600,0.229
1785362400,0.221
1785364200,0.377
1785366000,0.213
1785367800,0.212
1785369600,0.208
1785371400,0.206
1785373200,0.202
1785375000,0.201
1785376800,0.201
1785378600,0.209
1785380400,0.205
1785382200,0.196
1785384000,0.186
1785385800,0.158
1785387600,0.18
1785389400,0.173
1785391200,0.179
1785393000,0.166
1785394800,0.128
1785396600,0.213
1785398400,0.127
1785400200,0.138
1785402000,0.152
1785403800,0.231
1785405600,0.15
1785407400,0.149
1785409200,0.155
1785411000,0.557
1785412800,0.584
1785414600,0.162
1785416400,0.191
1785418200,0.43
1785420000,1.201
1785421800,0.943
1785423600,0.86
1785425400,0.574
1785427200,0.306
1785429000,0.678
1785430800,0.48
1785432600,0.307
1785434400,0.237
1785436200,0.658
1785438000,0.475
1785439800,0.254
1785441600,0.827
1785443400,0.45
1785445200,0.312
1785447000,0.197
1785448800,0.339
1785450600,0.258
1785452400,0.222
1785454200,0.214
1785456000,0.21
1785457800,0.21
1785459600,0.21
1785461400,0.212
1785463200,0.212
1785465000,0.215
1785466800,0.222
1785468600,0.217
1785470400,0.222
1785472200,0.158
1785474000,0.129
1785475800,0.126
1785477600,0.127
1785479400,0.123
1785481200,0.951
1785483000,0.888
1785484800,0.144
1785486600,0.122
1785488400,0.262
1785490200,0.425
1785492000,0.379
1785493800,0.267
1785495600,0.256
1785497400,0.907
1785499200,0.599
1785501000,0.267
1785502800,0.153
1785504600,0.162
1785506400,0.163
1785508200,0.304
1785510000,1.197
1785511800,1.237
1785513600,0.694
1785515400,0.127
1785517200,0.121
1785519000,0.121
1785520800,0.192
1785522600,0.202
1785524400,0.118
1785526200,0.196
1785528000,0.197
1785529800,0.218
1785531600,0.204
1785533400,0.201
1785535200,0.164
1785537000,0.181
1785538800,0.195
1785540600,0.181
1785542400,0.121
1785544200,0.122
1785546000,0.121
1785547800,0.119
1785549600,0.117
1785551400,0.115
1785553200,0.12
1785555000,0.115
1785556800,0.104
1785558600,0.07
1785560400,0.154
1785562200,0.087
1785564000,0.077
1785565800,0.08
1785567600,0.058
1785569400,0.059
1785571200,0.059
1785573000,0.067
1785574800,0.059
1785576600,0.197
1785578400,0.226
1785580200,0.053
1785582000,0.07
1785583800,0.056
1785585600,0.053
1785587400,0.053
1785589200,0.054
1785591000,0.053
1785592800,0.054
1785594600,0.053
1785596400,0.054
1785598200,0.054
1785600000,0.054
1785601800,0.154
1785603600,0.078
1785605400,0.122
1785607200,0.054
1785609000,0.053
1785610800,0.057
1785612600,0.053
1785614400,0.089
1785616200,0.101
1785618000,0.1
1785619800,0.098
1785621600,0.095
1785623400,0.092
1785625200,0.097
1785627000,0.1
1785628800,0.094
1785630600,0.27
1785632400,0.596
1785634200,0.067
1785636000,0.064
1785637800,0.064
1785639600,0.063
1785641400,0.064
1785643200,0.064
1785645000,0.027
1785646800,0.041
1785648600,0.03
1785650400,0.026
1785652200,0.024
1785654000,0.024
1785655800,0.022
1785657600,0.024
1785659400,0.024
1785661200,0.031
1785663000,0.022
1785664800,0.027
1785666600,0.03
1785668400,0.125
1785670200,0.063
1785672000,0.059
1785673800,0.078
1785675600,0.086
1785677400,0.127
1785679200,0.11
1785681000,0.101
1785682800,0.107
1785684600,1.012
1785686400,1.041
1785688200,0.296
1785690000,0.101
1785691800,0.099
1785693600,0.102
1785695400,0.104
1785697200,0.172
1785699000,0.205
1785700800,0.203
1785702600,0.163
1785704400,0.188
1785706200,0.23
1785708000,0.186
1785709800,0.246
1785711600,0.447
1785713400,0.219
1785715200,0.191
1785717000,0.188
1785718800,0.188
1785720600,0.187
1785722400,0.186
1785724200,0.185
1785726000,0.184
1785727800,0.183
1785729600,0.182
1785731400,0.098
1785733200,0.088
1785735000,0.141
1785736800,0.227
1785738600,0.072
1785740400,0.074
1785742200,0.074
1785744000,0.074
1785745800,0.164
1785747600,0.074
1785749400,0.256
1785751200,0.072
1785753000,0.072
1785754800,0.101
1785756600,0.118
1785758400,0.511
1785760200,0.431
1785762000,0.2
1785763800,0.376
1785765600,0.143
1785767400,0.135
1785769200,0.129
1785771000,0.126
1785772800,0.125
1785774600,0.126
1785776400,0.128
1785778200,0.136
1785780000,0.129
1785781800,0.215
1785783600,0.13
1785785400,0.208
1785787200,0.203
1785789000,0.239
1785790800,0.587
1785792600,0.841
1785794400,0.214
1785796200,0.204
1785798000,0.204
1785799800,0.198
1785801600,0.194
1785803400,0.195
1785805200,0.206
1785807000,0.197
1785808800,0.196
1785810600,0.196
1785812400,0.204
1785814200,0.202
1785816000,0.199
1785817800,0.16
1785819600,0.18
1785821400,0.155
1785823200,0.152
1785825000,0.142
1785826800,0.13
1785828600,0.206
1785830400,0.136
1785832200,0.118
1785834000,0.118
1785835800,0.392
1785837600,0.418
1785839400,0.279
1785841200,0.494
1785843000,0.149
1785844800,0.133
1785846600,0.129
1785848400,0.138
1785850200,0.138
1785852000,0.409
1785853800,0.196
1785855600,0.188
1785857400,0.153
1785859200,0.161
1785861000,0.167
1785862800,0.435
1785864600,1.22
1785866400,0.293
1785868200,0.435
1785870000,0.288
1785871800,0.704
1785873600,1.47
1785875400,0.36
1785877200,0.245
1785879000,0.225
1785880800,0.34
1785882600,0.191
1785884400,0.184
1785886200,0.19
1785888000,0.143
1785889800,0.133
1785891600,0.132
1785893400,0.131
1785895200,0.13
1785897000,0.129
1785898800,0.129
1785900600,0.13
1785902400,0.793
1785904200,0.243
1785906000,0.077
1785907800,0.077
1785909600,0.111
1785911400,0.229
1785913200,0.233
1785915000,0.218
1785916800,0.422
1785918600,0.123
1785920400,0.183
1785922200,0.582
1785924000,0.355
1785925800,0.118
1785927600,0.127
1785929400,0.118
1785931200,0.117
1785933000,0.117
1785934800,0.117
1785936600,0.116
1785938400,0.117
1785940200,0.117
1785942000,0.116
1785943800,0.117
1785945600,0.127
1785947400,0.129
1785949200,0.204
1785951000,0.325
1785952800,0.12
1785954600,0.498
1785956400,0.117
1785958200,0.122
1785960000,0.165
1785961800,0.165
1785963600,0.162
1785965400,0.165
1785967200,0.16
1785969000,0.16
1785970800,0.156
1785972600,0.153
1785974400,0.154
1785976200,0.153
1785978000,0.129
1785979800,0.122
1785981600,0.122
1785983400,0.122
1785985200,0.122
1785987000,0.121
1785988800,0.122
1785990600,0.079
1785992400,0.078
1785994200,0.078
1785996000,0.093
1785997800,0.077
1785999600,0.075
1786001400,0.075
1786003200,0.074
1786005000,0.074
1786006800,0.092
1786008600,0.108
1786010400,0.147
1786012200,0.363
1786014000,0.159
1786015800,0.465
1786017600,0.945
1786019400,0.439
1786021200,0.243
1786023000,0.133
1786024800,0.112
1786026600,0.257
1786028400,1.819
1786030200,0.827
1786032000,0.205
1786033800,0.133
1786035600,0.113
1786037400,0.184
1786039200,0.14
1786041000,0.171
1786042800,0.116
1786044600,0.136
1786046400,0.161
1786048200,0.16
1786050000,0.676
1786051800,2.038
1786053600,1.378
1786055400,0.821
1786057200,1.045
1786059000,1.609
1786060800,0.35
1786062600,0.152
1786064400,0.153
1786066200,0.154
1786068000,0.154
1786069800,0.162
1786071600,0.15
1786073400,0.126
1786075200,0.121
1786077000,0.085
1786078800,0.1
1786080600,0.128
1786082400,0.12
1786084200,0.181
1786086000,0.79
1786087800,1.055
1786089600,0.107
1786091400,0.106
1786093200,0.107
1786095000,0.106
1786096800,0.107
1786098600,0.106
1786100400,0.237
1786102200,0.149
1786104000,0.116
1786105800,0.207
1786107600,0.219
1786109400,0.125
1786111200,0.18
1786113000,0.11
1786114800,0.106
1786116600,0.102
1786118400,0.096
1786120200,0.097
1786122000,0.336
1786123800,0.075
1786125600,0.282
1786127400,0.123
1786129200,0.721
1786131000,0.316
1786132800,0.981
1786134600,0.662
1786136400,0.763
1786138200,1.3
1786140000,0.515
1786141800,0.431
1786143600,0.192
1786145400,0.19
1786147200,0.188
1786149000,0.185
1786150800,0.185
1786152600,0.185
1786154400,0.184
1786156200,0.183
1786158000,0.184
1786159800,0.183
1786161600,0.183
1786163400,0.15
1786165200,0.236
1786167000,0.127
1786168800,0.075
1786170600,0.066
1786172400,0.109
1786174200,0.175
1786176000,0.129
1786177800,0.21
1786179600,0.156
1786181400,0.142
1786183200,0.129
1786185000,0.136
1786186800,0.137
1786188600,0.131
1786190400,0.239
1786192200,0.132
1786194000,0.124
1786195800,0.718
1786197600,0.121
1786199400,0.12
1786201200,0.122
1786203000,0.117
1786204800,0.117
1786206600,0.303
1786208400,0.128
1786210200,0.126
1786212000,0.122
1786213800,0.209
1786215600,0.156
1786217400,0.626
1786219200,0.759
1786221000,0.187
1786222800,0.175
1786224600,0.186
1786226400,0.169
1786228200,0.168
1786230000,0.156
1786231800,0.168
1786233600,0.236
1786235400,0.168
1786237200,0.546
1786239000,0.19
1786240800,0.175
1786242600,0.194
1786244400,0.18
1786246200,0.167
1786248000,0.163
1786249800,0.131
1786251600,0.107
1786253400,0.149
1786255200,0.054
1786257000,0.023
1786258800,0.023
1786260600,0.022
1786262400,0.023
1786264200,0.023
1786266000,0.105
1786267800,0.048
1786269600,0.046
1786271400,0.13
1786273200,0.111
1786275000,0.105
1786276800,0.092
1786278600,0.966
1786280400,0.513
1786282200,0.143
1786284000,0.131
1786285800,0.126
1786287600,0.117
1786289400,0.121
1786291200,0.13
1786293000,0.152
1786294800,0.127
1786296600,0.126
1786298400,0.129
1786300200,0.298
1786302000,0.136
1786303800,0.16
1786305600,0.18
1786307400,0.183
1786309200,0.189
1786311000,0.209
1786312800,0.322
1786314600,0.233
1786316400,0.188
1786318200,0.186
1786320000,0.157
1786321800,0.152
1786323600,0.144
1786325400,0.145
1786327200,0.144
1786329000,0.144
1786330800,0.144
1786332600,0.175
1786334400,0.183
1786336200,0.154
1786338000,0.198
1786339800,0.174
1786341600,0.228
1786343400,0.261
1786345200,0.88
1786347000,0.148
1786348800,0.141
1786350600,0.115
1786352400,0.087
1786354200,0.07
1786356000,0.056
1786357800,0.056
1786359600,0.056
1786361400,0.51
1786363200,0.177
1786365000,0.177
1786366800,0.185
1786368600,0.11
1786370400,0.444
1786372200,1.078
1786374000,0.166
1786375800,0.131
1786377600,0.125
1786379400,0.213
1786381200,0.214
1786383000,1.4
1786384800,1.487
1786386600,0.317
1786388400,0.43
1786390200,0.267
1786392000,0.267
1786393800,0.222
1786395600,0.317
1786397400,0.583
1786399200,1.036
1786401000,0.596
1786402800,0.204
1786404600,0.203
1786406400,0.204
1786408200,0.184
1786410000,0.167
1786411800,0.18
1786413600,0.179
1786415400,0.179
1786417200,0.175
1786419000,0.169
1786420800,0.169
1786422600,0.139
1786424400,0.132
1786426200,0.159
1786428000,0.13
1786429800,0.13
1786431600,0.131
1786433400,0.172
1786435200,0.235
1786437000,0.153
1786438800,0.301
1786440600,0.506
1786442400,0.15
1786444200,0.125
1786446000,0.335
1786447800,0.929
1786449600,0.749
1786451400,0.265
1786453200,0.536
1786455000,1.006
1786456800,0.633
1786458600,0.404
1786460400,0.142
1786462200,0.142
1786464000,0.166
1786465800,0.893
1786467600,0.628
1786469400,0.441
1786471200,0.512
1786473000,0.592
1786474800,0.432
1786476600,0.733
1786478400,0.746
1786480200,0.28
1786482000,0.24
1786483800,0.239
1786485600,0.278
1786487400,0.218
1786489200,0.183
1786491000,0.151
1786492800,0.171
1786494600,0.172
1786496400,0.186
1786498200,0.183
1786500000,0.171
1786501800,0.171
1786503600,0.18
1786505400,0.175
1786507200,0.169
1786509000,0.15
1786510800,0.13
1786512600,0.175
1786514400,0.161
1786516200,0.361
1786518000,1.217
1786519800,0.272
1786521600,0.955
1786523400,0.834
1786525200,0.141
1786527000,0.132
1786528800,0.123
1786530600,0.121
1786532400,0.209
1786534200,0.149
1786536000,0.301
1786537800,0.123
1786539600,0.123
1786541400,0.125
1786543200,0.147
1786545000,0.151
1786546800,0.149
1786548600,0.148
1786550400,0.361
1786552200,0.545
1786554000,0.33
1786555800,0.365
1786557600,0.195
1786559400,0.207
1786561200,0.161
1786563000,0.188
1786564800,0.272
1786566600,0.213
1786568400,0.168
1786570200,0.143
1786572000,0.141
1786573800,0.138
1786575600,0.138
1786577400,0.141
1786579200,0.142
1786581000,0.192
1786582800,0.262
1786584600,0.186
1786586400,0.185
1786588200,0.186
1786590000,0.192
1786591800,0.191
1786593600,0.189
1786595400,0.162
1786597200,0.143
1786599000,0.174
1786600800,0.138
1786602600,0.185
1786604400,0.184
1786606200,0.181
1786608000,0.126
1786609800,0.122
1786611600,0.128
1786613400,0.184
1786615200,0.131
1786617000,0.126
1786618800,0.131
1786620600,0.128
1786622400,0.125
1786624200,0.233
1786626000,0.581
1786627800,0.147
1786629600,0.122
1786631400,0.122
1786633200,0.131
1786635000,0.304
1786636800,0.148
1786638600,0.13
1786640400,0.137
1786642200,0.165
1786644000,0.58
1786645800,0.15
1786647600,0.131
1786649400,0.313
1786651200,0.495
1786653000,0.278
1786654800,0.203
1786656600,0.179
1786658400,0.207
1786660200,0.275
1786662000,0.196
1786663800,0.196
1786665600,0.203
1786667400,0.204
1786669200,0.202
1786671000,0.202
1786672800,0.2
1786674600,0.2
1786676400,0.198
1786678200,0.199
1786680000,0.198
1786681800,0.179
1786683600,0.166
1786685400,0.163
1786687200,0.153
1786689000,0.153
1786690800,0.26
1786692600,0.163
1786694400,0.285
1786696200,0.16
1786698000,0.154
1786699800,0.147
1786701600,0.15
1786703400,0.772
1786705200,0.592
1786707000,0.342
1786708800,0.352
1786710600,0.394
1786712400,0.716
1786714200,1.15
1786716000,1.013
1786717800,0.942
1786719600,0.683
1786721400,0.353
1786723200,0.176
1786725000,0.092
1786726800,0.108
1786728600,0.344
1786730400,0.17
1786732200,0.069
1786734000,0.11
1786735800,0.134
1786737600,0.138
1786739400,0.133
1786741200,0.119
1786743000,0.117
1786744800,0.129
1786746600,0.212
1786748400,0.151
1786750200,0.75
1786752000,0.607
1786753800,0.346
1786755600,0.896
1786757400,0.187
1786759200,0.152
1786761000,0.136
1786762800,0.114
1786764600,0.111
1786766400,0.111
1786768200,0.106
1786770000,0.088
1786771800,0.075
1786773600,0.069
1786775400,0.06
1786777200,0.078
1786779000,0.578
1786780800,0.381
1786782600,0.284
1786784400,0.505
1786786200,1.318
1786788000,0.393
1786789800,0.741
1786791600,0.238
1786793400,0.155
1786795200,0.069
1786797000,0.063
1786798800,0.563
1786800600,0.443
1786802400,0.07
1786804200,0.064
1786806000,0.063
1786807800,0.064
1786809600,0.082
1786811400,0.079
1786813200,0.066
1786815000,0.063
1786816800,0.064
1786818600,0.063
1786820400,0.071
1786822200,0.102
1786824000,0.101
1786825800,0.102
1786827600,0.103
1786829400,0.119
1786831200,0.122
1786833000,0.137
1786834800,0.249
1786836600,0.13
1786838400,0.103
1786840200,0.1
1786842000,0.101
1786843800,0.099
1786845600,0.099
1786847400,0.099
1786849200,0.099
1786851000,0.098
1786852800,0.099
1786854600,0.091
1786856400,0.077
1786858200,0.071
1786860000,0.059
1786861800,0.06
1786863600,0.06
1786865400,0.06
1786867200,0.06
1786869000,0.059
1786870800,0.06
1786872600,0.059
1786874400,0.306
1786876200,0.563
1786878000,0.599
1786879800,0.184
1786881600,0.068
1786883400,0.069
1786885200,0.409
1786887000,0.494
1786888800,0.764
1786890600,0.185
1786892400,0.094
1786894200,0.104
1786896000,0.095
1786897800,0.134
1786899600,0.067
1786901400,0.064
1786903200,0.065
1786905000,0.065
1786906800,0.1
1786908600,0.103
1786910400,0.103
1786912200,0.102
1786914000,0.116
1786915800,0.117
1786917600,0.117
1786919400,0.107
1786921200,0.107
1786923000,0.106
1786924800,0.104
1786926600,0.103
1786928400,0.103
1786930200,0.102
1786932000,0.102
1786933800,0.102
1786935600,0.102
1786937400,0.101
1786939200,0.099
1786941000,0.087
1786942800,0.118
1786944600,0.133
1786946400,0.082
1786948200,0.065
1786950000,0.063
1786951800,0.063
1786953600,0.062
1786955400,0.061
1786957200,0.06
1786959000,0.061
1786960800,0.062
1786962600,0.059
1786964400,0.058
1786966200,0.059
1786968000,0.071
1786969800,0.093
1786971600,0.098
1786973400,0.115
1786975200,0.08
1786977000,0.141
1786978800,0.118
1786980600,0.041
1786982400,0.067
1786984200,0.098
1786986000,0.178
1786987800,0.453
1786989600,0.554
1786991400,0.238
1786993200,0.079
1786995000,0.083
1786996800,0.085
1786998600,0.193
1787000400,0.234
1787002200,0.107
1787004000,0.101
1787005800,0.11
1787007600,0.115
1787009400,0.113
1787011200,0.114
1787013000,0.113
1787014800,0.112
1787016600,0.114
1787018400,0.113
1787020200,0.112
1787022000,0.113
1787023800,0.113
1787025600,0.113
1787027400,0.058
1787029200,0.049
1787031000,0.05
1787032800,0.056
1787034600,0.069
1787036400,0.052
1787038200,0.127
1787040000,0.086
1787041800,0.086
1787043600,0.12
1787045400,0.058
1787047200,0.073
1787049000,0.089
1787050800,0.089
1787052600,0.089
1787054400,0.086
1787056200,0.086
1787058000,0.172
1787059800,0.196
1787061600,0.081
1787063400,0.107
1787065200,0.168
1787067000,0.071
1787068800,0.083
1787070600,0.067
1787072400,0.069
1787074200,0.073
1787076000,0.088
1787077800,0.098
1787079600,0.106
1787081400,0.095
1787083200,0.1
1787085000,0.076
1787086800,0.128
1787088600,0.103
1787090400,0.118
1787092200,0.119
1787094000,0.112
1787095800,0.112
1787097600,0.113
1787099400,0.111
1787101200,0.112
1787103000,0.111
1787104800,0.111
1787106600,0.11
1787108400,0.111
1787110200,0.11
1787112000,0.109
1787113800,0.11
1787115600,0.084
1787117400,0.065
1787119200,0.044
1787121000,0.038
1787122800,0.042
1787124600,0.068
1787126400,0.276
1787128200,0.077
1787130000,0.082
1787131800,0.076
1787133600,0.078
1787135400,0.075
1787137200,0.071
1787139000,0.085
1787140800,0.063
1787142600,0.053
1787144400,0.083
1787146200,0.079
1787148000,0.071
1787149800,0.097
1787151600,0.077
1787153400,0.078
1787155200,0.078
1787157000,0.071
1787158800,0.106
1787160600,0.045
1787162400,0.047
1787164200,0.084
1787166000,0.067
1787167800,0.274
1787169600,0.162
1787171400,0.079
1787173200,0.073
1787175000,0.073
1787176800,0.07
1787178600,0.071
1787180400,0.089
1787182200,0.101
1787184000,0.178
1787185800,0.147
1787187600,0.143
1787189400,0.14
1787191200,0.141
1787193000,0.087
1787194800,0.08
1787196600,0.09
1787198400,0.114
1787200200,0.112
1787202000,0.124
1787203800,0.11
1787205600,0.065
1787207400,0.068
1787209200,0.021
1787211000,0.076
1787212800,0.105
1787214600,0.064
1787216400,0.075
1787218200,0.058
1787220000,0.04
1787221800,0.053
1787223600,0.076
1787225400,0.161
1787227200,0.093
1787229000,0.086
1787230800,0.078
1787232600,0.073
1787234400,0.106
1787236200,0.094
1787238000,0.04
1787239800,0.04
1787241600,0.105
1787243400,0.071
1787245200,0.057
1787247000,0.039
1787248800,0.047
1787250600,0.124
1787252400,0.081
1787254200,0.117
1787256000,0.026
1787257800,0.035
1787259600,0.064
1787261400,0.702
1787263200,0.088
1787265000,0.038
1787266800,0.056
1787268600,0.069
1787270400,0.064
1787272200,0.037
1787274000,0.04
1787275800,0.071
1787277600,0.066
1787279400,0.036
1787281200,0.031
1787283000,0.065
1787284800,0.072
1787286600,0.036
1787288400,0.032
1787290200,0.06
1787292000,0.063
1787293800,0.036
1787295600,0.026
1787297400,0.053
1787299200,0.058
1787301000,0.102
1787302800,0.027
1787304600,0.025
1787306400,0.091
1787308200,0.127
1787310000,0.038
1787311800,0.062
1787313600,0.046
1787315400,0.085
1787317200,0.077
1787319000,0.054
1787320800,0.081
1787322600,0.059
1787324400,0.138
1787326200,0.078
1787328000,0.072
1787329800,0.039
1787331600,0.073
1787333400,0.141
1787335200,0.076
1787337000,0.047
1787338800,0.046
1787340600,0.064
1787342400,0.072
1787344200,0.044
1787346000,0.08
1787347800,0.045
1787349600,0.053
1787351400,0.027
1787353200,0.021
1787355000,0.039
1787356800,0.053
1787358600,0.027
1787360400,0.02
1787362200,0.041
1787364000,0.053
1787365800,0.029
1787367600,0.02
1787369400,0.039
1787371200,0.053
1787373000,0.03
1787374800,0.03
1787376600,0.054
1787378400,0.079
1787380200,0.075
1787382000,0.042
1787383800,0.141
1787385600,0.074
1787387400,0.055
1787389200,0.036
1787391000,0.025
1787392800,0.025
1787394600,0.057
1787396400,0.056
1787398200,0.025
1787400000,0.025
1787401800,0.043
1787403600,0.057
1787405400,0.031
1787407200,0.025
1787409000,0.04
1787410800,0.057
1787412600,0.036
1787414400,0.039
1787416200,0.055
1787418000,0.072
1787419800,0.044
1787421600,0.025
1787423400,0.036
1787425200,0.055
1787427000,0.044
1787428800,0.02
1787430600,0.02
1787432400,0.061
1787434200,0.061
1787436000,0.028
1787437800,0.021
1787439600,0.034
1787441400,0.053
1787443200,0.032
1787445000,0.031
1787446800,0.031
1787448600,0.053
1787450400,0.041
1787452200,0.02
1787454000,0.021
1787455800,0.052
1787457600,0.044
1787459400,0.02
1787461200,0.02
1787463000,0.052
1787464800,0.05
1787466600,0.02
1787468400,0.021
1787470200,0.054
1787472000,0.086
1787473800,0.037
1787475600,0.212
1787477400,0.406
1787479200,0.146
1787481000,0.064
1787482800,0.032
1787484600,0.056
1787486400,0.111
1787488200,0.069
1787490000,0.036
1787491800,0.056
1787493600,0.061
1787495400,0.05
1787497200,0.041
1787499000,0.072
1787500800,0.068
1787502600,0.048
1787504400,0.043
1787506200,0.074
1787508000,0.338
1787509800,0.164
1787511600,0.114
1787513400,0.145
1787515200,0.28
1787517000,0.382
1787518800,0.148
1787520600,0.138
1787522400,0.152
1787524200,0.136
1787526000,0.123
1787527800,0.134
1787529600,0.105
1787531400,0.096
1787533200,0.077
1787535000,0.064
1787536800,0.078
1787538600,0.662
1787540400,0.457
1787542200,0.066
1787544000,0.062
1787545800,0.083
1787547600,0.056
1787549400,0.055
1787551200,0.024
1787553000,0.023
1787554800,0.106
1787556600,0.35
1787558400,0.317
1787560200,0.061
1787562000,0.082
1787563800,0.289
1787565600,0.326
1787567400,0.021
1787569200,0.021
1787571000,0.044
1787572800,0.053
1787574600,0.033
1787576400,0.021
1787578200,0.028
1787580000,0.054
1787581800,0.056
1787583600,0.059
1787585400,0.055
1787587200,0.079
1787589000,0.094
1787590800,0.037
1787592600,0.187
1787594400,0.169
1787596200,0.071
1787598000,0.076
1787599800,0.061
1787601600,0.061
1787603400,0.093
1787605200,0.091
1787607000,0.078
1787608800,0.059
1787610600,0.059
1787612400,0.091
1787614200,0.092
1787616000,0.076
1787617800,0.059
1787619600,0.059
1787621400,0.088
1787623200,0.091
1787625000,0.076
1787626800,0.059
1787628600,0.059
1787630400,0.089
1787632200,0.091
1787634000,0.049
1787635800,0.02
1787637600,0.021
1787639400,0.034
1787641200,0.101
1787643000,0.048
1787644800,0.021
1787646600,0.02
1787648400,0.037
1787650200,0.052
1787652000,0.043
1787653800,0.02
1787655600,0.02
1787657400,0.043
1787659200,0.053
1787661000,0.036
1787662800,0.02
1787664600,0.02
1787666400,0.054
1787668200,0.052
1787670000,0.029
1787671800,0.021
1787673600,0.024
1787675400,0.372
1787677200,0.069
1787679000,0.06
1787680800,0.06
1787682600,0.052
1787684400,0.05
1787686200,0.06
1787688000,0.063
1787689800,0.095
1787691600,0.092
1787693400,0.098
1787695200,0.095
1787697000,0.059
1787698800,0.059
1787700600,0.06
1787702400,0.094
1787704200,0.093
1787706000,0.092
1787707800,0.077
1787709600,0.059
1787711400,0.059
1787713200,0.077
1787715000,0.096
1787716800,0.095
1787718600,0.074
1787720400,0.048
1787722200,0.021
1787724000,0.042
1787725800,0.054
1787727600,0.053
1787729400,0.032
1787731200,0.02
1787733000,0.021
1787734800,0.044
1787736600,0.053
1787738400,0.041
1787740200,0.021
1787742000,0.028
1787743800,0.071
1787745600,0.074
1787747400,0.09
1787749200,0.188
1787751000,0.61
1787752800,0.16
1787754600,0.066
1787756400,0.114
1787758200,0.066
1787760000,0.022
1787761800,0.062
1787763600,0.06
1787765400,0.062
1787767200,0.053
1787769000,0.038
1787770800,0.128
1787772600,0.296
1787774400,0.437
1787776200,0.094
1787778000,0.083
1787779800,0.111
1787781600,0.065
1787783400,0.043
1787785200,0.029
1787787000,0.043
1787788800,0.063
1787790600,0.061
1787792400,0.042
1787794200,0.03
1787796000,0.038
1787797800,0.062
1787799600,0.061
1787801400,0.06
1787803200,0.027
1787805000,0.026
1787806800,0.039
1787808600,0.064
1787810400,0.091
1787812200,0.076
1787814000,0.156
1787815800,0.13
1787817600,0.084
1787819400,0.152
1787821200,0.477
1787823000,0.319
1787824800,0.055
1787826600,0.032
1787828400,0.06
1787830200,0.059
1787832000,0.044
1787833800,0.049
1787835600,0.045
1787837400,0.066
1787839200,0.065
1787841000,0.056
1787842800,0.03
1787844600,0.029
1787846400,0.059
1787848200,0.276
1787850000,0.164
1787851800,0.058
1787853600,0.046
1787855400,0.056
1787857200,0.057
1787859000,0.054
1787860800,0.025
1787862600,0.022
1787864400,0.041
1787866200,0.054
1787868000,0.064
1787869800,0.076
1787871600,0.037
1787873400,0.034
1787875200,0.043
1787877000,0.068
1787878800,0.065
1787880600,0.065
1787882400,0.032
1787884200,0.039
1787886000,0.061
1787887800,0.056
1787889600,0.052
1787891400,0.028
1787893200,0.02
1787895000,0.02
1787896800,0.054
1787898600,0.052
1787900400,0.051
1787902200,0.021
1787904000,0.027
1787905800,0.049
1787907600,0.083
1787909400,0.061
1787911200,0.043
1787913000,0.154
1787914800,0.897
1787916600,0.14
1787918400,0.093
1787920200,0.065
1787922000,0.044
1787923800,0.628
1787925600,0.148
1787927400,0.803
1787929200,0.621
1787931000,0.04
1787932800,0.112
1787934600,0.201
1787936400,0.064
1787938200,0.054
1787940000,0.053
1787941800,0.072
1787943600,0.093
1787945400,0.037
1787947200,0.033
1787949000,0.252
1787950800,0.523
1787952600,0.539
1787954400,0.563
1787956200,0.136
1787958000,0.168
1787959800,0.129
1787961600,0.118
1787963400,0.112
1787965200,0.111
1787967000,0.089
1787968800,0.077
1787970600,0.084
1787972400,0.112
1787974200,0.11
1787976000,0.107
1787977800,0.082
1787979600,0.049
1787981400,0.045
1787983200,0.07
1787985000,0.069
1787986800,0.068
1787988600,0.121
1787990400,0.448
1787992200,0.323
1787994000,0.515
1787995800,0.516
1787997600,0.489
1787999400,0.307
1788001200,0.122
1788003000,0.103
1788004800,0.091
1788006600,0.034
1788008400,0.023
1788010200,0.057
1788012000,0.056
1788013800,0.053
1788015600,0.529
1788017400,0.527
1788019200,0.101
1788021000,0.541
1788022800,0.961
1788024600,0.088
1788026400,0.096
1788028200,0.049
1788030000,0.091
1788031800,0.51
1788033600,0.281
1788035400,0.062
1788037200,0.059
1788039000,0.073
1788040800,0.156
1788042600,0.242
1788044400,0.144
1788046200,0.134
1788048000,0.095
1788049800,0.119
1788051600,0.118
1788053400,0.109
1788055200,0.086
1788057000,0.087
1788058800,0.11
1788060600,0.119
1788062400,0.118
1788064200,0.09
1788066000,0.061
1788067800,0.056
1788069600,0.081
1788071400,0.08
1788073200,0.072
1788075000,0.047
1788076800,0.052
1788078600,0.08
1788080400,0.085
1788082200,0.079
1788084000,0.051
1788085800,0.047
1788087600,0.042
1788089400,0.087
1788091200,0.073
1788093000,0.059
1788094800,0.047
1788096600,0.033
1788098400,0.051
1788100200,0.153
1788102000,0.074
1788103800,0.085
1788105600,0.122
1788107400,0.139
1788109200,0.053
1788111000,0.053
1788112800,0.05
1788114600,0.043
1788116400,0.059
1788118200,0.242
1788120000,0.138
1788121800,0.101
1788123600,0.105
1788125400,0.097
1788127200,0.13
1788129000,0.087
1788130800,0.163
1788132600,0.103
1788134400,0.095
1788136200,0.071
1788138000,0.06
1788139800,0.061
1788141600,0.072
1788143400,0.07
1788145200,0.053
1788147000,0.039
1788148800,0.038
1788150600,0.062
1788152400,0.07
1788154200,0.068
1788156000,0.047
1788157800,0.038
1788159600,0.044
1788161400,0.073
1788163200,0.074
1788165000,0.067
1788166800,0.142
1788168600,0.36
1788170400,0.332
1788172200,0.068
1788174000,0.061
1788175800,0.291
1788177600,0.519
1788179400,0.545
1788181200,0.302
1788183000,0.104
1788184800,0.244
1788186600,0.479
1788188400,0.057
1788190200,0.183
1788192000,0.051
1788193800,0.022
1788195600,0.268
1788197400,0.31
1788199200,0.442
1788201000,0.179
1788202800,0.099
1788204600,0.094
1788206400,0.119
1788208200,0.106
1788210000,0.129
1788211800,0.076
1788213600,0.027
1788215400,0.035
1788217200,0.058
1788219000,0.057
1788220800,0.047
1788222600,0.026
1788224400,0.026
1788226200,0.047
1788228000,0.14
1788229800,0.113
1788231600,0.379
1788233400,0.488
1788235200,0.168
1788237000,0.073
1788238800,0.078
1788240600,0.078
1788242400,0.052
1788244200,0.051
1788246000,0.055
1788247800,0.073
1788249600,0.078
1788251400,0.083
1788253200,0.691
1788255000,0.643
1788256800,0.518
1788258600,0.533
1788260400,0.755
1788262200,0.154
1788264000,0.029
1788265800,0.041
1788267600,0.174
1788269400,0.104
1788271200,0.023
1788273000,0.472
1788274800,0.188
1788276600,0.186
1788278400,0.065
1788280200,0.021
1788282000,0.021
1788283800,0.034
1788285600,0.062
1788287400,0.061
1788289200,0.026
1788291000,0.023
1788292800,0.031
1788294600,0.055
1788296400,0.054
1788298200,0.061
1788300000,0.067
1788301800,0.115
1788303600,0.151
1788305400,0.1
1788307200,0.071
1788309000,0.066
1788310800,0.071
1788312600,0.1
1788314400,0.187
1788316200,0.132
1788318000,0.43
1788319800,0.528
1788321600,0.284
1788323400,0.339
1788325200,0.408
1788327000,0.51
1788328800,0.114
1788330600,0.066
1788332400,0.04
1788334200,0.04
1788336000,0.055
1788337800,0.072
1788339600,0.072
1788341400,0.049
1788343200,0.169
1788345000,0.074
1788346800,0.391
1788348600,0.481
1788350400,0.485
1788352200,0.068
1788354000,0.073
1788355800,0.18
1788357600,0.028
1788359400,0.024
1788361200,0.031
1788363000,0.16
1788364800,0.067
1788366600,0.082
1788368400,0.032
1788370200,0.039
1788372000,0.066
1788373800,0.138
1788375600,0.049
1788377400,0.034
1788379200,0.036
1788381000,0.064
1788382800,0.063
1788384600,0.042
1788386400,0.031
1788388200,0.029
1788390000,0.09
1788391800,0.063
1788393600,0.248
1788395400,0.199
1788397200,0.088
1788399000,0.449
1788400800,0.111
1788402600,0.117
1788404400,0.052
1788406200,0.053
1788408000,0.08
1788409800,0.088
1788411600,0.077
1788413400,0.052
1788415200,0.053
1788417000,0.103
1788418800,0.14
1788420600,0.16
1788422400,0.094
1788424200,0.094
1788426000,0.091
1788427800,0.066
1788429600,0.059
1788431400,0.059
1788433200,0.11
1788435000,0.333
1788436800,0.397
1788438600,0.389
1788440400,0.072
1788442200,0.129
1788444000,0.042
1788445800,0.044
1788447600,0.067
1788449400,0.068
1788451200,0.119
1788453000,0.13
1788454800,0.325
1788456600,0.14
1788458400,0.09
1788460200,0.072
1788462000,0.05
1788463800,0.069
1788465600,0.085
1788467400,0.084
1788469200,0.093
1788471000,0.081
1788472800,0.149
1788474600,0.121
1788476400,0.08
1788478200,0.053
1788480000,0.081
1788481800,0.081
1788483600,0.073
1788485400,0.067
1788487200,0.074
1788489000,0.082
1788490800,0.084
1788492600,0.057
1788494400,0.243
1788496200,0.143
1788498000,0.069
1788499800,0.07
1788501600,0.075
1788503400,0.082
1788505200,0.168
1788507000,0.3
1788508800,0.337
1788510600,0.096
1788512400,0.087
1788514200,0.07
1788516000,0.068
1788517800,0.267
1788519600,0.075
1788521400,0.071
1788523200,0.082
1788525000,0.089
1788526800,0.139
1788528600,0.528
1788530400,0.439
1788532200,0.607
1788534000,0.076
1788535800,0.199
1788537600,0.157
1788539400,0.575
1788541200,0.789
1788543000,0.378
1788544800,0.309
1788546600,0.094
1788548400,0.095
1788550200,0.13
1788552000,0.169
1788553800,0.109
1788555600,0.106
1788557400,0.145
1788559200,0.102
1788561000,0.103
1788562800,0.1
1788564600,0.1
1788566400,0.068
1788568200,0.068
1788570000,0.069
1788571800,0.294
1788573600,0.528
1788575400,0.524
1788577200,0.225
1788579000,0.085
1788580800,0.108
1788582600,0.107
1788584400,0.098
1788586200,0.073
1788588000,0.069
1788589800,0.068
1788591600,0.136
1788593400,0.095
1788595200,0.778
1788597000,1.25
1788598800,0.824
1788600600,0.548
1788602400,0.581
1788604200,0.596
1788606000,0.272
1788607800,0.517
1788609600,0.184
1788611400,0.061
1788613200,0.059
1788615000,0.124
1788616800,0.057
1788618600,0.053
1788620400,0.099
1788622200,0.058
1788624000,0.054
1788625800,0.062
1788627600,0.06
1788629400,0.521
1788631200,0.629
1788633000,0.878
1788634800,0.353
1788636600,0.148
1788638400,0.112
1788640200,0.088
1788642000,0.129
1788643800,0.099
1788645600,0.328
1788647400,0.362
1788649200,0.612
1788651000,0.62
1788652800,0.615
1788654600,0.612
1788656400,0.598
1788658200,0.598
1788660000,0.597
1788661800,0.136
1788663600,0.077
1788665400,0.258
1788667200,0.295
1788669000,0.062
1788670800,0.047
1788672600,0.046
1788674400,0.254
1788676200,0.213
1788678000,0.536
1788679800,0.389
1788681600,0.047
1788683400,0.224
1788685200,0.185
1788687000,0.76
1788688800,0.949
1788690600,0.359
1788692400,1.149
1788694200,0.574
1788696000,0.985
1788697800,0.404
1788699600,0.998
1788701400,0.769
1788703200,0.218
1788705000,0.078
1788706800,0.12
1788708600,0.065
1788710400,0.51
1788712200,0.211
1788714000,0.139
1788715800,0.104
1788717600,0.079
1788719400,0.479
1788721200,1.103
1788723000,1.432
1788724800,0.708
1788726600,0.693
1788728400,0.512
1788730200,0.13
1788732000,0.123
1788733800,0.133
1788735600,0.179
1788737400,0.143
1788739200,0.118
1788741000,0.117
1788742800,0.117
1788744600,0.117
1788746400,0.115
1788748200,0.117
1788750000,0.116
1788751800,0.116
1788753600,0.116
1788755400,0.116
1788757200,0.32
1788759000,0.641
1788760800,0.784
1788762600,0.845
1788764400,0.084
1788766200,0.523
1788768000,0.515
1788769800,0.534
1788771600,0.528
1788773400,0.121
1788775200,0.075
1788777000,0.279
1788778800,0.261
1788780600,0.66
1788782400,0.09
1788784200,0.06
1788786000,0.046
1788787800,0.027
1788789600,0.024
1788791400,0.054
1788793200,0.055
1788795000,0.053
1788796800,0.443
1788798600,0.768
1788800400,0.868
1788802200,0.088
1788804000,0.1
1788805800,0.181
1788807600,0.134
1788809400,0.118
1788811200,0.116
1788813000,0.114
1788814800,0.116
1788816600,0.204
1788818400,0.181
1788820200,0.542
1788822000,0.643
1788823800,0.564
1788825600,0.569
1788827400,0.288
1788829200,0.119
1788831000,0.12
1788832800,0.144
1788834600,0.146
1788836400,0.114
1788838200,0.232
1788840000,0.124
1788841800,0.119
1788843600,0.116
1788845400,0.141
1788847200,0.111
1788849000,0.471
1788850800,0.062
1788852600,0.051
1788854400,0.079
1788856200,0.335
1788858000,0.535
1788859800,0.53
1788861600,0.526
1788863400,1.12
1788865200,0.375
1788867000,0.107
1788868800,0.189
1788870600,0.107
1788872400,0.1
1788874200,0.092
1788876000,0.271
1788877800,0.892
1788879600,1.113
1788881400,1.221
1788883200,0.584
1788885000,0.368
1788886800,0.031
1788888600,0.047
1788890400,0.228
1788892200,1.223
1788894000,0.659
1788895800,0.361
1788897600,0.219
1788899400,0.167
1788901200,0.559
1788903000,0.558
1788904800,0.566
1788906600,0.558
1788908400,0.444
1788910200,0.09
1788912000,0.089
1788913800,0.09
1788915600,0.088
1788917400,0.271
1788919200,0.088
1788921000,0.518
1788922800,0.548
1788924600,0.549
1788926400,0.557
1788928200,0.559
1788930000,0.834
1788931800,0.821
1788933600,1.056
1788935400,0.823
1788937200,0.483
1788939000,0.492
1788940800,0.509
1788942600,0.527
1788944400,0.439
1788946200,0.09
1788948000,0.157
1788949800,0.052
1788951600,0.052
1788953400,0.052
1788955200,0.266
1788957000,0.286
1788958800,0.066
1788960600,0.115
1788962400,0.107
1788964200,0.106
1788966000,0.601
1788967800,0.618
1788969600,0.574
1788971400,0.43
1788973200,0.071
1788975000,0.067
1788976800,0.064
1788978600,0.111
1788980400,0.385
1788982200,0.442
1788984000,0.615
1788985800,0.628
1788987600,1.032
1788989400,0.736
1788991200,1.006
1788993000,1.057
1788994800,0.932
1788996600,0.921
1788998400,0.479
1789000200,0.485
1789002000,0.485
1789003800,0.482
1789005600,0.457
1789007400,0.803
1789009200,0.765
1789011000,0.521
1789012800,0.526
1789014600,0.517
1789016400,0.5
1789018200,0.562
1789020000,1.076
1789021800,0.868
1789023600,0.664
1789025400,0.523
1789027200,0.194
1789029000,0.057
1789030800,0.054
1789032600,0.053
1789034400,0.053
1789036200,0.154
1789038000,0.051
1789039800,0.124
1789041600,0.094
1789043400,0.368
1789045200,0.469
1789047000,0.135
1789048800,0.159
1789050600,0.251
1789052400,0.538
1789054200,0.325
1789056000,0.267
1789057800,0.57
1789059600,0.836
1789061400,0.451
1789063200,0.154
1789065000,0.224
1789066800,0.567
1789068600,0.152
1789070400,0.215
1789072200,0.808
1789074000,0.667
1789075800,0.363
1789077600,0.213
1789079400,0.105
1789081200,0.87
1789083000,0.431
1789084800,0.166
1789086600,0.17
1789088400,0.557
1789090200,0.171
1789092000,0.104
1789093800,0.103
1789095600,0.243
1789097400,0.606
1789099200,0.613
1789101000,0.606
1789102800,0.601
1789104600,0.145
1789106400,0.04
1789108200,0.066
1789110000,0.121
1789111800,0.086
1789113600,0.076
1789115400,0.064
1789117200,0.284
1789119000,0.154
1789120800,0.557
1789122600,0.541
1789124400,0.541
1789126200,0.249
1789128000,0.06
1789129800,0.049
1789131600,0.082
1789133400,0.043
1789135200,0.121
1789137000,0.079
1789138800,0.24
1789140600,0.643
1789142400,0.63
1789144200,0.303
1789146000,0.055
1789147800,0.03
1789149600,0.047
1789151400,0.421
1789153200,0.437
1789155000,0.158
1789156800,0.132
1789158600,0.389
1789160400,1.021
1789162200,0.666
1789164000,0.545
1789165800,0.144
1789167600,0.154
1789169400,0.123
1789171200,0.114
1789173000,0.142
1789174800,0.0
1789176600,0.0
1789178400,0.0
1789180200,0.0
1789182000,0.0
1789183800,0.0
1789185600,0.0
1789187400,0.0
1789189200,0.0
1789191000,0.0
1789192800,0.0
1789194600,0.0
1789196400,0.0
1789198200,0.0
1789200000,0.0
1789201800,0.0
1789203600,0.0
1789205400,0.0
1789207200,0.0
1789209000,0.0
1789210800,0.0
1789212600,0.0
1789214400,0.0
1789216200,0.0
1789218000,0.0
1789219800,0.0
1789221600,0.0
1789223400,0.0
1789225200,0.0
1789227000,0.0
1789228800,0.0
1789230600,0.0
1789232400,0.0
1789234200,0.0
1789236000,0.0
1789237800,0.0
1789239600,0.0
1789241400,0.0
1789243200,0.0
1789245000,0.0
1789246800,0.0
1789248600,0.0
1789250400,0.0
1789252200,0.0
1789254000,0.0
1789255800,0.0
1789257600,0.0
1789259400,0.0
1789261200,0.0
1789263000,0.0
1789264800,0.0
1789266600,0.0
1789268400,0.0
1789270200,0.0
1789272000,0.0
1789273800,0.0
1789275600,0.0
1789277400,0.0
1789279200,0.0
1789281000,0.0
1789282800,0.0
1789284600,0.0
1789286400,0.0
1789288200,0.0
1789290000,0.0
1789291800,0.0
1789293600,0.0
1789295400,0.0
1789297200,0.0
1789299000,0.0
1789300800,0.0
1789302600,0.0
1789304400,0.0
1789306200,0.0
1789308000,0.0
